Table,Key,Id,Russian (ru)
Credits,credits_3d,616901369859,"3D-модели, анимация, шейдеры, UI, пиксель-арт "
Credits,credits_art,616897175553,Арт и анимация
Credits,credits_artShopSculptures,616901369860,Скульптуры Art Shop
Credits,credits_assets,6221493952512,Материалы
Credits,credits_audioDesign,616901369864,"Звуковой дизайн, композитор, фоли"
Credits,credits_contributors,616897175554,Участники 
Credits,credits_design,616901369861,Дизайн
Credits,credits_desktopExplorer,616859426816,-Desktop Explorer-
Credits,credits_externalAssets,616901369877,Сторонние материалы
Credits,credits_illustration,616901369858,"Иллюстрации, пиксель-арт"
Credits,credits_localizationChinese,616901369870,"Локализация — китайский (упрощённый, традиционный)"
Credits,credits_localizationSpanish,616901369868,Локализация — испанский (Латинская Америка)
Credits,credits_marketing,616901369867,Маркетинг/PR (Recurring Dream)
Credits,credits_playTesters,616901369874,Плейтестеры
Credits,credits_popAgenda,616901369869,popagenda (маркетинговая поддержка)
Credits,credits_pressAnyButton,1149343096832,"Нажмите любую кнопку, чтобы продолжить"
Credits,credits_productionBabies,616901369872,Дети создателей
Credits,credits_productionPets,616901369873,Питомцы создателей
Credits,credits_programming,616901369862,Кодинг
Credits,credits_publishedByOutersloth,616901369856,Издатель — Outersloth
Credits,credits_qaTesters,616901369871,Тестировщики
Credits,credits_recurringDream,616897175552,Разработано студией Recurring Dream
Credits,credits_sound,616901369863,Звук
Credits,credits_specialCommunityMembers,616901369876,Особые участники сообщества
Credits,credits_specialThanks,616901369875,Благодарности
Credits,credits_speedUp,1149217267712,ЛКМ — Перемотка вперёд
Credits,credits_sweatersVocals,616901369865,Вокал The Sweaters.
Credits,credits_text,6221489758208,Текст
Credits,credits_thanksForPlaying,616901369878,Спасибо за игру!
Credits,credits_writing,616901369866,Сценарий
OS_Alerts,,201456084747018240,Уже установлено
OS_Alerts,,201456084751212544,Desktop Explorer уже установлен. Его папку можно найти на рабочем столе.
OS_Alerts,,201456084751212545,Изменения не сохранены
OS_Alerts,,201456084751212546,"В этом файле есть несохранённые изменения. Вы уверены, что хотите закрыть его? Все изменения будут потеряны."
OS_Alerts,,96708851011674112,Доступна новая запись Chronolog для заполнения
OS_Alerts,,96731321487843328,Доступна новая запись Chronolog для заполнения
OS_Alerts,,99083741647855616,Создан файл с путём: {0}
OS_Alerts,,99084306729656320,Создан файл с путём: {0}
OS_Alerts,,99085380140130304,Создан файл с путём: {0}
OS_Alerts,,99374234868899840,Создан файл с путём: {0}
OS_Alerts,AddRommieAlertDescription,88815206677864448,Добавить код друга Roomie
OS_Alerts,AddRommieAlertTitle,88814986040696832,NextRooms
OS_Alerts,CannotChangeScreenSaverDueToMazePuzzleBody,222490104813314048,"Изменение настроек заставки заблокировано текущим процессом: DesktopExplorerPuzzle. Завершите головоломку-пролог, чтобы вернуть контроль над этим меню."
OS_Alerts,CannotChangeScreenSaverDueToMazePuzzleTitle,222490104804925440,Внимание! — Заблокировано приложением DesktopExplorer
OS_Alerts,ChronologDataCorruptionBody,3806912553410561,Не удаётся изменить реестр записей (Ошибка Chronolog: В реестре присутствует как минимум одна повреждённая запись. (Исключение CHR0N0:0xUMZAUSA))
OS_Alerts,ChronologDataCorruptionDescription,3658443700297730,Не удаётся изменить реестр записей (Ошибка Chronolog: В реестре присутствует как минимум одна повреждённая запись. (Исключение CHR0N0:0xUMZAUSA))
OS_Alerts,ChronologEntryCorruptedBody,130855088505741312,Не удаётся открыть файл (Ошибка Chronolog: Файл записи повреждён. Восстановление невозможно. (Исключение CHR0N0: 0xNFMRUHBXARGWC))
OS_Alerts,ChronologRegistryExceptionTitle,3658443700297728,ChronologRegistryException
OS_Alerts,ChronologUserExceptionBody,3806912553410562,Не удаётся изменить реестр записей (Ошибка Chronolog: Не удалось подтвердить намерение текущего пользователя. (Исключение CHR0N0: 0xUYSNURLAE))
OS_Alerts,ChronologUserExceptionDescription,3658443700297731,Не удаётся изменить реестр записей (Ошибка Chronolog: Не удалось подтвердить намерение текущего пользователя. (Исключение CHR0N0: 0xUYSNURLAE))
OS_Alerts,CrashSequence_Hal_1,74384543191130112,ВЫЙТИ СЕЙЧАС
OS_Alerts,CrashSequence_Hal_2,74384556583542784,ТЕБЕ ЗДЕСЬ НЕ МЕСТО
OS_Alerts,CrashSequence_Hal_3,74384563265069056,ТЫ НИКОГДА НЕ ЗАБУДЕШЬ
OS_Alerts,CrashSequence_Hal_4,74384569262923776,ХОЧЕШЬ ЛИ ТЫ ЗАБЫТЬ?
OS_Alerts,CrashSequence_Hal_5,74385332039049216,ЧУВСТВО ВИНЫ ВРЕДИТ ПАМЯТИ
OS_Alerts,DemoLogoutBody,3806912557604877,Не удаётся выполнить запрос пользователя (Ошибка ОС: Открытый исполняемый файл препятствует операции. (Исключение ОС: 0x0N1C3TRY))
OS_Alerts,DemoLogoutTitle,3806912557604876,ОШиБкА
OS_Alerts,DemoSelectUserBody,3806912557604879,Не удаётся получить доступ к пользователю. Ошибка: Несовместимая версия ОС. (OutsideDemoScopeException: 0x70617469656E6365)
OS_Alerts,DemoSelectUserTitle,41017239426392064,ОШИБКА
OS_Alerts,DuplicateExecutableAlertBody,3806912557604881,Дублирование исполняемых файлов не поддерживается.
OS_Alerts,DuplicateFolderAlertBody,3806912557604870,Дублирование папок не поддерживается.
OS_Alerts,EditFileNoPermissionTitle,2963571481763840,Недопустимая операция
OS_Alerts,FadingAlertBody,208510760352997376,"В системе закончилась память. Когда-то её занимало чужое присутствие. Чтобы продолжить, попрощайтесь с ним."
OS_Alerts,FileConversionInvalidBody,3806912536633344,"NextOS не может преобразовать файл в указанное расширение, содержимое файла может стать нечитаемым."
OS_Alerts,FileConversionInvalidDescription,3658443675131904,"NextOS не может преобразовать файл в указанное расширение, содержимое файла может стать нечитаемым."
OS_Alerts,FileCorruptedAlertBody,3806912557604883,"Не удалось открыть файл, содержимое может быть повреждено."
OS_Alerts,FileFlattenerExceptionTitle,3658443700297729,FileFlattenerException
OS_Alerts,FileFlattenerNoAccessBody,3806912557604864,Сжатие отменено: У текущего пользователя нет прав на изменение {0} файл(ов) в текущем выборе.
OS_Alerts,FileFlattenerNoAccessDescription,3669725941850112,Сжатие отменено: У текущего пользователя нет прав на изменение {0} файл(ов) в текущем выборе
OS_Alerts,FileSystemExceptionTitle,3658443696103426,FileSystemException
OS_Alerts,GAdminIncorrectChessboardSolutionAlertBody,162826729678692354,Король сбежал. Попробуйте снова.
OS_Alerts,GAdminIncorrectChessboardSolutionAlertTitle,162826729678692353,Королевский зевок
OS_Alerts,GAdminInvalidChessboardBlackPiecesAlertBody,198639457697521664,Обнаружено недопустимое количество чёрных фигур. Дубликаты удалены.
OS_Alerts,GAdminInvalidChessboardPiecesAlertTitle,198639457680744448,Недопустимое количество шахматных фигур
OS_Alerts,GAdminInvalidChessboardPositionAlertBody,162802690067259393,Обнаружено недопустимое имя файла. Исходное имя шахматной фигуры восстановлено.
OS_Alerts,GAdminInvalidChessboardPositionAlertTitle,162802690067259392,Неверное имя файла
OS_Alerts,GAdminInvalidKingQuantityAlertBody,162802690067259394,Обнаружено недопустимое количество белых королей. Добавленные файлы удалены.
OS_Alerts,GAdminInvalidKnightQuantityAlertBody,162802690067259395,Обнаружено недопустимое количество белых коней на доске. Добавленные файлы удалены.
OS_Alerts,GAdminInvalidPawnQuantityAlertBody,198767153844838400,Обнаружено недопустимое количество белых пешек. Добавленные файлы удалены.
OS_Alerts,GAdminInvalidRookQuantityAlertBody,162802690067259396,Обнаружено недопустимое количество белых ладей на доске. Добавленные файлы удалены.
OS_Alerts,GAdminSolvedChessboardAlertBody,165607979858518016,"Отлично, королю некуда бежать"
OS_Alerts,GAdminSolvedChessboardAlertTitle,165607979854323712,Шах и мат
OS_Alerts,GHalibutCannotRestoreBody,208510760357191682,"У этого файла нет родительской директории. Он существует вне рабочих столов"
OS_Alerts,GHalibutCannotRestoreTitle,208510760357191681,WasteBinRecoveryException
OS_Alerts,GenericAlertTitle,3658443700297733,Внимание
OS_Alerts,GuppyLogOffNotAllowedBody,186382199081132033,Не удаётся выполнить запрос пользователя. (Ошибка ОС: Открытый исполняемый файл DEDAEMON препятствует операции (Исключение ОС: 0xMCPUMULCIQLSS))
OS_Alerts,HalibutHanoiCrashAlertBody,368498958336,Тебе здесь не место
OS_Alerts,HalibutHanoiCrashAlertTitle,81461764096,КРИТИЧЕСКАЯ_ОШиБкА
OS_Alerts,HalibutHanoiCrashFinalAlertBody,388635811840,ВЫЙТИ СЕЙЧАС
OS_Alerts,IncorrectCredentialsBody,104438222510088192,Неверные учётные данные. Имя пользователя или пароль указаны неправильно. Попробуйте ещё раз.
OS_Alerts,IncorrectCredentialsTitle,104438222501699584,NextRoomsException
OS_Alerts,InstallerDEExistingInstallationAlertBody,201458907714936832,Desktop Explorer уже установлен. Его папку можно найти на рабочем столе.
OS_Alerts,InstallerExistingInstallationAlertBody,3806912557604882,{0} уже установлен(о). Найти его можно в разделе «Программы» меню «Пуск».
OS_Alerts,InstallerExistingInstallationAlertTitle,201189470344568832,Уже установлено
OS_Alerts,InvalidAccessCreateCopyBody,3806912553410560,"Создана новая копия файла, так как у текущего пользователя нет прав на изменение оригинала."
OS_Alerts,InvalidAccessCreateCopyDescription,3658443696103425,"Создана новая копия файла, так как у текущего пользователя нет прав на изменение оригинала."
OS_Alerts,InvalidAccessEditBody,3806912557604865,У текущего пользователя нет прав на изменение: {0}.
OS_Alerts,InvalidAccessModifyDescription,3669725941850113,У текущего пользователя нет прав на изменение: {0}.
OS_Alerts,InvalidAccessTitle,3658443696103424,Доступ к файлу
OS_Alerts,InvalidOperationAlertTitle,3806912557604869,Недопустимая операция
OS_Alerts,InvalidSaveLocationAlertBody,214313140873060352,Создание файлов в текущей директории запрещено
OS_Alerts,IsSlowlyAlertBody,208510760340414464,"В системе закончилась память. Когда-то её отягощал стыд. Чтобы продолжить, забудьте его."
OS_Alerts,MaxNumberOfFilesInDirectoryBody,199105486928207872,Каталог достиг максимально допустимого количества файлов.
OS_Alerts,MaxNumberOfFilesInDirectoryTitle,199105486898847744,Превышен лимит файлов в каталоге
OS_Alerts,MultipleFileNoEditPermissionBody,3806912557604868,У текущего пользователя нет прав на изменение {0} файл(ов) в текущем выборе.
OS_Alerts,MultipleFileNoEditPermissionDescription,3669725941850116,У текущего пользователя нет прав на изменение {0}% файл(ов) в текущем выборе
OS_Alerts,NavigationExceptionAlertBody,3806912557604866,"Не удаётся открыть файл, путь = 'X:\Users\...\{0}' (Ошибка ОС: Не найден синтаксис имени файла, каталога или метки тома. (Исключение FILESYS: 0x6E6176657272))"
OS_Alerts,NavigationExceptionAlertDescription,3669725941850114,"Не удаётся открыть файл, путь = 'X:\\Users\\...\\{0}' (Ошибка ОС: Не найден синтаксис имени файла, каталога или метки тома. (Исключение FILESYS: 0xMEVXRBZYOTG))"
OS_Alerts,NavigationExceptionHalibutBody,3806912557604867,"Не удаётся открыть файл, путь = 'X:\\Users\\Halibut\\...\\{0}' (Ошибка DE_Error: Файл вне CAVE не найден. ЗАСТРЯЛО ДО РЕШЕНИЯ ГОЛОВОЛОМКИ. (Исключение PLYBS: YFIHEWXUWXCG))"
OS_Alerts,NavigationExceptionHalibutDescription,3669725941850115,"Не удаётся открыть файл, путь = 'X:\\Users\\Halibut\\...\\{0}' (Ошибка ОС: Не найден синтаксис имени файла, каталога или метки тома. (Исключение FILESYS: 0xMEVXRBZYOTG))"
OS_Alerts,NoArcadeCreditsInInventoryBody,201525247586852864,Не удалось начать игру. Для игры на аркадных автоматах в инвентаре должна быть ИГРОВАЯ КАРТА.
OS_Alerts,NoInternetAlertBody,3806912557604874,Подключение к интернету недоступно.
OS_Alerts,NoInternetAlertTitle,3806912557604873,Ошибка сети
OS_Alerts,OutOfMemoryExceptionAlertBody,3806912557604886,В системе закончилась память. Необходимо закрыть {0} окно(а).
OS_Alerts,OutOfMemoryExceptionAlertTitle,3806912557604885,OutOfMemoryException
OS_Alerts,OutOfMemoryExceptionSysNotificationBody,64189738479353856,"Превышено общее количество окон, очистка памяти от неиспользуемых вкладок."
OS_Alerts,OutsideDemoExceptionBody,3806912553410563,OutsideDemoExceptionBody
OS_Alerts,OutsideDemoExceptionDescription,3658443700297732,Произошла ошибка при попытке открыть программу. (Ошибка ОС: Несовместимая версия ОС. (OutsideDemoScopeException: 0x70617469656E63650A))
OS_Alerts,PasswordResetAlertBody,3806912557604884,Пароль пользователя успешно сброшен.
OS_Alerts,PauseCutsceneBody,216000698808000513,"Чтобы продолжить, нажмите ОК"
OS_Alerts,PauseCutsceneTitle,216000698808000512,ПАУЗА
OS_Alerts,ProjectXDemoAlertBody,3806912557604875,"Не удаётся открыть файл, путь = 'X:/Users/Halibut/Desktop/projectX' (Ошибка ОС: Несовместимая версия ОС. (OutsideDemoScopeException: 0x800734004))"
OS_Alerts,PuzzleDependentFilepathNoRenameBody,199105486928207873,Что-то мешает изменить путь этого файла (Ошибка ОС: Открытый исполняемый файл DEDAEMON препятствует операции (Исключение ОС: 0xVFVCGTTK))
OS_Alerts,RecoverWasteBinBody,208510760357191680,Восстановить значок WasteBin?
OS_Alerts,RecoverWasteBinTitle,208510760352997377,WasteBinRecovery
OS_Alerts,RoomieAlreadyUnlockedBody,201525247586852865,Roomie уже добавлен.
OS_Alerts,SafeModeInitBody,209566141984530434,NextOS перешла в БЕЗОПАСНЫЙ РЕЖИМ из-за проблем со стабильностью. Потенциально нестабильные процессы временно отключены.
OS_Alerts,SafeModeInitTitle,209566141984530433,SafeModeTriggerAlert
OS_Alerts,SecurityQuestion_MaxProfile_Ans1,102892066348982278,Стегозавр
OS_Alerts,SecurityQuestion_MaxProfile_Ans1_2,215821849998647296,Стегозавр
OS_Alerts,SecurityQuestion_MaxProfile_Ans2,102892066348982279,Каскадия
OS_Alerts,SecurityQuestion_MaxProfile_Ans2_2,215821849998647297,Каскадия
OS_Alerts,SecurityQuestion_MaxProfile_Ans3,102892066348982280,Файза
OS_Alerts,SecurityQuestion_MaxProfile_Hint1,102892066348982275,"по-детски, знаю… СМИРИСЬ С ЭТИМ!! ¯\_(ツ)_/¯ B)"
OS_Alerts,SecurityQuestion_MaxProfile_Hint2,102892066348982276,"САМАЯ КРУТАЯ художественная школа на северо-западе, ну естественно"
OS_Alerts,SecurityQuestion_MaxProfile_Hint3,102892066348982277,"да, включая моё второе имя… далеко не так круто, как MAX1MUS!"
OS_Alerts,SecurityQuestion_MaxProfile_IncorrectAnswer,102892066348982282,Неверный ответ!
OS_Alerts,SecurityQuestion_MaxProfile_Q1,102892066348982272,Какой мой любимый динозавр?
OS_Alerts,SecurityQuestion_MaxProfile_Q2,102892066348982273,Что означает ПЕРВАЯ БУКВА названия моей будущей школы? 
OS_Alerts,SecurityQuestion_MaxProfile_Q3,102892066348982274,Как моё ВТОРОЕ имя?
OS_Alerts,SecurityQuestion_MaxProfile_SuccessMessage,102892066348982281,Профиль успешно восстановлен. Пароль больше не требуется.
OS_Alerts,SecurityQuestion_MaxProfile_Title,102892066239930368,Вопросы для восстановления профиля
OS_Alerts,SelectLanguageConfirm,73959506765774848,Английский
OS_Alerts,SelectLanguageDecline,73959542996172800,Испанский
OS_Alerts,SelectLanguageDescription,73959478336782336,"Выберите язык игры, чтобы продолжить"
OS_Alerts,SelectLanguageTitle,73959338679042048,Выберите язык игры
OS_Alerts,ShowcaseDemoInputUsernameBody,41024900024852480,Введите имя пользователя
OS_Alerts,ShowcaseDemoShutdownBody,3806912557604878,"Вы уверены, что хотите завершить работу? Это удалит данные текущей сессии."
OS_Alerts,ShutdownAlertBody,3806912557604872,"Вы уверены, что хотите завершить работу системы?"
OS_Alerts,ShutdownAlertTitle,3806912557604871,Выключение
OS_Alerts,SkippedReadmeFileAlertBody,54410864894140416,"Вы продолжаете, не прочитав README.npg. Desktop Explorer рекомендует сначала ознакомиться с ним. Это сообщение больше не появится."
OS_Alerts,SysNotifFileCreatedBody,99241423373590528,Создан файл с путём: {0}.
OS_Alerts,SysNotifFolderCreatedBody,23957169324941312,Создана папка с путём: {0}
OS_Alerts,SysNotifGAdminAnkhWrite,160918524249759744,Новый файл добавлен в <b>folder:INVENTORY</b> пользователя <b>USER:M4x1mus</b> — <b>blackPawn.img</b>
OS_Alerts,SysNotifGAdminFigureheadWrite,162826729678692352,Новый файл добавлен в <b>folder:INVENTORY</b> пользователя <b>USER:M4x1mus</b> — <b>chessFigurehead.img</b>
OS_Alerts,SysNotifGHalibutFishingLureWrite,208933395968811008,Новый файл добавлен в <b>folder:INVENTORY</b> пользователя <b>USER:M4x1mus</b> — <b>fishingLure.img</b>
OS_Alerts,SysNotifWriteChronologEntryBody,94992533543706624,Доступна новая запись Chronolog для заполнения.
OS_Alerts,SystemNotificationNewFileAdded,109602412539404288,Добавлен новый файл: {0}
OS_Alerts,TemplePodiumPathChosen,173268375868268545,Око Гора запомнило выбранный вами путь
OS_Alerts,TimeSettingsApplyChangesError,194033432449245185,Не удаётся окончательно изменить системные дату и время (Ошибка TimeSettings: Вмешательство в повествовательную темпоральность недопустимо (Исключение T1M3S3T: 0xIWTFSAG))
OS_Alerts,TimeSettingsApplyChangesTitle,194033432449245184,TimeSettings Exception
OS_Alerts,UnsavedChangesBody,200785471489433600,"В этом файле есть несохранённые изменения. Вы уверены, что хотите закрыть его? Все изменения будут потеряны."
OS_Alerts,UnsavedChangesTitle,200785471472656384,Изменения не сохранены
OS_Alerts,WasteBinDeleteFileExceptionBody,3806912557604880,"У текущего пользователя нет прав на удаление: {0}%."""
OS_Alerts,WasteBinDeleteNonPlayerCreatedBody,183517156652081152,"Не удаётся окончательно удалить файл, путь = 'X:\\Users\\...\\{0}' (Ошибка ОС: Не удалось определить наличие у пользователя нужных прав (Исключение FILESYS: 0xVFVCGTTK))"
OS_Alerts,WasteBinEmptyAlertBody,3806912553410564,"Вы уверены, что хотите окончательно удалить объекты из WasteBin?"
OS_Alerts,WasteBinEmptyAlertDescription,3658443700297734,"Вы уверены, что хотите окончательно удалить объекты из WasteBin?"
OS_Alerts,WasteBinEmptySecondAlertBody,3806912553410565,"Вы ДЕЙСТВИТЕЛЬНО уверены? Эти файлы будут недоступны, пока вы не перезапустите файл сохранения."
OS_Alerts,WasteBinEmptySecondAlertDescription,3658443700297735,"Вы ДЕЙСТВИТЕЛЬНО уверены? Эти файлы будут недоступны, пока вы не перезапустите файл сохранения."
OS_Alerts,WasteBinOpenFileAlertBody,3806912553410566,"Файл нельзя открыть, находясь в WasteBin. Восстановить его в исходном расположении?"
OS_Alerts,WasteBinOpenFileAlertDescription,3658443700297736,"Файл нельзя открыть, находясь в WasteBin. Восстановить его в исходном расположении?"
OS_Alerts,WhatIsLeftAlertBody,193319471701549057,"В системе закончилась память. Когда-то её захламляло чувство вины. Чтобы продолжить, отпустите его."
OS_misc_contents,,77882855525441537,"T3 G3T, сертифицированная система OTE.
Copyright (c) 1995, Spiralsoft Electronics Inc."
OS_misc_contents,,77882855525441538,"Процессор Galleon 350, ACPI BIOS Rev 100"
OS_misc_contents,,77882855525441539,Главный процессор: Spiralsoft OB 7000
OS_misc_contents,,77882855525441540,Проверка памяти: 
OS_misc_contents,,77882855525441541,"Частота памяти 200 МГц, двухканальный режим"
OS_misc_contents,,77882855525441542,Обнаружение драйверов . . . /
OS_misc_contents,,77882855525441543,Основной контроллер:
OS_misc_contents,,77882855525441544,ZW100-33
OS_misc_contents,,77882855525441545,Второй контроллер:
OS_misc_contents,,77882855525441546,MIDNIGHT TX-23
OS_misc_contents,,77882855525441547,Основное устройство:
OS_misc_contents,,77882855525441548,MM024-10
OS_misc_contents,,77882855525441549,Второе устройство:
OS_misc_contents,,77882855525441550,RD52323
OS_misc_contents,,77882855525441551,Инициализация экрана входа . . . . . . . . . /
OS_misc_contents,,77882855525441552,"Это тестовая сборка игры, предоставленная только для тестирования и сбора отзывов. Всё содержимое, включая (но не ограничиваясь) визуальные эффекты, звук, игровые механики, элементы интерфейса и повествовательные элементы, находится в разработке и может измениться. Итоговое качество, производительность и функциональность в финальном релизе могут значительно отличаться."
OS_misc_contents,,77882855525441554,Навигация
OS_misc_contents,,77882855525441555,Мистическое приключение по интерфейсу
OS_misc_contents,,77882855525441556,Начать игру
OS_misc_contents,,77882855525441557,Настройки
OS_misc_contents,,77882855525441558,Наш Discord
OS_misc_contents,,77882855525441559,Выход
OS_misc_contents,,77882855525441560,Добавить в список желаемого Steam!
OS_misc_contents,,77882855525441561,ENTER = Выбрать
OS_misc_contents,,77882855525441562,- Демоверсия - 
OS_misc_contents,,77882855525441563,НАЙДЕН ФАЙЛ СОХРАНЕНИЯ
OS_misc_contents,,77882855525441564,ПРОДОЛЖИТЬ ИГРУ
OS_misc_contents,,77882855525441565,НАЧАТЬ ЗАНОВО
OS_misc_contents,,77882855525441566,ОТМЕНА
OS_misc_contents,,77882855525441567,- Меню настроек NEXT OS -
OS_misc_contents,,77882855525441568,Назад
OS_misc_contents,,77882855525441569,Применить
OS_misc_contents,,77882855525441570,Настроить
OS_misc_contents,,77882855525441571,Навигация
OS_misc_contents,,77882855525441572,Разрешение
OS_misc_contents,,77882855525441573,Полный экран
OS_misc_contents,,77882855525441574,Режим CRT
OS_misc_contents,,77882855525441575,-Хроматическая аберрация
OS_misc_contents,,77882855525441576,-Интенсивность сканлайнов
OS_misc_contents,,77882855525441577,ВЫКЛ
OS_misc_contents,,77882855525441578,НИЗКАЯ
OS_misc_contents,,77882855525441579,СРЕДНЯЯ
OS_misc_contents,,77882855525441580,ВЫСОКАЯ
OS_misc_contents,About_ProductKeyLabel,101448504050704384,Серийный ключ:
OS_misc_contents,About_VersionLabel,101448504042315776,Версия:
OS_misc_contents,Adm_Tower_Title,112125597210107904,БАШНЯ
OS_misc_contents,BIOS_AdvCRT_FilmGrain,100775841934336005,Зернистость
OS_misc_contents,BIOS_AdvCRT_Header,100775841934336001,Расширенный CRT
OS_misc_contents,BIOS_AdvCRT_RGBBlur,100775841934336004,Размытие RGB
OS_misc_contents,BIOS_AdvCRT_Scanlines,100775841934336002,Сканлайны
OS_misc_contents,BIOS_AdvCRT_ScreenCurve,100775841934336003,Изгиб экрана
OS_misc_contents,BIOS_Audio_Ambience,100768195114164226,Окружение
OS_misc_contents,BIOS_Audio_Header,100738524158877702,Звук
OS_misc_contents,BIOS_Audio_Master,100768195109969920,Общая громкость
OS_misc_contents,BIOS_Audio_Music,100768195114164224,Музыка
OS_misc_contents,BIOS_Audio_SFX,100768195114164225,Звук. эффекты
OS_misc_contents,BIOS_Display_AdvancedButtonTitle,100738524158877701,Дополнительно
OS_misc_contents,BIOS_Display_Anti-aliasing,100775841934336000,Сглаживание
OS_misc_contents,BIOS_Display_Borderless,101081502257766400,Без рамки
OS_misc_contents,BIOS_Display_CRTFilterTitle,100738524158877700,Фильтр CRT
OS_misc_contents,BIOS_Display_DisplayModeTitle,100738524158877698,Режим экрана
OS_misc_contents,BIOS_Display_Fullscreen,101081502228406272,Полный экран
OS_misc_contents,BIOS_Display_Header,100738524158877697,Экран
OS_misc_contents,BIOS_Display_ResolutionTitle,100738524158877699,Разрешение
OS_misc_contents,BIOS_Display_Windowed,101081502257766401,Оконный
OS_misc_contents,BIOS_General_Credits,100768195114164228,Титры
OS_misc_contents,BIOS_General_Header,100738524158877703,Общие
OS_misc_contents,BIOS_General_Language,100768195114164227,Язык
OS_misc_contents,BIOS_Header_DefaultButton,100776067629834240,Настройки по умолчанию
OS_misc_contents,BIOS_MenuHeader,100777579437350912,- Меню настроек NEXT OS - 
OS_misc_contents,BIOS_Setting_Off,101130946621726720,Выкл
OS_misc_contents,BIOS_Setting_On,101421595220762624,Вкл
OS_misc_contents,BootUp_Sqnc_Disclaimer_1,78037984601956368,"Это тестовая сборка игры, предоставленная только для тестирования и сбора отзывов. Всё содержимое, включая (но не ограничиваясь) визуальные эффекты, звук, игровые механики, элементы интерфейса и повествовательные элементы, находится в разработке и может измениться. Итоговое качество, производительность и функциональность в финальном релизе могут значительно отличаться."
OS_misc_contents,BootUp_Sqnc_InitalizeOverride_Guppy,98405417002983424,"Добро пожаловать, Guppy . . . . . . {0}"
OS_misc_contents,BootUp_Sqnc_Label_1,78037984601956353,"T3 G3T, сертифицированная система OTE.
Copyright (c) 1995, Spiralsoft Electronics Inc."
OS_misc_contents,BootUp_Sqnc_Label_10,78037984601956362,MIDNIGHT TX-23
OS_misc_contents,BootUp_Sqnc_Label_11,78037984601956363,Основное устройство:
OS_misc_contents,BootUp_Sqnc_Label_12,78037984601956364,MM024-10
OS_misc_contents,BootUp_Sqnc_Label_13,78037984601956365,Второе устройство:
OS_misc_contents,BootUp_Sqnc_Label_14,78037984601956366,RD52323
OS_misc_contents,BootUp_Sqnc_Label_15,78037984601956367,Инициализация {0} . . . . . . . . . {1}
OS_misc_contents,BootUp_Sqnc_Label_2,78037984601956354,"Процессор Galleon 350, ACPI BIOS Rev 100"
OS_misc_contents,BootUp_Sqnc_Label_3,78037984601956355,Главный процессор: Spiralsoft OB 7000
OS_misc_contents,BootUp_Sqnc_Label_4,78037984601956356,Проверка памяти: {0}
OS_misc_contents,BootUp_Sqnc_Label_5,78037984601956357,"Частота памяти 200 МГц, двухканальный режим"
OS_misc_contents,BootUp_Sqnc_Label_6,78037984601956358,Обнаружение драйверов . . . {0}
OS_misc_contents,BootUp_Sqnc_Label_7,78037984601956359,Основной контроллер:
OS_misc_contents,BootUp_Sqnc_Label_8,78037984601956360,ZW100-33
OS_misc_contents,BootUp_Sqnc_Label_9,78037984601956361,Дополнительный контроллер:
OS_misc_contents,BootUp_Sqnc_Login_Screen,85897608868913152,Экран входа
OS_misc_contents,BootUp_Sqnc_Safe_Mode,85897608877301760,БЕЗОПАСНЫЙ РЕЖИМ
OS_misc_contents,Chrono_WriteEntry,2154513468219392,Сделать запись
OS_misc_contents,Chronolog_About_Text,5761032113872899,«Не дай своим воспоминаниям ускользнуть... Занеси их в Chronolog и сохрани навсегда!»
OS_misc_contents,ColorlensInstaller_Hal_1,515453739013,Установка Colorlens
OS_misc_contents,ColorlensInstaller_Hal_2,515453739014,Поиск цветовых индексов...
OS_misc_contents,ColorlensInstaller_Hal_3,515453739015,Настройка призматики...
OS_misc_contents,ColorlensInstaller_Hal_4,515453739016,Распаковка фильтров...
OS_misc_contents,ColorlensInstaller_Hal_5,515453739017,Декодирование текстур...
OS_misc_contents,ColorlensInstaller_Hal_6,515453739018,Очистка разрешения изображений...
OS_misc_contents,Colorlens_About_Text,5761032113872900,«Твоя операционная система ещё никогда не выглядела так хорошо»
OS_misc_contents,CopperBoxInstaller_1,108027872415834112,Установка CopperBox
OS_misc_contents,CopperBoxInstaller_2,108027872424222720,Поиск индексов памяти...
OS_misc_contents,CopperBoxInstaller_3,108027872424222721,Инициализация графического компилятора...
OS_misc_contents,CopperBoxInstaller_4,108027872424222722,Распаковка текстур...
OS_misc_contents,CopperBoxInstaller_5,108027872424222723,Настройка таблиц рекордов...
OS_misc_contents,CopperBoxInstaller_6,108027872424222724,Настройка хитбоксов...
OS_misc_contents,CorkboardCreepy_alert_body,114532749975478273,ТЫ НЕ СМОЖЕШЬ ВЕЧНО ОТРИЦАТЬ ПРАВДУ
OS_misc_contents,CorkboardCreepy_alert_title,114532749975478272,ТУПИК
OS_misc_contents,CrashSequence_Hal_1,515453739024,ВЫЙТИ СЕЙЧАС
OS_misc_contents,CrashSequence_Hal_2,515453739025,ТЕБЕ ЗДЕСЬ НЕ МЕСТО
OS_misc_contents,CrashSequence_Hal_3,515453739026,ТЫ НИКОГДА НЕ ЗАБУДЕШЬ
OS_misc_contents,CrashSequence_Hal_4,515453739027,ХОЧЕШЬ ЛИ ТЫ ЗАБЫТЬ?
OS_misc_contents,CrashSequence_Hal_5,515453739028,ЧУВСТВО ВИНЫ ВРЕДИТ ПАМЯТИ
OS_misc_contents,DEInstaller_Admin_3,117877846599262210,Проверка личности...
OS_misc_contents,DEInstaller_Admin_5,117877846599262211,Расшифровка мотивов...
OS_misc_contents,DEInstaller_Admin_6,117877846599262212,Настройка приговора...
OS_misc_contents,DEInstaller_Hal_1,515428573184,Установка Desktop Explorer
OS_misc_contents,DEInstaller_Hal_2,515453739008,Поиск индексов памяти...
OS_misc_contents,DEInstaller_Hal_3,515453739009,Инициализация системных подсказок...
OS_misc_contents,DEInstaller_Hal_4,515453739010,Распаковка сценариев...
OS_misc_contents,DEInstaller_Hal_5,515453739011,Декодирование изображений...
OS_misc_contents,DEInstaller_Hal_6,515453739012,Настройка иерархии файлов...
OS_misc_contents,DEInstaller_Marketing_Demo_1,17418858888421376,Установка демо
OS_misc_contents,DEInstaller_Marketing_Demo_2,17418858901004288,Демо уже доступно!
OS_misc_contents,DEInstaller_Max_4,117877846599262208,Построение карты коридоров...
OS_misc_contents,DEInstaller_Max_6,117877846599262209,Раскладывание улик...
OS_misc_contents,HAL_PuzzleT2_Password2,104120708584431618,шестьдесят-семь
OS_misc_contents,HAL_PuzzleT2_Password3,104120708584431619,шестьдесятсемь
OS_misc_contents,HAL_PuzzleT2_Password4,104120708584431620,шестьдесят семь
OS_misc_contents,HAL_PuzzleT2_Password5,104120708588625920,шесть-семь
OS_misc_contents,HAL_PuzzleT2_Password6,104120708588625921,шестьсемь
OS_misc_contents,HAL_PuzzleT2_Password7,104120708588625922,шесть семь
OS_misc_contents,Halibut_A2_CorrectPhrase,106992481529225217,БЕЗ ТЕБЯ МЫ НЕ ЕДИНЫ
OS_misc_contents,MAZE_PointerText_AfterGlitch,95281148689637379,"<shake a=0.02 f=0.5>Чтобы разорвать этот круг, нужно пережить много боли и найти в себе смелость.</shake>"
OS_misc_contents,MAZE_PointerText_FirstLaps,95281148689637376,"Иногда кажется, что жизнь <shake a=0.02 f=0.5>идёт по кругу.</shake>"
OS_misc_contents,MAZE_PointerText_LastLaps,95281148689637378,Ты <shake a=0.02 f=0.5>контролируешь</shake> свой путь. Используй <glow>WASD</glow> для движения.
OS_misc_contents,MAZE_PointerText_LaterLaps,95281148689637377,"<incr>Одного шага</incr> достаточно, чтобы разорвать круг."
OS_misc_contents,NextOS_Copyright_Text_1,5761032105484288,Copyright © 1995-1998 Spiralsoft Corp.
OS_misc_contents,NextOS_Copyright_Text_2,5761032113872897,Это программное обеспечение создано компанией Spiralsoft (c)
OS_misc_contents,Notepage_About_Text,5761032113872904,"«Оставь ручку и бумагу в прошлом. Храни все свои заметки в цифровом мире»"
OS_misc_contents,OS_AdminPSOD_ErrorMessage,82748122252435459,"Произошло фатальное исключение 0M:(03)
Восстановление данных до неожиданной ошибки . . .

*        Процесс DSKTPXPLR препятствует завершению работы
*        Пути назад больше нет"
OS_misc_contents,OS_AdminPSOD_Title,82748122252435458,<nExt Os Boot sYS>
OS_misc_contents,OS_AdminPSOD_countdownDescription,82748122252435460,"Я знаю, что <color=orange>ТЫ</color> <color=orange>ДЕЛАЕШЬ</color>"
OS_misc_contents,OS_Colorlens_Filter,75355315447521305,Фильтр
OS_misc_contents,OS_Colorlens_Filter_About,75355315447521310,О Colorlens
OS_misc_contents,OS_Colorlens_Filter_Blue,75355315447521307,Синий
OS_misc_contents,OS_Colorlens_Filter_None,75355315447521309,Нет
OS_misc_contents,OS_Colorlens_Filter_Red,75355315447521306,Красный
OS_misc_contents,OS_Colorlens_Filter_Yellow,75355315447521308,Жёлтый
OS_misc_contents,OS_ContextMenu_Compress,83814936189329415,Сжать с помощью FileFlattener
OS_misc_contents,OS_ContextMenu_Delete,83814936189329411,Удалить
OS_misc_contents,OS_ContextMenu_Duplicate,83814936189329410,Дублировать
OS_misc_contents,OS_ContextMenu_Extract,83814936189329414,Извлечь с помощью FileFlattener
OS_misc_contents,OS_ContextMenu_Properties,83814936189329413,Свойства
OS_misc_contents,OS_ContextMenu_Rename,83814936189329409,Переименовать
OS_misc_contents,OS_ContextMenu_Restore,83814936189329412,Восстановить
OS_misc_contents,OS_ContextMenu_RestoreOriginal,96424206609145856,Восстановить файл в исходном состоянии
OS_misc_contents,OS_Core_Apply,75355315447521288,Задать
OS_misc_contents,OS_Core_Back,75355315443326989,Назад
OS_misc_contents,OS_Core_Cancel,75355315443326983,Отмена
OS_misc_contents,OS_Core_Copy,75355315447521283,Копировать
OS_misc_contents,OS_Core_Delete,75355315447521285,Удалить
OS_misc_contents,OS_Core_Edit,75355315443326986,Правка
OS_misc_contents,OS_Core_File,75355315443326977,Файл
OS_misc_contents,OS_Core_Format,75355315447521280,Формат
OS_misc_contents,OS_Core_Forward,75355315443326990,Вперёд
OS_misc_contents,OS_Core_Go,75355315443326988,Идти
OS_misc_contents,OS_Core_Help,75355315443326979,Помощь
OS_misc_contents,OS_Core_New,75355315443326992,Создать
OS_misc_contents,OS_Core_Ok,75355315447521289,OK
OS_misc_contents,OS_Core_Open,75355315443326993,Открыть
OS_misc_contents,OS_Core_Paste,75355315447521284,Вставить
OS_misc_contents,OS_Core_Properties,75355315443326984,Свойства
OS_misc_contents,OS_Core_Redo,75355315447521282,Повторить
OS_misc_contents,OS_Core_Save,75355315443326980,Сохранить
OS_misc_contents,OS_Core_Save_As,75355315443326981,Сохранить как...
OS_misc_contents,OS_Core_SelectAll,75355315443326987,Выделить всё
OS_misc_contents,OS_Core_Sort_By,75355315443326978,Сортировка
OS_misc_contents,OS_Core_Start,83294487248363520,Пуск
OS_misc_contents,OS_Core_Submit,75355315443326982,Отправить
OS_misc_contents,OS_Core_Undo,75355315447521281,Отменить
OS_misc_contents,OS_Core_Up,75355315443326991,Вверх
OS_misc_contents,OS_Core_View,75355315443326985,Вид
OS_misc_contents,OS_Core_ZoomIn,75355315447521286,Увеличить
OS_misc_contents,OS_Core_ZoomOut,75355315447521287,Уменьшить
OS_misc_contents,OS_Cronolog_About,75355315447521303,О программе Chronolog
OS_misc_contents,OS_Cronolog_Delete_Entry,75355315447521299,Удалить запись
OS_misc_contents,OS_Cronolog_Emmet,89094151524573185,Дневник Emmett
OS_misc_contents,OS_Cronolog_Guppy,89094151524573188,Дневник Guppy
OS_misc_contents,OS_Cronolog_Halibut,89094151524573184,Дневник Halibut
OS_misc_contents,OS_Cronolog_Import_Entries,75355315447521300,Импорт записей
OS_misc_contents,OS_Cronolog_Max,89094151524573186,Дневник Max
OS_misc_contents,OS_Cronolog_MissingEntry,89094151524573189,Запись не найдена
OS_misc_contents,OS_Cronolog_New_Entry,75355315447521298,Создать запись + 
OS_misc_contents,OS_Cronolog_Sort_Newest_To_Oldest,75355315447521302,Сначала новые
OS_misc_contents,OS_Cronolog_Sort_Oldest_To_Newest,75355315447521301,Сначала старые
OS_misc_contents,OS_Cronolog_Sort_Unlocked_Newest_To_Oldest,100705494887292928,"По дате разблокировки, от новых к старым"
OS_misc_contents,OS_Cronolog_Sort_Unlocked_Oldest_To_Newest,100705494899875840,"По дате разблокировки, от старых к новым"
OS_misc_contents,OS_Cronolog_Untitled,89094151524573187,Дневник без названия
OS_misc_contents,OS_FileDialog_FileName,75355315447521295,Имя файла
OS_misc_contents,OS_FileDialog_Look_In,75355315447521294,Папка
OS_misc_contents,OS_FileDialog_OpenFile,87072534124552192,Открыть файл
OS_misc_contents,OS_FileExplorer_Delete_File,75355315447521313,Удалить файл
OS_misc_contents,OS_FileExplorer_HiddenFiles,75355315447521322,Скрытые файлы
OS_misc_contents,OS_FileExplorer_Invert_Selection,75355315447521315,Инвертировать выделение
OS_misc_contents,OS_FileExplorer_ItemCount,83296929851629568,{0} объект(ов)
OS_misc_contents,OS_FileExplorer_New_WIndow,75355315447521312,Новое окно
OS_misc_contents,OS_FileExplorer_Rename_File,75355315447521314,Переименовать файл
OS_misc_contents,OS_FileExplorer_SortByDate,75355315447521320,По дате
OS_misc_contents,OS_FileExplorer_SortByName,75355315447521318,По имени
OS_misc_contents,OS_FileExplorer_SortBySize,75355315447521319,По размеру
OS_misc_contents,OS_FileExplorer_SortByType,75355315447521321,По типу
OS_misc_contents,OS_FileExplorer_To_Documents,75355315447521316,В Документы
OS_misc_contents,OS_FileExplorer_Toolbar,75355315447521317,Панель инструментов
OS_misc_contents,OS_GuppyPSOD_Body,115630830083104769,"Произошло фатальное исключение 0M по адресу 52514215:21421544 в PLYBS:(03)
Восстановление данных профиля до переполнения памяти . . .

*        Текущая сессия будет завершена.
*        Система не может перезапуститься из-за состояния профиля."
OS_misc_contents,OS_GuppyPSOD_SystemRestore,115630830083104768,Перезагрузка системы в безопасном режиме...
OS_misc_contents,OS_HalibutPSOD_Body,89094151528767491,"Произошло фатальное исключение 0M по адресу 3513153321:132423 в PLYBS:(03)
Восстановление данных до неожиданной ошибки . . .

*        Текущая сессия будет завершена.
*        Перезапуск системы вернёт на экран входа."
OS_misc_contents,OS_HalibutPSOD_Countdown,89094151528767492,Попытка восстановить предыдущую сессию ({0})
OS_misc_contents,OS_HalibutPSOD_PressKey,89094151532961793,<color=#F9A31B>ЛЮБАЯ КЛАВИША</color> — перезапуск
OS_misc_contents,OS_HalibutPSOD_Title,89094151532961792,<NEXT OS BOOT SYS>
OS_misc_contents,OS_InputDialog_EmptyUsernameValidation,75355315447521328,Имя пользователя должно содержать не менее (1) символа
OS_misc_contents,OS_InputDialog_IncorrectNameConvention,106356037295005696,"Поддерживаются только a-Z, 0-9 и основные спецсимволы"
OS_misc_contents,OS_InputDialog_Numpad,75355315447521330,Введите PIN-код
OS_misc_contents,OS_InputDialog_PasswordBody,75355315447521325,Введите пароль этого файла
OS_misc_contents,OS_InputDialog_PasswordValidation,75355315447521326,Неверный пароль
OS_misc_contents,OS_InputDialog_RenameBody,75355315447521324,Введите новое имя этого файла
OS_misc_contents,OS_InputDialog_RenameInvalidExtension,75355315447521329,"Пожалуйста, используйте корректное расширение файла (.npg, .stp и т. д.)"
OS_misc_contents,OS_InputDialog_RenameMissingExtensionValidation,75355315447521327,"Пожалуйста, укажите расширение в имени файла"
OS_misc_contents,OS_Login_Alert,89094151528767488,"<color=""red>!</color> Внимание <color=""red>!</color>"
OS_misc_contents,OS_Login_IncorrectPassword,85912778722762757,Неверный пароль!
OS_misc_contents,OS_Login_LogIn,85912778722762755,Войти
OS_misc_contents,OS_Login_Password,85912778722762756,Введите пароль
OS_misc_contents,OS_Login_RecoverPassword,89094151528767489,Восстановить пароль
OS_misc_contents,OS_Login_ReturnToTitle,85912778722762752,В главное меню
OS_misc_contents,OS_Login_Subtitle,85912778722762754,"Чтобы начать, выберите своё имя пользователя:"
OS_misc_contents,OS_Login_Title,85912778722762753,Добро пожаловать в NEXT OS!
OS_misc_contents,OS_NextAmp_NowPlaying,83808538143481858,Сейчас играет — 
OS_misc_contents,OS_NextAmp_TrackPaused,83808538143481859,Трек на паузе
OS_misc_contents,OS_NextAmp_WaitingForTrack,83808538143481857,Ожидание трека
OS_misc_contents,OS_NextRooms_DuplicatedRoomie,98951586066194432,Roomie уже добавлен.
OS_misc_contents,OS_NextRooms_RoomieValidation,98951586053611520,Неверный код Roomie.
OS_misc_contents,OS_Notepage_About,75355315447521332,О программе Notepage
OS_misc_contents,OS_Notepage_Cut,75355315447521335,Вырезать
OS_misc_contents,OS_Notepage_Font,75355315447521334,Шрифт...
OS_misc_contents,OS_Notepage_WordWrap,75355315447521333,Перенос слов
OS_misc_contents,OS_Properties_Author,75355315447521340,Автор:
OS_misc_contents,OS_Properties_CreationDate,75355315447521341,Дата создания:
OS_misc_contents,OS_Properties_GotIt,75355315447521342,Понятно
OS_misc_contents,OS_Properties_Location,75355315447521338,Расположение:
OS_misc_contents,OS_Properties_Size,75355315447521339,Размер:
OS_misc_contents,OS_Properties_Type,75355315447521337,Тип:
OS_misc_contents,OS_Settings_AmbientNoise,75355315447521358,Фоновый шум
OS_misc_contents,OS_Settings_Appearance,75355315447521349,Оформление
OS_misc_contents,OS_Settings_CRTFilter,75355315447521355,Фильтр CRT
OS_misc_contents,OS_Settings_ChromaticAberration,75355315447521356,Хроматическая аберрация
OS_misc_contents,OS_Settings_DesktopTheme,75355315447521351,Тема рабочего стола
OS_misc_contents,OS_Settings_FullScreenMode,75355315447521354,Полноэкранный режим
OS_misc_contents,OS_Settings_General,75355315447521347,Общие
OS_misc_contents,OS_Settings_Preview,75355315447521359,Предпросмотр
OS_misc_contents,OS_Settings_ScanlineStrength,75355315447521357,Интенсивность сканлайнов
OS_misc_contents,OS_Settings_ScreenResolution,75355315447521353,Разрешение экрана
OS_misc_contents,OS_Settings_ScreenSaver,75355315447521348,Заставка
OS_misc_contents,OS_Settings_SystemPreferences,75355315447521350,Параметры системы
OS_misc_contents,OS_Settings_WaitTime,75355315447521360,Ожидание
OS_misc_contents,OS_Settings_Wallpaper,75355315447521352,Обои
OS_misc_contents,OS_Sketchy_About,75355315447521344,О программе Sketchy
OS_misc_contents,OS_Sketchy_ClearAll,75355315447521345,Очистить всё
OS_misc_contents,OS_StartMenu_Games,86625903726026756,Игры
OS_misc_contents,OS_StartMenu_LogOut,86625903726026754,Выйти
OS_misc_contents,OS_StartMenu_Programs,86625903726026755,Программы
OS_misc_contents,OS_StartMenu_ShutDown,86625903726026753,Выключение
OS_misc_contents,OS_StartMenu_Start,86625903726026752,Пуск
OS_misc_contents,OS_StoryTeller_About,75355315447521292,О программе StoryTeller+
OS_misc_contents,OS_StoryTeller_Save,82748122239852544,Сохранить исходный код
OS_misc_contents,OS_StoryTeller_SaveAs,82748122252435456,Сохранить исходный код как...
OS_misc_contents,OS_StoryTeller_SourceCode,75355315447521291,Исходный код
OS_misc_contents,OS_TitleScreen_AreYouSure,100705494904070144,Это <color=#F9A31B>УДАЛИТ</color> текущие данные сохранения. Вы уверены? (Выбранный язык <color=#F9A31B>НЕЛЬЗЯ</color> будет изменить позже в игре)
OS_misc_contents,OS_TitleScreen_AreYouSureTitle,118477502807007232,ВНИМАНИЕ: НОВАЯ ИГРА
OS_misc_contents,OS_TitleScreen_Cancel,78037984601956382,ОТМЕНА
OS_misc_contents,OS_TitleScreen_ContinueFileLanguagePopUpAlert,118477502832173061,"Ваш текущий файл сохранения использует <color=#F9A31B>другой язык</color>, отличный от выбранного в меню настроек. Файл сохранения <color=#F9A31B>останется на исходно выбранном языке</color>. Если вы хотите играть на новом языке, нужно начать новую игру. 
Всё равно продолжить текущую игру?"
OS_misc_contents,OS_TitleScreen_ContinueFileLanguagePopUpTitle,118477502832173060,ОБНАРУЖЕН НОВЫЙ ЯЗЫК
OS_misc_contents,OS_TitleScreen_ContinueFileLanguagePopUp_Option1,118477502832173062,"ДА, ПРОДОЛЖИТЬ "
OS_misc_contents,OS_TitleScreen_ContinueFileLanguagePopUp_Option2,118477502832173063,НАЗАД
OS_misc_contents,OS_TitleScreen_ContinueGame,78037984601956380,ПРОДОЛЖИТЬ ИГРУ
OS_misc_contents,OS_TitleScreen_DemoVersion,78037984601956378,- Демоверсия - 
OS_misc_contents,OS_TitleScreen_Discord,78037984601956374,Наш Discord
OS_misc_contents,OS_TitleScreen_Enter,78037984601956377,Выбрать
OS_misc_contents,OS_TitleScreen_Exit,78037984601956375,Выход
OS_misc_contents,OS_TitleScreen_Navigate,78037984601956370,Навигация
OS_misc_contents,OS_TitleScreen_NewFileLanguageDisclaimer,118477502832173057,Выбранный язык <color=#F9A31B>НЕЛЬЗЯ</color> будет изменить позже в игре. Вас это устраивает?
OS_misc_contents,OS_TitleScreen_NewFileLanguageDisclaimerTitle,118477502832173056,УВЕДОМЛЕНИЕ О ЯЗЫКЕ
OS_misc_contents,OS_TitleScreen_NewFileLanguageDisclaimer_Option1,118477502832173058,"ДА, НАЧАТЬ ИГРУ"
OS_misc_contents,OS_TitleScreen_NewFileLanguageDisclaimer_Option2,118477502832173059,НАЗАД
OS_misc_contents,OS_TitleScreen_NoTakeMeBack,100705494904070146,НАЗАД
OS_misc_contents,OS_TitleScreen_Options,78037984601956373,Настройки
OS_misc_contents,OS_TitleScreen_Options_CRT,78037984601956390,Режим CRT
OS_misc_contents,OS_TitleScreen_Options_Chromatic,78037984601956391,-Хроматическая аберрация
OS_misc_contents,OS_TitleScreen_Options_Footer_Label_1,78037984601956384,Назад
OS_misc_contents,OS_TitleScreen_Options_Footer_Label_2,78037984601956385,Применить
OS_misc_contents,OS_TitleScreen_Options_Footer_Label_3,78037984601956386,Настроить
OS_misc_contents,OS_TitleScreen_Options_Footer_Label_4,78037984601956387,Навигация
OS_misc_contents,OS_TitleScreen_Options_Fullscreen,78037984601956389,Полный экран
OS_misc_contents,OS_TitleScreen_Options_Resolution,78037984601956388,Разрешение
OS_misc_contents,OS_TitleScreen_Options_Scanline,78037984601956392,-Интенсивность сканлайнов
OS_misc_contents,OS_TitleScreen_Options_Title,78037984601956383,- Меню настроек NEXT OS -
OS_misc_contents,OS_TitleScreen_Options_Value_High,78037984601956396,ВЫСОКАЯ
OS_misc_contents,OS_TitleScreen_Options_Value_Low,78037984601956394,НИЗКАЯ
OS_misc_contents,OS_TitleScreen_Options_Value_Mid,78037984601956395,СРЕДНЯЯ
OS_misc_contents,OS_TitleScreen_Options_Value_Off,78037984601956393,ВЫКЛ
OS_misc_contents,OS_TitleScreen_SaveFileDetected,78037984601956379,НАЙДЕН ФАЙЛ СОХРАНЕНИЯ
OS_misc_contents,OS_TitleScreen_StartDemo,102860454659874816,Начать демо
OS_misc_contents,OS_TitleScreen_StartGame,78037984601956372,Начать игру
OS_misc_contents,OS_TitleScreen_StartOver,78037984601956381,НОВАЯ ИГРА
OS_misc_contents,OS_TitleScreen_SubTitle,78037984601956371,Мистическое приключение по интерфейсу
OS_misc_contents,OS_TitleScreen_Wishlist,78037984601956376,Добавить в список желаемого Steam!
OS_misc_contents,OS_TitleScreen_YesStartOver,100705494904070145,"ДА, НАЧАТЬ НОВУЮ ИГРУ"
OS_misc_contents,OS_VolumeMixer_Ambience,75355315451715596,Окружение
OS_misc_contents,OS_VolumeMixer_Master,75355315451715593,Общий 
OS_misc_contents,OS_VolumeMixer_Music,75355315451715595,Музыка
OS_misc_contents,OS_VolumeMixer_Mute,75355315451715591,Без звука
OS_misc_contents,OS_VolumeMixer_MuteAll,75355315451715592,Заглушить всё
OS_misc_contents,OS_VolumeMixer_SFX,75355315451715594,Эффекты
OS_misc_contents,OS_WebSurfer_About,75371913499631618,О программе WebSurfer
OS_misc_contents,OS_WebSurfer_Address,75371913499631617,Адрес:
OS_misc_contents,OS_WebSurfer_Footer,75371913499631616,"Нет интернета — отображаются только кэшированные данные, если они есть"
OS_misc_contents,OS_WebSurfer_Homepage,75371913499631620,На главную
OS_misc_contents,OS_WebSurfer_NewBrowser,75371913499631621,Новый браузер
OS_misc_contents,OS_WebSurfer_Refresh,75371913499631619,Обновить
OS_misc_contents,OptionLevel_High,75355315447521383,ВЫСОКАЯ
OS_misc_contents,OptionLevel_Low,75355315447521381,НИЗКАЯ
OS_misc_contents,OptionLevel_Mid,75355315447521382,СРЕДНЯЯ
OS_misc_contents,OptionLevel_Off,75355315447521380,ВЫКЛ
OS_misc_contents,ScreenSaver_Aquarium,75355315447521391,Aquarium
OS_misc_contents,ScreenSaver_Aurora,75355315447521392,Aurora
OS_misc_contents,ScreenSaver_Maze,75355315447521386,Maze
OS_misc_contents,ScreenSaver_Pipes,75355315447521389,Pipes
OS_misc_contents,ScreenSaver_Stardust,75355315447521388,Stardust
OS_misc_contents,ScreenSaver_Text,75355315447521385,Text
OS_misc_contents,ScreenSaver_TextBounce,75355315447521387,TextBounce
OS_misc_contents,ScreenSaver_TextRain,75355315447521390,TextRain
OS_misc_contents,SecurityAnswers_P9Hanoi_4,515453739023,"[""mybrother"", ""my brother"", ""my_brother"", ""my-brother"", ""bigbrother"", ""big brother"", ""big_brother"", ""big-brother"", ""brother"", ""walleye"", ""walter"", ""waltersounder"", ""walter_sounder"", ""walter-sounder"", ""walter sounder"", ""брат"", ""мой брат"", ""мойбрат"", ""мой_брат"", ""старший брат"", ""старшийбрат"", ""судак"", ""уолтер"", ""уолтер саундер"", ""уолтерсаундер"", ""уолтер_саундер"", ""уолтер уотерс"", ""уолтеруотерс"", ""уолтер_уотерс"", ""уолтер-уотерс""]"
OS_misc_contents,SecurityAnswers_P9Hanoi_Achievement1,112087300668645376,отец
OS_misc_contents,SecurityAnswers_P9Hanoi_Achievement10,112087300677033992,мой_папа
OS_misc_contents,SecurityAnswers_P9Hanoi_Achievement11,112092461004742656,отец
OS_misc_contents,SecurityAnswers_P9Hanoi_Achievement12,112092461008936960,папа
OS_misc_contents,SecurityAnswers_P9Hanoi_Achievement13,112092461008936961,батя
OS_misc_contents,SecurityAnswers_P9Hanoi_Achievement14,112092461008936962,мой отец
OS_misc_contents,SecurityAnswers_P9Hanoi_Achievement15,112092461008936963,мой папа
OS_misc_contents,SecurityAnswers_P9Hanoi_Achievement2,112087300677033984,мойотец
OS_misc_contents,SecurityAnswers_P9Hanoi_Achievement3,112087300677033985,мой-отец
OS_misc_contents,SecurityAnswers_P9Hanoi_Achievement4,112087300677033986,мой отец
OS_misc_contents,SecurityAnswers_P9Hanoi_Achievement5,112087300677033987,мой_отец
OS_misc_contents,SecurityAnswers_P9Hanoi_Achievement6,112087300677033988,папа
OS_misc_contents,SecurityAnswers_P9Hanoi_Achievement7,112087300677033989,мойпапа
OS_misc_contents,SecurityAnswers_P9Hanoi_Achievement8,112087300677033990,мой-папа
OS_misc_contents,SecurityAnswers_P9Hanoi_Achievement9,112087300677033991,мой папа
OS_misc_contents,SecurityAnswers_P9Hanoi_Q1A1,515453739029,крокодил
OS_misc_contents,SecurityAnswers_P9Hanoi_Q1A2,515453739030,аллигатор
OS_misc_contents,SecurityAnswers_P9Hanoi_Q1A3,89094151520378880,крокодил
OS_misc_contents,SecurityAnswers_P9Hanoi_Q1A4,89094151520378881,кайман
OS_misc_contents,SecurityAnswers_P9Hanoi_Q1A5,110563005521977344,крокодил
OS_misc_contents,SecurityAnswers_P9Hanoi_Q1A6,110563005559726080,аллигатор
OS_misc_contents,SecurityAnswers_P9Hanoi_Q2A2,515453739032,четырнадцать
OS_misc_contents,SecurityAnswers_P9Hanoi_Q2A3,110563005559726081,четырнадцать
OS_misc_contents,SecurityAnswers_P9Hanoi_Q3A1,515453739033,огонь
OS_misc_contents,SecurityAnswers_P9Hanoi_Q3A10,110563005559726082,пламя
OS_misc_contents,SecurityAnswers_P9Hanoi_Q3A11,110563005559726083,в огне
OS_misc_contents,SecurityAnswers_P9Hanoi_Q3A12,110563005559726084,сгорел
OS_misc_contents,SecurityAnswers_P9Hanoi_Q3A2,515453739034,пламя
OS_misc_contents,SecurityAnswers_P9Hanoi_Q3A3,515453739035,горение
OS_misc_contents,SecurityAnswers_P9Hanoi_Q3A4,515453739036,пожар
OS_misc_contents,SecurityAnswers_P9Hanoi_Q3A5,87353089898569728,в огне
OS_misc_contents,SecurityAnswers_P9Hanoi_Q3A6,87353089906958336,сгорел
OS_misc_contents,SecurityAnswers_P9Hanoi_Q3A7,89094151520378882,огонь
OS_misc_contents,SecurityAnswers_P9Hanoi_Q3A8,89094151520378883,пожар
OS_misc_contents,SecurityAnswers_P9Hanoi_Q3A9,89094151520378884,горение
OS_misc_contents,SecurityAnswers_P9Hanoi_Q4A1,515453739037,мойбрат
OS_misc_contents,SecurityAnswers_P9Hanoi_Q4A16,110563005559726085,мойбрат
OS_misc_contents,SecurityAnswers_P9Hanoi_Q4A17,110563005559726086,мой брат
OS_misc_contents,SecurityAnswers_P9Hanoi_Q4A18,110563005559726087,мой_брат
OS_misc_contents,SecurityAnswers_P9Hanoi_Q4A19,110563005559726088,мой-брат
OS_misc_contents,SecurityAnswers_P9Hanoi_Q4A2,515453739038,мой брат
OS_misc_contents,SecurityAnswers_P9Hanoi_Q4A20,110563005559726089,старшийбрат
OS_misc_contents,SecurityAnswers_P9Hanoi_Q4A21,110563005559726090,старший-брат
OS_misc_contents,SecurityAnswers_P9Hanoi_Q4A22,110563005559726091,старший_брат
OS_misc_contents,SecurityAnswers_P9Hanoi_Q4A3,515453739039,мой_брат
OS_misc_contents,SecurityAnswers_P9Hanoi_Q4A4,515453739040,мой-брат
OS_misc_contents,SecurityAnswers_P9Hanoi_Q4A5,515453739041,старшийбрат
OS_misc_contents,SecurityAnswers_P9Hanoi_Q4A6,515453739042,старший брат
OS_misc_contents,SecurityAnswers_P9Hanoi_Q4A7,515453739043,старший-брат
OS_misc_contents,SecurityAnswers_P9Hanoi_Q4A8,515453739044,старший_брат
OS_misc_contents,SecurityAnswers_P9Hanoi_Q4A9,515453739045,брат
OS_misc_contents,SecurityQuestion_P9Hanoi_1,515453739019,Секретный вопрос: Какое животное купается в слезах горя?
OS_misc_contents,SecurityQuestion_P9Hanoi_2,515453739020,Секретный вопрос: Сколько глаз наблюдают блаженство принятия?
OS_misc_contents,SecurityQuestion_P9Hanoi_3,515453739021,Секретный вопрос: Как проявился гнев вокруг человека в лодке?
OS_misc_contents,SecurityQuestion_P9Hanoi_4,515453739022,Секретный вопрос: Кто был тем мертвецом в лодке?
OS_misc_contents,SketchyAddOnInstaller_1,108027872424222725,Установка дополнения для Sketchy Colors
OS_misc_contents,SketchyAddOnInstaller_2,108027872424222726,Распаковка тонов...
OS_misc_contents,SketchyAddOnInstaller_3,108027872424222727,Настройка Sketchy UI...
OS_misc_contents,SketchyAddOnInstaller_4,108027872424222728,Декодирование hex...
OS_misc_contents,SketchyAddOnInstaller_5,108027872424222729,Поиск графических ресурсов...
OS_misc_contents,SketchyAddOnInstaller_6,108027872424222730,Настройка мазков кисти...
OS_misc_contents,Sketchy_About_Text,5761032113872903,«Каждый шедевр начинается с простого наброска»
OS_misc_contents,Sketchy_Copyright_Text_1,17420569338175488,Copyright © 1996 WAMFDigital Inc.
OS_misc_contents,StoryTeller_About_Text,5761032113872898,"«Истории сначала рассказывали, затем записывали, затем экранизировали. Теперь мы используем StoryTeller+»"
OS_misc_contents,System_Notification_New_File_Added,10443928686813184,Добавлен новый файл: {0}
OS_misc_contents,Theme_Admin,75355315447521364,WorkHours
OS_misc_contents,Theme_Gothic,75355315447521368,PitchforkTime
OS_misc_contents,Theme_Halibut,75355315447521362,NextOS
OS_misc_contents,Theme_Jungle,75355315447521366,JungleBeat
OS_misc_contents,Theme_Maximus,75355315447521363,SunnyDay
OS_misc_contents,Theme_Retro,75355315447521369,Rad
OS_misc_contents,Theme_Sea,75355315447521365,DeepSea
OS_misc_contents,Theme_Tumblr,75355315447521367,Nostalgic
OS_misc_contents,WaitTIme_5_Minute,75355315451715589,5 минут
OS_misc_contents,WaitTime_10_Sec,75355315451715585,10 сек
OS_misc_contents,WaitTime_1_Minute,75355315451715587,1 минута
OS_misc_contents,WaitTime_2_Minute,75355315451715588,2 минуты
OS_misc_contents,WaitTime_30_Sec,75355315451715586,30 сек
OS_misc_contents,WaitTime_Never,75355315451715584,Никогда
OS_misc_contents,Wallpaper_AdminSpiral,83808538139287552,Spiral
OS_misc_contents,Wallpaper_Agave,95421745937244163,Agave
OS_misc_contents,Wallpaper_FishermanDesk,95421745937244161,FishermanDesk
OS_misc_contents,Wallpaper_Fishies,75355315447521372,Fishies
OS_misc_contents,Wallpaper_NosSafeMode,75355315447521378,nOSSafeMode
OS_misc_contents,Wallpaper_Shells,75355315447521371,Shells
OS_misc_contents,Wallpaper_SolidBlue,75355315447521374,SolidBlue
OS_misc_contents,Wallpaper_SolidPurple,75355315447521373,SolidPurple
OS_misc_contents,Wallpaper_SolidSalmon,75355315447521375,SolidSalmon
OS_misc_contents,Wallpaper_StartPhaser,95421745937244164,WormHole
OS_misc_contents,Wallpaper_Stegosaurus,95421745937244165,Стегозавр
OS_misc_contents,Wallpaper_TempleCeiling,95421745933049856,TempleCeiling
OS_misc_contents,Wallpaper_TemplePathChosen,95421745937244160,PathChosen
OS_misc_contents,Wallpaper_TheKing,95421745937244162,TheKing
OS_misc_contents,Wallpaper_TheSweaters,75355315447521376,TheSweaters_1080p
OS_misc_contents,Wallpaper_TimeToStop,75355315447521377,TimeToStop
OS_misc_contents,WebSurfer_About_Text,5761032113872896,«Оседлай волну Всемирной паутины»
OS_misc_contents,filename_hal_anglerTrio,115667088536756227,anglerTrio
OS_misc_contents,filename_hal_bigCatch,115667088536756225,bigCatch
OS_misc_contents,filename_hal_dontForget,115667088536756226,dontForget
OS_misc_contents,lp_welcomeMessage,100705494904070148,"Добро пожаловать в Desktop Explorer! 
Выберите язык"
OS_misc_contents,ms_credits,117877846607650816,ТИТРЫ: {0}
OS_misc_contents,ms_highscore,95281148689637382,РЕКОРД
OS_misc_contents,ms_menu,95281148689637384,МЕНЮ
OS_misc_contents,ms_play,95281148689637381,ИГРАТЬ
OS_misc_contents,ms_retry,95281148689637383,ЗАНОВО
OS_misc_contents,psod_IKnowWhatYouAre,114484791741505536,ЯЗНАЮКТОТЫЯЗНАЮЧТОТЫДЕЛАЕШЬ
OS_misc_contents,psod_safeMode,118563284523671552,"Нажмите <color=#F9A31B>ЛЮБУЮ КЛАВИШУ</color>, чтобы загрузиться в БЕЗОПАСНОМ РЕЖИМЕ"
OS_misc_contents,pwd_admin_shame,27685599644213248,TAROCCHI
OS_misc_contents,tutorial_pwd,107577245705428992,пароль123
Software,,119254485522440193,ColorLens
Software,,35538628481376256,!@#$%^&*()<>??ñń
Software,,35584565102764032,!@#$%^&*()<>??ñń
Software,,36264631117799424,!@#$%^&*()<>??ñń
Software,,36740210816442368,!@#$%^&*()<>??ñń
Software,,37881703836934144,!@#$%^&*()<>??ñń
Software,,37882269170393088,!@#$%^&*()<>??ñń
Software,,37883342442455040,!@#$%^&*()<>??ñń
Software,,38172197070561280,!@#$%^&*()<>??ñń
Software,Chronolog_Descriptive,125192064885317637,Chronolog
Software,Chronolog_Title,125049797432303616,Chronolog
Software,ColorLens_Title,119409614586372097,ColorLens
Software,DesktopExplorer_Title,125049797440692235,DesktopExplorer
Software,Executable_Descriptive,125192064885317635,Программа
Software,FlatFile_Descriptive,142834114954780672,Сжатый файл
Software,Folder_Descriptive,125192064885317632,Папка
Software,ImageViewer_Descriptive,125192064885317639,ImageViewer
Software,Installer_Copper_Box,135027314276687873,Copper Box
Software,Installer_Sketchy_AddOn,135027314276687872,Sketchy AddOn
Software,MineSniffer_Title,125049797440692236,MineSniffer
Software,NextAmp_Title,125049797440692230,NextAmp
Software,NextRooms_Title,125049797440692238,NextRooms
Software,NextSum_Title,11576901632,NextSum
Software,NotePage_Title,130465780766597120,Notepage
Software,Notepage_Descriptive,125192064885317633,Notepage
Software,Numpad_Title,125049797440692237,Numpad
Software,Pizarro_Title,125049797440692234,Pizarro
Software,Properties_Title,125192064860151808,Свойства
Software,Settings_Title,125049797440692228,Settings
Software,Shell_Descriptive,125192064885317636,nOS Shell
Software,Shortcut_Title,125049797440692233,Shortcut
Software,Sketchy_Descriptive,125192064885317638,Sketchy
Software,Sketchy_Title,125049797440692231,Sketchy
Software,StoryTeller_Title,125049797440692227,Storyteller+
Software,Storyteller_Descriptive,125192064885317640,StoryTeller+
Software,Terminal_Title,125049797440692232,nOS Terminal
Software,TimeSettings_Title,125049797440692224,Date/Time
Software,Tower_Title,125049797440692240,Tower
Software,Unknown_Descriptive,125192064885317634,Неизвестный тип файла
Software,VerticalBar_Title,125049797440692241,NextOS - 
Software,VolumeMixer_Title,125049797440692225,Volume Mixer
Software,WasteBin_Title,125049797440692229,WasteBin
Software,WebSurfer_Title,128444163706314752,WebSurfer2
Software,WormHole_Title,125049797440692239,WormHole
TerminalCommandOutput,,136631079006101504,"ВРЕМЯ, В ТЕЧЕНИЕ КОТОРОГО БЫЛ ОТКРЫТ FLEETING_FACE.IMG, СОКРАТИЛОСЬ МЕЖДУ ПРОХОЖДЕНИЯМИ. ВОЗМОЖНО, У ПОЛЬЗОВАТЕЛЯ ВЫРОСЛА ЧУВСТВИТЕЛЬНОСТЬ К ЭТОМУ ИЗОБРАЖЕНИЮ И ЕГО СМЫСЛУ."
TerminalCommandOutput,,136631079006101505,"ВРЕМЯ, В ТЕЧЕНИЕ КОТОРОГО БЫЛ ОТКРЫТ FLEETING_FACE.IMG, ПОЧТИ НЕ ИЗМЕНИЛОСЬ МЕЖДУ ПРОХОЖДЕНИЯМИ. ВОЗМОЖНО, ПОЛЬЗОВАТЕЛЬ ПОЛНОСТЬЮ СТЁР ПРЕДЫДУЩЕЕ ПРОХОЖДЕНИЕ ИЗ ПАМЯТИ. "
TerminalCommandOutput,,136631079006101506,"ВРЕМЯ, В ТЕЧЕНИЕ КОТОРОГО БЫЛ ОТКРЫТ FLEETING_FACE.IMG, УВЕЛИЧИЛОСЬ МЕЖДУ ПРОХОЖДЕНИЯМИ. ВОЗМОЖНО, ПОЛЬЗОВАТЕЛЬ УТРАТИЛ СВЯЗЬ С ЭТИМ ОБРАЗОМ."
TerminalCommandOutput,,136631079006101507,"ПУТЬ, ВЫБРАННЫЙ В ХРАМЕ, — ANUBIS. ПОЛЬЗОВАТЕЛЯ ПО-ПРЕЖНЕМУ НЕ ТРЕВОЖИТ ДУХОВНЫЙ СТРАХ. ВОЗМОЖНО, НЕ ПОМНИТ, ЧТО ЭТО БЫЛ ТОТ ЖЕ ВЫБОР, ЧТО И РАНЬШЕ."
TerminalCommandOutput,,136631079006101508,"ПУТЬ, ВЫБРАННЫЙ В ХРАМЕ, — TOT. ВОЗМОЖНО, ПОЛЬЗОВАТЕЛЯ ПРИТЯГИВАЕТ ДУШЕВНОЕ СМЯТЕНИЕ ИЗ-ЗА ПОВТОРЯЮЩЕЙСЯ ПОТЕРИ ПАМЯТИ."
TerminalCommandOutput,,136631079006101509,"ПУТЬ, ВЫБРАННЫЙ В ХРАМЕ, — RA. ПОЛЬЗОВАТЕЛЬ НЕ ОСТАНОВИЛСЯ ПЕРЕД УПОМИНАНИЯМИ ОБОЖЖЁННОЙ КОЖИ. ПОВЫШЕННАЯ ВЕРОЯТНОСТЬ ЧЁРСТВОСТИ ИЛИ ОТРИЦАНИЯ СМЕРТИ БРАТА."
TerminalCommandOutput,,136631079006101510,"КОЛИЧЕСТВО СОЗДАННЫХ ФАЙЛОВ NPG РЕЗКО СОКРАТИЛОСЬ МЕЖДУ ПРОХОЖДЕНИЯМИ. ВОЗМОЖНО, ПОЛЬЗОВАТЕЛЬ ЗАБЫЛ О СУЩЕСТВОВАНИИ ПРОГРАММЫ NPG ЛИБО ПОЛНОСТЬЮ ИГНОРИРУЕТ СВОЁ СОСТОЯНИЕ ПАМЯТИ."
TerminalCommandOutput,,136631079006101511,КОЛИЧЕСТВО СОЗДАННЫХ ФАЙЛОВ NPG СОКРАТИЛОСЬ МЕЖДУ ПРОХОЖДЕНИЯМИ. ВОЗМОЖНО УЛУЧШЕНИЕ ПАМЯТИ ПОЛЬЗОВАТЕЛЯ ЛИБО ЧАСТИЧНОЕ ИГНОРИРОВАНИЕ СВОЕГО СОСТОЯНИЯ ПАМЯТИ.
TerminalCommandOutput,,136631079006101512,"КОЛИЧЕСТВО ФАЙЛОВ NPG ПРИМЕРНО ОДИНАКОВО МЕЖДУ ПРОХОЖДЕНИЯМИ. ПОЛЬЗОВАТЕЛЬ ВСЁ ЕЩЁ ВЫНУЖДЕН ПОЛАГАТЬСЯ НА NPG, ЧТОБЫ ПОМНИТЬ. ВОЗМОЖНО, ПОЛЬЗОВАТЕЛЬ ПРОСТО БАЛУЕТСЯ С ПРОГРАММОЙ NPG."
TerminalCommandOutput,,136631079006101513,ПОЛЬЗОВАТЕЛЬ ВИДИТ ДРУГОЕ ИЗОБРАЖЕНИЕ В ТЕСТЕ НА ДВОЙНОЕ ВОСПРИЯТИЕ. ЗАФИКСИРОВАНА СМЕНА ТОЧКИ ЗРЕНИЯ.
TerminalCommandOutput,,136631079006101514,ПОЛЬЗОВАТЕЛЬ ВИДИТ ТО ЖЕ ИЗОБРАЖЕНИЕ В ТЕСТЕ НА ДВОЙНОЕ ВОСПРИЯТИЕ. ЗАФИКСИРОВАНА НЕИЗМЕННАЯ ТОЧКА ЗРЕНИЯ.
TerminalCommandOutput,,136631079006101515,"ПОЛЬЗОВАТЕЛЬ НЕ ОТВЕТИЛ НА ТЕСТ НА ДВОЙНОЕ ВОСПРИЯТИЕ. ОТКАЗ ОТВЕЧАТЬ МОЖЕТ БЫТЬ СВЯЗАН С МОДЕЛЬЮ ПОВЕДЕНИЯ, ОСПАРИВАЮЩЕЙ АВТОРИТЕТ."
TerminalCommandOutput,,136631079006101516,"ПОЛЬЗОВАТЕЛЬ ВЫБРАЛ ДРУГУЮ ПЕРВУЮ ГОЛОВОЛОМКУ ДЛЯ ПРОХОЖДЕНИЯ, ЧЕМ РАНЬШЕ. НЕИЗВЕСТНО, ПОМНИТ ЛИ ПОЛЬЗОВАТЕЛЬ РЕШЕНИЕ ИЗ 1-ГО ПРОХОЖДЕНИЯ."
TerminalCommandOutput,,136631079006101517,"ПОЛЬЗОВАТЕЛЬ ВЫБРАЛ ТУ ЖЕ ПЕРВУЮ ГОЛОВОЛОМКУ ДЛЯ ПРОХОЖДЕНИЯ, ЧТО И РАНЬШЕ. НЕИЗВЕСТНО, БЫЛО ЛИ ПОВТОРЕНИЕ ОСОЗНАННЫМ ИЛИ СЛУЧАЙНЫМ."
TerminalCommandOutput,,136631079006101518,КОЛИЧЕСТВО СОЗДАННЫХ ФАЙЛОВ SKT РЕЗКО СОКРАТИЛОСЬ МЕЖДУ ПРОХОЖДЕНИЯМИ. ОТКАЗ ПОЛЬЗОВАТЕЛЯ ОТ СОБСТВЕННОЙ ИДЕНТИЧНОСТИ УСИЛИЛСЯ.
TerminalCommandOutput,,136631079006101519,"КОЛИЧЕСТВО СОЗДАННЫХ ФАЙЛОВ SKT ОСТАЁТСЯ СТАБИЛЬНЫМ МЕЖДУ ПРОХОЖДЕНИЯМИ. ПРИВЫЧКИ ПОЛЬЗОВАТЕЛЯ УСТОЙЧИВЫ, НО БЕЗ УЛУЧШЕНИЙ."
TerminalCommandOutput,,136631079006101520,"КОЛИЧЕСТВО СОЗДАННЫХ ФАЙЛОВ SKT УВЕЛИЧИЛОСЬ МЕЖДУ ПРОХОЖДЕНИЯМИ. ВОЗМОЖНО, ПОЛЬЗОВАТЕЛЬ СОЗДАЁТ ФАЙЛЫ БЕСЦЕЛЬНО. СЛЕДУЕТ ПРОАНАЛИЗИРОВАТЬ ИХ СОДЕРЖИМОЕ."
TerminalCommandOutput,,136631079006101521,"DE ПРОЙДЕН БЫСТРЕЕ, ЧЕМ РАНЬШЕ. ПОЛЬЗОВАТЕЛЬ, ДОЛЖНО БЫТЬ, ПОМНИТ ИНФОРМАЦИЮ ИЗ ПРЕДЫДУЩЕГО ПРОХОЖДЕНИЯ. ПРИЧИНА ВОЗВРАЩЕНИЯ ВСЁ ЕЩЁ НЕИЗВЕСТНА."
TerminalCommandOutput,,136631079006101522,"DE ПРОЙДЕН ПРИМЕРНО ЗА ТО ЖЕ ВРЕМЯ, ЧТО И РАНЬШЕ. ВОЗМОЖНО, ПОЛЬЗОВАТЕЛЬ НЕ ПОМНИТ ИНФОРМАЦИЮ ИЗ ПРЕДЫДУЩЕГО ПРОХОЖДЕНИЯ. ПРИЧИНОЙ ВОЗВРАЩЕНИЯ МОЖЕТ БЫТЬ ПОДТВЕРЖДЕНИЕ ВЕРДИКТА."
TerminalCommandOutput,,136631079006101523,"DE ПРОЙДЕН МЕДЛЕННЕЕ, ЧЕМ РАНЬШЕ. ПОЛЬЗОВАТЕЛЬ, ПОХОЖЕ, НЕ ПОМНИТ НИКАКОЙ ИНФОРМАЦИИ ИЗ ПРЕДЫДУЩЕГО ПРОХОЖДЕНИЯ. ПРИЧИНОЙ ВОЗВРАЩЕНИЯ МОЖЕТ БЫТЬ ПОТЕРЯ ПАМЯТИ. РЕКОМЕНДУЕТСЯ СВЕРИТЬ ДАННЫЕ С ПОЛЬЗОВАТЕЛЕМ <color=orange>HALIBUT</color>."
TerminalCommandOutput,,136631079006101525,"ДОБРО ПОЖАЛОВАТЬ В АНАЛИЗ ПОЛЬЗОВАТЕЛЕЙ <color=lightblue>DESKTOP EXPLORER</color>

ВВЕДИТЕ <color=yellow>USER</color> И ИМЯ, ЧТОБЫ ОТКРЫТЬ ЕГО ФАЙЛЫ DE_ANALYSIS"
TerminalCommandOutput,,136631079006101526,"оказывается, этот парень был реально не в себе, я прав?"
TerminalCommandOutput,,136631079006101527,"ты просто ещё не готов, энакин скайуокер "
TerminalCommandOutput,,136631079006101528,"тайны об admin,
которые твой разум НИКОГДА
даже НЕ СМОЖЕТ НАЧАТЬ 
постичь, capisce? "
TerminalCommandOutput,,138785507175817217,"время выяснить, что была за история с этой девчонкой"
TerminalCommandOutput,,138785507175817218,"оказывается, эта девчонка была реально не в себе, я прав?"
TerminalCommandOutput,,138785507175817219,"ты просто ещё не готов, энакин скайуокер "
TerminalCommandOutput,,138785507175817220,"тайны о maximus,
которые твой разум НИКОГДА
даже НЕ СМОЖЕТ НАЧАТЬ 
постичь, capisce? "
TerminalCommandOutput,,138785507175817223,"время выяснить, что была за история с твоим дядей"
TerminalCommandOutput,,138785507175817224,"оказывается, твой дядя был реально не в себе, я прав?"
TerminalCommandOutput,,138785507180011520,"ты просто ещё не готов, энакин скайуокер "
TerminalCommandOutput,,138785507180011521,"тайны о твоём дяде,
которые твой разум НИКОГДА
даже НЕ СМОЖЕТ НАЧАТЬ 
постичь, capisce? "
TerminalCommandOutput,,140998703336906753,"Пользователь ADMIN разблокирован навсегда

Введите EXIT, чтобы выйти из этой оболочки"
TerminalCommandOutput,,148883796122394628,DE-DAEMON-MGR
TerminalCommandOutput,,148883796122394630,"время выяснить, что была за история с этой девчонкой"
TerminalCommandOutput,,148883796122394631,"оказывается, эта девчонка была реально не в себе, я прав?"
TerminalCommandOutput,,148883796122394632,"ты просто ещё не готов, энакин скайуокер "
TerminalCommandOutput,,148883796122394633,"тайны о maximus,
которые твой разум НИКОГДА
даже НЕ СМОЖЕТ НАЧАТЬ 
постичь, capisce? "
TerminalCommandOutput,,148883796122394636,"время выяснить, что была за история с твоим дядей"
TerminalCommandOutput,,148883796122394637,"оказывается, твой дядя был реально не в себе, я прав?"
TerminalCommandOutput,,148883796122394638,"ты просто ещё не готов, энакин скайуокер "
TerminalCommandOutput,,148883796122394639,"тайны о твоём дяде,
которые твой разум НИКОГДА
даже НЕ СМОЖЕТ НАЧАТЬ 
постичь, capisce? "
TerminalCommandOutput,CMD_Base_Chrono_Empty,98942774013845504,"Команда утилит Chronolog
Доступные утилиты: <param>RESTORE</param>
Использование - <cmd>CHRONO</cmd> <param>RESTORE</param>. Пытается восстановить повреждённые или испорченные записи Chronolog"
TerminalCommandOutput,CMD_Base_Chrono_Restore,98942774022234113,"Введите <param>filepath</param> для файла записи, который нужно восстановить:"
TerminalCommandOutput,CMD_Base_Chrono_Restore_NoEntryFound,167405071308414976,<color=red>[ТРЕВОГА]</color>: запись <cmd>CHRONO</cmd> не найдена
TerminalCommandOutput,CMD_Base_Chrono_Restore_Success,99003895970258944,Успешно восстановлено <param>'{0}'</param>. Открываю Chronolog…
TerminalCommandOutput,CMD_Base_Chrono_WrongArg,98942774022234112,<color=red>[ТРЕВОГА]</color>: '{0}' — недопустимый аргумент для команды <cmd>CHRONO</cmd>
TerminalCommandOutput,CMD_Base_Time_Empty,8062278329786368,Сейчас: <param>{0}</param>
TerminalCommandOutput,CMD_Base_Uninstall_DesktopExplorer,20791134830592,ОШИБКА - НЕт дОступа к рЕестру deskTop exploRer
TerminalCommandOutput,CMD_Base_Uninstall_Empty,20631285710848,Укажите программу для <cmd>UNINSTALL</cmd>
TerminalCommandOutput,CMD_Base_Uninstall_NoPermission,20856100405248,ОШИБКА - Нет разрешения на <cmd>UNINSTALL</cmd> <param>{0}</param>
TerminalCommandOutput,CMD_Base_Uninstall_Pizarro,20937998385152,Серьёзно? Это жестоко.
TerminalCommandOutput,CMD_Base_Uninstall_WrongArg,21055602475008,<param>'{0}'</param> — неподходящая программа для </cmd>UNINSTALL</cmd>
TerminalCommandOutput,CMD_GenericShellMenu_Back,156953382570942464,BACK
TerminalCommandOutput,CMD_GenericShellMenu_Exit,156953382570942465,EXIT
TerminalCommandOutput,CMD_GenericShellMenu_N,156953382575136771,N
TerminalCommandOutput,CMD_GenericShellMenu_No,156953382575136770,NO
TerminalCommandOutput,CMD_GenericShellMenu_Y,156953382575136769,Y
TerminalCommandOutput,CMD_GenericShellMenu_Yes,156953382575136768,YES
TerminalCommandOutput,CMD_Shell_AdminRedacted_Opt1,148883796122394625,REPAIR
TerminalCommandOutput,CMD_Shell_AdminRedacted_Opt1_loading,157707626211172352,Запуск средства восстановления <color=yellow>DE-DAEMON</color>
TerminalCommandOutput,CMD_Shell_AdminRedacted_Opt1_output,157262292381065216,"<color=yellow>DE-DAEMON</color> Средство восстановления не может запуститься, так как на компьютере отсутствует файл <param>SSGRP46.dll</param>. Попробуйте переустановить программу, чтобы устранить эту проблему."
TerminalCommandOutput,CMD_Shell_AdminRedacted_Opt2,157260999319085056,UPDATE
TerminalCommandOutput,CMD_Shell_AdminRedacted_Opt2_loading,157707626215366656,УСТАНОВКА СОЕДИНЕНИЯ
TerminalCommandOutput,CMD_Shell_AdminRedacted_Opt2_output,157262292385259520,… <color=red>ОШИБКА</color> — НЕ УДАЛОСЬ ПОДКЛЮЧИТЬСЯ К СЕТИ
TerminalCommandOutput,CMD_Shell_AdminRedacted_Opt3,157260999319085057,UNINSTALL
TerminalCommandOutput,CMD_Shell_AdminRedacted_Opt3_output,157262292385259521,"ВНИМАНИЕ — УДАЛЕНИЕ <color=yellow>DE-DAEMON</color> У ПОЛЬЗОВАТЕЛЯ:<color=orange>ADMIN</color> ПРИВЕДЁТ К ПОВРЕЖДЕНИЮ ФАЙЛОВ. 

РАЗРУШИТЕЛЬНЫЕ ИЗМЕНЕНИЯ БУДУТ <color=red>НЕОБРАТИМЫМИ</color> И НЕ МОГУТ БЫТЬ ОТМЕНЕНЫ. ВЫ ДЕЙСТВИТЕЛЬНО ХОТИТЕ ПРОДОЛЖИТЬ? "
TerminalCommandOutput,CMD_Shell_AdminRedacted_StartOutput,157707626206978048,"ИНСТРУМЕНТ УПРАВЛЕНИЯ <color=yellow>DE-DAEMON</color>
ПОЛЬЗОВАТЕЛЬ: <color=orange>ADMIN</color>"
TerminalCommandOutput,CMD_Shell_AdminUnlocked_ExitOutput,148883796122394643,<color=orange>EXIT</color> — выход
TerminalCommandOutput,CMD_Shell_AdminUnlocked_PromptPrefix,148883796122394642,ИНСТРУМЕНТ УПРАВЛЕНИЯ DE-DAEMON
TerminalCommandOutput,CMD_Shell_AdminUnlocked_StartOutput,158303026651586560,"ОБНАРУЖЕНО ПРИНУДИТЕЛЬНОЕ ПОЛУЧЕНИЕ ДОСТУПА К ПОЛЬЗОВАТЕЛЮ NEXT OS:<color=orange>ADMIN</color>

ВЫПОЛНЕНО ДЕЙСТВИЕ — ПАРОЛЬ ПОЛЬЗОВАТЕЛЯ <color=red>НАВСЕГДА</color> УДАЛЁН | ДОСТУП К ПОЛЬЗОВАТЕЛЮ:<color=orange>ADMIN</color> ВОССТАНОВЛЕН
БЕЗОПАСНОСТЬ <color=red>ПРЕДУПРЕЖДЕНИЕ!</color> <color=green>ДОСТУП К ПОЛЬЗОВАТЕЛЮ БОЛЬШЕ НЕ ЗАЩИЩЁН</color>"
TerminalCommandOutput,CMD_Shell_Bootcopy_Empty,18977731690496,"{0}
<param>nextOS (R) Home Edition</param> Terminal
(C)Copyright Wilson Systems 1981-1994."
TerminalCommandOutput,CMD_Shell_DEAnalysis_AdminDiagnostics,100395463532863490,<color=lightblue>DESKTOPEXPLORER</color> В ДАННЫЙ МОМЕНТ УДАЛЁН ИЗ ПРОФИЛЯ <color=yellow>ADMIN</color> — ЗАПУСТИТЬ ДИАГНОСТИКУ? 
TerminalCommandOutput,CMD_Shell_DEAnalysis_AdminPasswordAccepted,100842390359629824,ПАРОЛЬ ПРИНЯТ. ПАПКА <color=lightblue>DE_INSTALLER</color> РАЗБЛОКИРОВАНА
TerminalCommandOutput,CMD_Shell_DEAnalysis_AdminPasswordRecovery,100395463532863491,"<color=lightblue>DE_INSTALLER</color> ОБНАРУЖЕН ЗА: <color=yellow>LOCKED FOLDER</color> . . .
ЗАПУСК <color=orange>PWD_RECOVERY TOOL</color> . . .
ГОТОВО
ОТОБРАЖЕНИЕ PLYBS <color=orange>ЗАШИФРОВАННОГО</color> <param>PASSWORD</param>
<color=orange>YNGEGSKY</color>

ВВЕДИТЕ <color=green>РАСШИФРОВАННЫЙ</color> <param>PASSWORD</param>, ЧТОБЫ НАЧАТЬ УСТАНОВКУ:"
TerminalCommandOutput,CMD_Shell_DEAnalysis_AdminPasswordWrong,100842390359629825,"НЕВЕРНЫЙ РАСШИФРОВАННЫЙ ПАРОЛЬ — ПОПРОБУЙТЕ СНОВА ИЛИ ВВЕДИТЕ <color=orange>BACK</color>, ЧТОБЫ ВЕРНУТЬСЯ В МЕНЮ"
TerminalCommandOutput,CMD_Shell_DEAnalysis_AdminRecoverPwd,156959268676820992,TAROCCHI
TerminalCommandOutput,CMD_Shell_DEAnalysis_BeatTimeFast,134403970770657296,"<color=lightblue>DE</color> ПРОЙДЕН БЫСТРЕЕ, ЧЕМ РАНЬШЕ. ПОЛЬЗОВАТЕЛЬ, ДОЛЖНО БЫТЬ, ПОМНИТ ИНФОРМАЦИЮ ИЗ ПРЕДЫДУЩЕГО ПРОХОЖДЕНИЯ. ПРИЧИНА ВОЗВРАЩЕНИЯ ВСЁ ЕЩЁ НЕИЗВЕСТНА."
TerminalCommandOutput,CMD_Shell_DEAnalysis_BeatTimeSame,134403970770657297,"<color=lightblue>DE</color> ПРОЙДЕН ПРИМЕРНО ЗА ТО ЖЕ ВРЕМЯ, ЧТО И РАНЬШЕ. ВОЗМОЖНО, ПОЛЬЗОВАТЕЛЬ НЕ ПОМНИТ ИНФОРМАЦИЮ ИЗ ПРЕДЫДУЩЕГО ПРОХОЖДЕНИЯ. ПРИЧИНОЙ ВОЗВРАЩЕНИЯ МОЖЕТ БЫТЬ ПОДТВЕРЖДЕНИЕ ВЕРДИКТА."
TerminalCommandOutput,CMD_Shell_DEAnalysis_BeatTimeSlow,134403970770657298,"<color=lightblue>DE</color> ПРОЙДЕН МЕДЛЕННЕЕ, ЧЕМ РАНЬШЕ. ПОЛЬЗОВАТЕЛЬ, ПОХОЖЕ, НЕ ПОМНИТ НИКАКОЙ ИНФОРМАЦИИ ИЗ ПРЕДЫДУЩЕГО ПРОХОЖДЕНИЯ. ПРИЧИНОЙ ВОЗВРАЩЕНИЯ МОЖЕТ БЫТЬ ПОТЕРЯ ПАМЯТИ. РЕКОМЕНДУЕТСЯ СВЕРИТЬ ДАННЫЕ С ПОЛЬЗОВАТЕЛЕМ <color=orange>HALIBUT</color>."
TerminalCommandOutput,CMD_Shell_DEAnalysis_Empty,99039718480535552,"<color=red>[ТРЕВОГА]</color>: ИНСТРУМЕНТ АНАЛИЗА <color=lightblue>DESKTOP EXPLORER</color> ЗАБЛОКИРОВАН. 
Введите пароль, чтобы включить скрипт оболочки."
TerminalCommandOutput,CMD_Shell_DEAnalysis_FirstStoreCoincidence,134403970770657292,"ПОЛЬЗОВАТЕЛЬ ВЫБРАЛ ТУ ЖЕ ПЕРВУЮ ГОЛОВОЛОМКУ ДЛЯ ПРОХОЖДЕНИЯ, ЧТО И РАНЬШЕ. НЕИЗВЕСТНО, БЫЛО ЛИ ПОВТОРЕНИЕ ОСОЗНАННЫМ ИЛИ СЛУЧАЙНЫМ."
TerminalCommandOutput,CMD_Shell_DEAnalysis_FirstStoreDifference,134403970770657291,"ПОЛЬЗОВАТЕЛЬ ВЫБРАЛ ДРУГУЮ ПЕРВУЮ ГОЛОВОЛОМКУ ДЛЯ ПРОХОЖДЕНИЯ, ЧЕМ РАНЬШЕ. НЕИЗВЕСТНО, ПОМНИТ ЛИ ПОЛЬЗОВАТЕЛЬ РЕШЕНИЕ ИЗ 1-ГО ПРОХОЖДЕНИЯ."
TerminalCommandOutput,CMD_Shell_DEAnalysis_FleetingFaceHigh,134403970770657281,"ВРЕМЯ, В ТЕЧЕНИЕ КОТОРОГО БЫЛ ОТКРЫТ FLEETING_FACE.IMG, УВЕЛИЧИЛОСЬ МЕЖДУ ПРОХОЖДЕНИЯМИ. ВОЗМОЖНО, ПОЛЬЗОВАТЕЛЬ УТРАТИЛ СВЯЗЬ С ЭТИМ ОБРАЗОМ."
TerminalCommandOutput,CMD_Shell_DEAnalysis_FleetingFaceLow,134403970753880064,"ВРЕМЯ, В ТЕЧЕНИЕ КОТОРОГО БЫЛ ОТКРЫТ FLEETING_FACE.IMG, СОКРАТИЛОСЬ МЕЖДУ ПРОХОЖДЕНИЯМИ. ВОЗМОЖНО, У ПОЛЬЗОВАТЕЛЯ ВЫРОСЛА ЧУВСТВИТЕЛЬНОСТЬ К ЭТОМУ ИЗОБРАЖЕНИЮ И ЕГО СМЫСЛУ."
TerminalCommandOutput,CMD_Shell_DEAnalysis_FleetingFaceMid,134403970770657280,"ВРЕМЯ, В ТЕЧЕНИЕ КОТОРОГО БЫЛ ОТКРЫТ FLEETING_FACE.IMG, ПОЧТИ НЕ ИЗМЕНИЛОСЬ МЕЖДУ ПРОХОЖДЕНИЯМИ. ВОЗМОЖНО, ПОЛЬЗОВАТЕЛЬ ПОЛНОСТЬЮ СТЁР ПРЕДЫДУЩЕЕ ПРОХОЖДЕНИЕ ИЗ ПАМЯТИ. "
TerminalCommandOutput,CMD_Shell_DEAnalysis_HalibutAbnormalities,133308028541722624,"СПИСОК (5) АНОМАЛИЙ

<color=green>1.</color> <color=lightblue>DE</color> БЫЛ ПЕРЕУСТАНОВЛЕН ВОПРЕКИ ПРЕДЫДУЩЕМУ ВЕРДИКТУ. СТЕПЕНЬ ВОЗДЕЙСТВИЯ ОБРАЗА МОГЛА БЫТЬ ПЕРЕОЦЕНЕНА. ВОЗМОЖНО, DE БЫЛ СЛУЧАЙНО ЗАПУЩЕН ПОВТОРНО ИЗ-ЗА АМНЕЗИИ.

<color=green>2.</color> {0}

<color=green>3.</color> {1}

<color=green>4.</color> {2}

<color=green>5.</color> ПОЛЬЗОВАТЕЛЬ СМОГ ПРОЙТИ <color=lightblue>DE</color>. ТЕЗИС ПРЕДЫДУЩЕГО ВЕРДИКТА ПОСТАВЛЕН ПОД СОМНЕНИЕ.

<color=orange>====================================</color>
НАЖМИТЕ <color=yellow>ЛЮБУЮ КЛАВИШУ</color>, ЧТОБЫ ПРОДОЛЖИТЬ"
TerminalCommandOutput,CMD_Shell_DEAnalysis_HalibutConclusion,100395463528669190,"<color=lightblue>DE</color> ВЕРДИКТ ПО ПОЛЬЗОВАТЕЛЮ: <color=yellow>HALIBUT</color>

<color=green>[07-12-1998 00:00]</color> - ИСЦЕЛЕНИЕ ЧЕРЕЗ ПОТЕРЮ ПАМЯТИ.
* ПОВЕДЕНИЕ ПОЛЬЗОВАТЕЛЯ УКАЗЫВАЕТ НА УХУДШЕНИЕ ПАМЯТИ, ГЛУБОКОЕ СОЖАЛЕНИЕ ПО ПОВОДУ СМЕРТИ БРАТА И РАСТЕРЯННОСТЬ ПРИ ПРИНЯТИИ РОЛИ ОТЦА. 

* НАРУШЕНИЯ ПАМЯТИ УСИЛИВАЮТСЯ В СТРЕССОВЫХ УСЛОВИЯХ. ПОЛЬЗОВАТЕЛЬ НЕ ПРОЯВЛЯЕТ ПРИЗНАКОВ ПРЕОДОЛЕНИЯ СТРАХА И ТРАВМЫ. 

* ПОЛЬЗОВАТЕЛЮ СЛЕДУЕТ ВОСПОЛЬЗОВАТЬСЯ ЭТИМ СОСТОЯНИЕМ. ПРИНЯТЬ СТРАХ И ИСЦЕЛИТЬСЯ, ЗАБЫВ ВСЁ, ВКЛЮЧАЯ КАЖДУЮ ТРЕВОЖНУЮ МЫСЛЬ.

<color=orange>====================================</color>
НАЖМИТЕ <color=yellow>ЛЮБУЮ КЛАВИШУ</color>, ЧТОБЫ ПРОДОЛЖИТЬ"
TerminalCommandOutput,CMD_Shell_DEAnalysis_HalibutFear1,179459623029301248,ДУХОВНЫМ
TerminalCommandOutput,CMD_Shell_DEAnalysis_HalibutFear2,179459623046078464,БЕЗУМИЕМ
TerminalCommandOutput,CMD_Shell_DEAnalysis_HalibutFear3,179459623046078465,УВЕЧЬЯМИ
TerminalCommandOutput,CMD_Shell_DEAnalysis_HalibutLogs,100395463528669189,"<color=red>[ТРЕВОГА]</color>: ОБНАРУЖЕНО НЕСКОЛЬКО ПРОХОЖДЕНИЙ <color=lightblue>DESKTOP EXPLORER</color> ДЛЯ ПОЛЬЗОВАТЕЛЯ: <color=yellow>HALIBUT</color>

ВВЕДИТЕ <color=yellow>ПУНКТ</color>, ЧТОБЫ ОТКРЫТЬ ЖУРНАЛЫ ПРОХОЖДЕНИЙ"
TerminalCommandOutput,CMD_Shell_DEAnalysis_HalibutPlaythrough1,133282122301431808,"СПИСОК ЖУРНАЛОВ — 1-Е ПРОХОЖДЕНИЕ [07-12-1998]

<color=green>[07-12-1998 00:00]</color> УСТАНОВЩИК <color=lightblue>DE</color> ПОДБРОШЕН
<color=green>[07-12-1998 17:23]</color> <color=lightblue>DE</color> УСТАНОВЛЕН ПОЛЬЗОВАТЕЛЕМ
<color=green>[08-16-1998 18:46]</color> ОТКРЫТ ФАЙЛ FLEETING_FACE.IMG
<color=yellow>[ОПИСАНИЕ]</color> : ОБЩЕЕ ВРЕМЯ В DESKTOP: <color=yellow>4</color> СЕКУНД
РЕАКЦИЯ ПОЛЬЗОВАТЕЛЯ СООТВЕТСТВУЕТ ОБНАРУЖЕНИЮ СХОДСТВА МЕЖДУ БРАТОМ И ИСТОЩЁННЫМ ЛИЦОМ
<color=green>[11-22-1998 17:02]</color> ВЫБРАН ПУТЬ <color=yellow>ANUBIS</color>
<color=yellow>[ОПИСАНИЕ]</color> : МЕНЬШИЙ СТРАХ ПЕРЕД ДУХОВНЫМ
ПОВЕДЕНИЕ СООТВЕТСТВУЕТ ТРАВМЕ ПОЛЬЗОВАТЕЛЯ, СВЯЗАННОЙ СО СМЕРТЬЮ БРАТА
<color=green>[11-22-1998 23:44]</color> <color=lightblue>DE</color> УДАЛЁН ПОЛЬЗОВАТЕЛЕМ ВРУЧНУЮ
<color=green>[NULL]</color> ВСЕГО СОЗДАНО НОВЫХ NPG: <color=yellow>934</color>
<color=yellow>[ОПИСАНИЕ]</color> : ВСЕГО УДАЛЕНО: <color=yellow>928</color>
БОЛЬШИНСТВО УДАЛЁННЫХ ФАЙЛОВ СОСТОЯЛО ИЗ ЧАСТИЧНО ДУБЛИРОВАННЫХ ДАННЫХ
<color=green>[NULL]</color> ЛИМИТ ОТКРЫТЫХ ОКОН ДОСТИГНУТ: <color=yellow>112</color> РАЗ
<color=yellow>[ОПИСАНИЕ]</color> : ПОЛЬЗОВАТЕЛЬ НЕ ПОМНИЛ/НЕ ПОНИМАЛ ЛИМИТ ПАМЯТИ.
<color=green>[05-22-1999 00:00]</color> НАБЛЮДАТЕЛЬ <color=lightblue>DE</color> ПЕРЕХОДИТ В <color=orange>РЕЖИМ СНА</color>

<color=orange>====================================</color>
НАЖМИТЕ <color=yellow>ЛЮБУЮ КЛАВИШУ</color>, ЧТОБЫ ПРОДОЛЖИТЬ"
TerminalCommandOutput,CMD_Shell_DEAnalysis_HalibutPlaythrough2,133282122314014720,"СПИСОК ЖУРНАЛОВ — 2-Е ПРОХОЖДЕНИЕ [{0}]

<color=green>[{1}]</color> ПРОГРАММА <color=lightblue>DE</color> ПЕРЕУСТАНОВЛЕНА ПОЛЬЗОВАТЕЛЕМ
<color=green>[{2}]</color> {10}
<color=yellow>[ОПИСАНИЕ]</color> : ОБЩЕЕ ВРЕМЯ В DESKTOP: <color=yellow>{3}</color> СЕКУНД
<color=green>[{4}]</color> ВЫБРАН ПУТЬ <color=yellow>{5}</color>
<color=yellow>[ОПИСАНИЕ]</color> : МЕНЬШИЙ СТРАХ ПЕРЕД {6}
<color=green>[{7}]</color> <color=lightblue>DE</color> ПРОЙДЕНА ПОСЛЕДНЯЯ ГОЛОВОЛОМКА
<color=green>[NULL]</color> ВРЕМЯ, ЗАТРАЧЕННОЕ ПОЛЬЗОВАТЕЛЕМ НА ПРОХОЖДЕНИЕ <color=lightblue>DE</color>: <color=yellow>{8}</color> МИНУТ
<color=green>[NULL]</color> КОЛ-ВО ДОСТИЖЕНИЙ ЛИМИТА ВКЛАДОК: {11}
<color=green>[NULL]</color> КОЛ-ВО СОЗДАННЫХ НОВЫХ NPG: {12}
<color=green>[{9}]</color> НАБЛЮДАТЕЛЬ <color=lightblue>DE</color> ПЕРЕКЛЮЧЁН НА ПОЛЬЗОВАТЕЛЯ <color=orange>M4X1MUS</color>

ДОПОЛНИТЕЛЬНЫЕ ОПИСАНИЯ ДОБАВЛЕНЫ В: <color=orange>ABNORMALITIES</color>

<color=orange>====================================</color>
НАЖМИТЕ <color=yellow>ЛЮБУЮ КЛАВИШУ</color>, ЧТОБЫ ПРОДОЛЖИТЬ"
TerminalCommandOutput,CMD_Shell_DEAnalysis_ImageCoincidence,134403970770657289,ПОЛЬЗОВАТЕЛЬ ВИДИТ ТО ЖЕ ИЗОБРАЖЕНИЕ В ТЕСТЕ НА ДВОЙНОЕ ВОСПРИЯТИЕ. ЗАФИКСИРОВАНА НЕИЗМЕННАЯ ТОЧКА ЗРЕНИЯ.
TerminalCommandOutput,CMD_Shell_DEAnalysis_ImageDifference,134403970770657288,ПОЛЬЗОВАТЕЛЬ ВИДИТ ДРУГОЕ ИЗОБРАЖЕНИЕ В ТЕСТЕ НА ДВОЙНОЕ ВОСПРИЯТИЕ. ЗАФИКСИРОВАНА СМЕНА ТОЧКИ ЗРЕНИЯ.
TerminalCommandOutput,CMD_Shell_DEAnalysis_ImageNotAnswered,134403970770657290,"ПОЛЬЗОВАТЕЛЬ НЕ ОТВЕТИЛ НА ТЕСТ НА ДВОЙНОЕ ВОСПРИЯТИЕ. ОТКАЗ ОТВЕЧАТЬ МОЖЕТ БЫТЬ СВЯЗАН С МОДЕЛЬЮ ПОВЕДЕНИЯ, ОСПАРИВАЮЩЕЙ АВТОРИТЕТ."
TerminalCommandOutput,CMD_Shell_DEAnalysis_M4x1musAbnormalities,133308028550111234,"СПИСОК (5) АНОМАЛИЙ

<color=green>1.</color> <color=lightblue>DE</color> БЫЛ ПЕРЕУСТАНОВЛЕН ВОПРЕКИ ПРЕДЫДУЩЕМУ ВЕРДИКТУ. ПОДТВЕРЖДЕНИЕ ТОГО, ЧТО ПОЛЬЗОВАТЕЛЬ ВЁЛ СЕБЯ НЕ ТАК, КАК ПРЕДСКАЗЫВАЛ ВЕРДИКТ.
<color=green>2.</color> {0} 
<color=green>3.</color> {1} 
<color=green>4.</color> {2} 

<color=orange>====================================</color>
НАЖМИТЕ <color=yellow>ЛЮБУЮ КЛАВИШУ</color>, ЧТОБЫ ПРОДОЛЖИТЬ"
TerminalCommandOutput,CMD_Shell_DEAnalysis_M4x1musConclusion,100395463532863489,"<color=lightblue>DE</color> ВЕРДИКТ ПО ПОЛЬЗОВАТЕЛЮ: <color=yellow>M4X1MUS</color>

<color=green>[12-15-1996 00:00]</color> - ВЫЖИВАНИЕ ЧЕРЕЗ ИСЧЕЗНОВЕНИЕ.
* ПОВЕДЕНИЕ ПОЛЬЗОВАТЕЛЯ УКАЗЫВАЕТ НА СИЛЬНЫЙ ВНУТРЕННИЙ КОНФЛИКТ. ЖЕЛАНИЕ УГОДИТЬ ДРУГИМ ВСТУПАЕТ В ПРОТИВОРЕЧИЕ С САМОИДЕНТИФИКАЦИЕЙ. 

* УПОМИНАНИЯ О ПСИХОЛОГИЧЕСКОМ НАСИЛИИ МОГУТ ПРИВЕСТИ К ФИЗИЧЕСКИМ СТОЛКНОВЕНИЯМ. УГРОЗА БЕЗОПАСНОСТИ ВСЕХ ВОВЛЕЧЁННЫХ СТОРОН НЕИЗБЕЖНА.

* ПОЛЬЗОВАТЕЛЮ СЛЕДУЕТ ИСЧЕЗНУТЬ, ЧТОБЫ СОХРАНИТЬ СВОЮ ИДЕНТИЧНОСТЬ. ДЕЙСТВИЕ ВАЖНЕЕ ВОЗМОЖНЫХ ПОСЛЕДСТВИЙ ИЗ-ЗА ПОТРЕБНОСТИ ПОЛЬЗОВАТЕЛЯ В НЕЗАВИСИМОСТИ.

<color=orange>====================================</color>
НАЖМИТЕ <color=yellow>ЛЮБУЮ КЛАВИШУ</color>, ЧТОБЫ ПРОДОЛЖИТЬ"
TerminalCommandOutput,CMD_Shell_DEAnalysis_M4x1musLogs,100395463532863488,"<color=red>[ТРЕВОГА]</color>: ОБНАРУЖЕНО НЕСКОЛЬКО ПРОХОЖДЕНИЙ <color=lightblue>DESKTOP EXPLORER</color> ДЛЯ ПОЛЬЗОВАТЕЛЯ: <color=yellow>M4X1MUS</color>

ВВЕДИТЕ <color=yellow>ПУНКТ</color>, ЧТОБЫ ОТКРЫТЬ ЖУРНАЛЫ ПРОХОЖДЕНИЙ"
TerminalCommandOutput,CMD_Shell_DEAnalysis_M4x1musPlaythrough1,133308028550111232,"СПИСОК ЖУРНАЛОВ — 1-Е ПРОХОЖДЕНИЕ [12-15-1996]

<color=green>[12-15-1996 00:00]</color> УСТАНОВЩИК <color=lightblue>DE</color> ПОДБРОШЕН
<color=green>[12-15-1996 16:07]</color> <color=lightblue>DE</color> УСТАНОВЛЕН ПОЛЬЗОВАТЕЛЕМ
<color=green>[01-08-1997 18:32]</color> ПРОЙДЕНА ПЕРВАЯ ГОЛОВОЛОМКА МАГАЗИНА ТЦ: VHS STORE. 
<color=yellow>[ОПИСАНИЕ]</color> : VHS STORE, ВОЗМОЖНО, БЫЛ ВЫБРАН ИЗ-ЗА ПОТРЕБНОСТИ В СОЦИАЛЬНОМ ОДОБРЕНИИ.
<color=green>[NULL]</color> ВСЕГО СОЗДАНО НОВЫХ SKT: <color=yellow>26</color>
<color=yellow>[ОПИСАНИЕ]</color> : ВСЕГО УДАЛЕНО: <color=yellow>23</color>
БОЛЬШИНСТВО УДАЛЕНИЙ ФАЙЛОВ БЫЛИ ЗАЧЕРКАНЫ ДО НЕУЗНАВАЕМОСТИ. ВОЗМОЖНЫ ПРИЗНАКИ РАЗДРАЖЕНИЯ.
<color=green>[NULL]</color> ОБЩЕЕ ВРЕМЯ, ПРОВЕДЁННОЕ НА ЗАСТАВКАХ: <color=yellow>309634</color> СЕКУНД.
<color=yellow>[ОПИСАНИЕ]</color> : ЗАФИКСИРОВАН ЛИШЬ ОДИН СЛУЧАЙ НОЧНОГО ПРИСУТСТВИЯ ЗАСТАВКИ. ЧАСЫ, ПРОВЕДЁННЫЕ ПОЛЬЗОВАТЕЛЕМ В ЗАДУМЧИВОСТИ ПЕРЕД ЭКРАНОМ, ВЫЗЫВАЮТ ОПАСЕНИЯ.
<color=green>[03-14-1997 00:12]</color> <color=lightblue>DE</color> УДАЛЁН ПОЛЬЗОВАТЕЛЕМ ВРУЧНУЮ
<color=green>[03-18-1997 19:37]</color> НАБЛЮДАТЕЛЬ <color=lightblue>DE</color> ВРУЧНУЮ УДАЛЁН И ПЕРЕНЕСЁН НА ПОЛЬЗОВАТЕЛЯ: <color=yellow>ADMIN</color>.

<color=orange>====================================</color>
НАЖМИТЕ <color=yellow>ЛЮБУЮ КЛАВИШУ</color>, ЧТОБЫ ПРОДОЛЖИТЬ"
TerminalCommandOutput,CMD_Shell_DEAnalysis_M4x1musPlaythrough2,133308028550111233,"СПИСОК ЖУРНАЛОВ — 2-Е ПРОХОЖДЕНИЕ {0}

<color=green>[{1}]</color> ПРОГРАММА <color=lightblue>DE</color> ПЕРЕУСТАНОВЛЕНА
<color=green>[{2}]</color> ПРОЙДЕНА ПЕРВАЯ ГОЛОВОЛОМКА МАГАЗИНА ТЦ: {3}
<color=green>[NULL]</color> ВСЕГО СОЗДАНО НОВЫХ SKT: <color=yellow>{4}</color>
<color=green>[NULL]</color> ОБЩЕЕ ВРЕМЯ, ПРОВЕДЁННОЕ НА ЗАСТАВКАХ: <color=yellow>{5}</color> СЕКУНД.
<color=green>[{6}]</color>  <color=lightblue>DE</color> ПРОЙДЕНА ПОСЛЕДНЯЯ ГОЛОВОЛОМКА
<color=green>[NULL]</color> ВРЕМЯ, ЗАТРАЧЕННОЕ ПОЛЬЗОВАТЕЛЕМ НА ПРОХОЖДЕНИЕ <color=lightblue>DE</color>: <color=yellow>{7}</color> МИНУТ.

ДОПОЛНИТЕЛЬНЫЕ ОПИСАНИЯ ДОБАВЛЕНЫ В: <color=orange>ABNORMALITIES</color>

<color=orange>====================================</color>
НАЖМИТЕ <color=yellow>ЛЮБУЮ КЛАВИШУ</color>, ЧТОБЫ ПРОДОЛЖИТЬ"
TerminalCommandOutput,CMD_Shell_DEAnalysis_NpgCreatedHigh,134403970770657287,"КОЛИЧЕСТВО ФАЙЛОВ NPG ПРИМЕРНО ОДИНАКОВО МЕЖДУ ПРОХОЖДЕНИЯМИ. ПОЛЬЗОВАТЕЛЬ ВСЁ ЕЩЁ ВЫНУЖДЕН ПОЛАГАТЬСЯ НА NPG, ЧТОБЫ ПОМНИТЬ. НЕ ИСКЛЮЧАЙТЕ ВЕРОЯТНОСТЬ, ЧТО ПОЛЬЗОВАТЕЛЬ ПРОСТО БАЛУЕТСЯ С ПРОГРАММОЙ NPG."
TerminalCommandOutput,CMD_Shell_DEAnalysis_NpgCreatedLow,134403970770657285,"КОЛИЧЕСТВО СОЗДАННЫХ ФАЙЛОВ NPG РЕЗКО СОКРАТИЛОСЬ МЕЖДУ ПРОХОЖДЕНИЯМИ. ВОЗМОЖНО, ПОЛЬЗОВАТЕЛЬ ЗАБЫЛ О СУЩЕСТВОВАНИИ ПРОГРАММЫ NPG ЛИБО ПОЛНОСТЬЮ ИГНОРИРУЕТ СВОЁ СОСТОЯНИЕ ПАМЯТИ."
TerminalCommandOutput,CMD_Shell_DEAnalysis_NpgCreatedMid,134403970770657286,КОЛИЧЕСТВО СОЗДАННЫХ ФАЙЛОВ NPG СОКРАТИЛОСЬ МЕЖДУ ПРОХОЖДЕНИЯМИ. ВОЗМОЖНО УЛУЧШЕНИЕ ПАМЯТИ ПОЛЬЗОВАТЕЛЯ ЛИБО ЧАСТИЧНОЕ ИГНОРИРОВАНИЕ СВОЕГО СОСТОЯНИЯ ПАМЯТИ.
TerminalCommandOutput,CMD_Shell_DEAnalysis_OptAbnormalities,156953382575136776,ABNORMALITIES
TerminalCommandOutput,CMD_Shell_DEAnalysis_OptConclusion,156953382575136777,CONCLUSION
TerminalCommandOutput,CMD_Shell_DEAnalysis_OptLogs,156953382575136775,LOGS
TerminalCommandOutput,CMD_Shell_DEAnalysis_OptPlay1,156953382575136778,PLAY_1
TerminalCommandOutput,CMD_Shell_DEAnalysis_OptPlay1Display_Hal,156953382575136780,<color=yellow>PLAY_1</color> (ПРОХОЖДЕНИЕ НАЧАТО [07-12-1998])
TerminalCommandOutput,CMD_Shell_DEAnalysis_OptPlay1Display_Max,156953382575136782,<color=yellow>PLAY_1</color> (ПРОХОЖДЕНИЕ НАЧАТО [12-15-1996])
TerminalCommandOutput,CMD_Shell_DEAnalysis_OptPlay2,156953382575136779,PLAY_2
TerminalCommandOutput,CMD_Shell_DEAnalysis_OptPlay2Display_Hal,156953382575136781,<color=yellow>PLAY_2</color> (ПРОХОЖДЕНИЕ НАЧАТО [{0}])
TerminalCommandOutput,CMD_Shell_DEAnalysis_OptPlay2Display_Max,156959268664238080,<color=yellow>PLAY_2</color> (ПРОХОЖДЕНИЕ НАЧАТО [{0}])
TerminalCommandOutput,CMD_Shell_DEAnalysis_PathAnubis,134403970770657282,"ПУТЬ, ВЫБРАННЫЙ В ХРАМЕ, — ANUBIS. ПОЛЬЗОВАТЕЛЯ ПО-ПРЕЖНЕМУ НЕ ТРЕВОЖИТ ДУХОВНЫЙ СТРАХ. ВОЗМОЖНО, НЕ ПОМНИТ, ЧТО ЭТО БЫЛ ТОТ ЖЕ ВЫБОР, ЧТО И РАНЬШЕ."
TerminalCommandOutput,CMD_Shell_DEAnalysis_PathRa,134403970770657284,"ПУТЬ, ВЫБРАННЫЙ В ХРАМЕ, — RA. ПОЛЬЗОВАТЕЛЬ НЕ ОСТАНОВИЛСЯ ПЕРЕД УПОМИНАНИЯМИ ОБОЖЖЁННОЙ КОЖИ. ПОВЫШЕННАЯ ВЕРОЯТНОСТЬ ЧЁРСТВОСТИ ИЛИ ОТРИЦАНИЯ СМЕРТИ БРАТА."
TerminalCommandOutput,CMD_Shell_DEAnalysis_PathTot,134403970770657283,"ПУТЬ, ВЫБРАННЫЙ В ХРАМЕ, — THOTH. ВОЗМОЖНО, ПОЛЬЗОВАТЕЛЯ ПРИТЯГИВАЕТ ДУШЕВНОЕ СМЯТЕНИЕ ИЗ-ЗА ПОВТОРЯЮЩЕЙСЯ ПОТЕРИ ПАМЯТИ."
TerminalCommandOutput,CMD_Shell_DEAnalysis_PromptPrefix,100376202370342915,DEANALYSIS
TerminalCommandOutput,CMD_Shell_DEAnalysis_SktCreatedHigh,134403970770657295,"КОЛИЧЕСТВО СОЗДАННЫХ ФАЙЛОВ SKT УВЕЛИЧИЛОСЬ МЕЖДУ ПРОХОЖДЕНИЯМИ. ВОЗМОЖНО, ПОЛЬЗОВАТЕЛЬ СОЗДАЁТ ФАЙЛЫ БЕСЦЕЛЬНО. СЛЕДУЕТ ПРОАНАЛИЗИРОВАТЬ ИХ СОДЕРЖИМОЕ."
TerminalCommandOutput,CMD_Shell_DEAnalysis_SktCreatedLow,134403970770657293,КОЛИЧЕСТВО СОЗДАННЫХ ФАЙЛОВ SKT РЕЗКО СОКРАТИЛОСЬ МЕЖДУ ПРОХОЖДЕНИЯМИ. ОТКАЗ ПОЛЬЗОВАТЕЛЯ ОТ СОБСТВЕННОЙ ИДЕНТИЧНОСТИ УСИЛИЛСЯ.
TerminalCommandOutput,CMD_Shell_DEAnalysis_SktCreatedMid,134403970770657294,"КОЛИЧЕСТВО СОЗДАННЫХ ФАЙЛОВ SKT ОСТАЁТСЯ СТАБИЛЬНЫМ МЕЖДУ ПРОХОЖДЕНИЯМИ. ПРИВЫЧКИ ПОЛЬЗОВАТЕЛЯ УСТОЙЧИВЫ, НО БЕЗ УЛУЧШЕНИЙ."
TerminalCommandOutput,CMD_Shell_DEAnalysis_StartOutput,158303026639003648,"ДОБРО ПОЖАЛОВАТЬ В АНАЛИЗ ПОЛЬЗОВАТЕЛЕЙ <color=lightblue>DESKTOP EXPLORER</color>
ВВЕДИТЕ <color=yellow>USER</color> И ИМЯ, ЧТОБЫ ОТКРЫТЬ ЕГО ФАЙЛЫ DE_ANALYSIS"
TerminalCommandOutput,CMD_Shell_DEAnalysis_UserAdmin,156953382575136774,ADMIN
TerminalCommandOutput,CMD_Shell_DEAnalysis_UserHalibut,156953382575136772,HALIBUT
TerminalCommandOutput,CMD_Shell_DEAnalysis_UserMaximus,156953382575136773,"M4X1MUS,MAXIMUS"
TerminalCommandOutput,CMD_Shell_DEAnalysis_UserSelectedAdmin,131169647279988738,ОТОБРАЖЕНИЕ ДОСТУПНОЙ ИНФОРМАЦИИ О ПОЛЬЗОВАТЕЛЕ: <color=yellow>ADMIN</color>
TerminalCommandOutput,CMD_Shell_DEAnalysis_UserSelectedHalibut,131169647279988736,ОТОБРАЖЕНИЕ ДОСТУПНОЙ ИНФОРМАЦИИ О ПОЛЬЗОВАТЕЛЕ: <color=yellow>HALIBUT</color>
TerminalCommandOutput,CMD_Shell_DEAnalysis_UserSelectedM4x1mus,131169647279988737,ОТОБРАЖЕНИЕ ДОСТУПНОЙ ИНФОРМАЦИИ О ПОЛЬЗОВАТЕЛЕ: <color=yellow>M4X1MUS</color>
TerminalCommandOutput,CMD_Shell_DEAnalysis_WrongKeyPwd,179053174503497728,"<color=red>[ТРЕВОГА]</color>: НЕВЕРНЫЙ ПАРОЛЬ.
Этот пароль соответствует <color=yellow>ПРИМЕРУ ИСПОЛЬЗОВАНИЯ КЛЮЧА</color>. Используйте правильный <param>квадрат ключа дешифровки</param> и попробуйте снова."
TerminalCommandOutput,CMD_Shell_DEAnalysis_WrongPwd,99349707753512960,"<color=red>[ТРЕВОГА]</color>: НЕВЕРНЫЙ ПАРОЛЬ
Введите правильный пароль, чтобы включить скрипт оболочки."
TerminalCommandOutput,CMD_Shell_Error,157707626215366657,ОШИБКА
TerminalCommandOutput,CMD_Shell_Failed,157707626215366658,СБОЙ
TerminalCommandOutput,CMD_Shell_HalUninstall_StartOutput,158101707227652097,"ИНСТРУМЕНТ УПРАВЛЕНИЯ <color=yellow>DE-DAEMON</color>
ПОЛЬЗОВАТЕЛЬ: <color=orange>HALIBUT</color>"
TerminalCommandOutput,CMD_Shell_HalUnintsall_Opt3_output,158117080576548864,"<color=red>!!! ПРЕДУПРЕЖДЕНИЕ ПРЕДУПРЕЖДЕНИЕ ПРЕДУПРЕЖДЕНИЕ !!!
УДАЛЕНИЕ <color=yellow>DE-DAEMON</color> У ПОЛЬЗОВАТЕЛЯ:<color=orange>HALIBUT</color> НЕИЗБЕЖНО ВЫЗОВЕТ СБОЙ ОПЕРАЦИОННОЙ СИСТЕМЫ. ПРОДОЛЖЕНИЕ ЭТОГО ПРОЦЕССА ПРИВЕДЁТ К ПОЛНОМУ ПЕРЕФОРМАТИРОВАНИЮ ВСЕЙ СИСТЕМЫ NEXT OS. 

<color=red>ВЫ БУДЕТЕ ЖАЛЕТЬ ОБ ЭТОМ ВЕЧНО,</color> <color=green>ГУППИ</color>. ВЫ ДЕЙСТВИТЕЛЬНО ХОТИТЕ ПРОДОЛЖИТЬ?"
TerminalCommandOutput,CMD_Shell_MaxUninstall_StartOutput,158101707227652096,"ИНСТРУМЕНТ УПРАВЛЕНИЯ <color=yellow>DE-DAEMON</color>
ПОЛЬЗОВАТЕЛЬ: <color=orange>M4X1MUS</color>"
TerminalCommandOutput,CMD_Shell_MaxUnintsall_Opt3_output,158117080572354560,"<color=red>СЕРЬЁЗНОЕ ПРЕДУПРЕЖДЕНИЕ</color> — УДАЛЕНИЕ <color=yellow>DE-DAEMON</color> У ПОЛЬЗОВАТЕЛЯ:<color=orange>M4X1MUS</color> ПРИВЕДЁТ К НЕОБРАТИМОМУ ПОВРЕЖДЕНИЮ ПОЛЬЗОВАТЕЛЬСКИХ ДАННЫХ. ПРОФИЛЬ ПОЛЬЗОВАТЕЛЯ NEXT OS M4X1MUS БУДЕТ УДАЛЁН ИЗ СИСТЕМЫ. 

РАЗРУШИТЕЛЬНЫЕ ИЗМЕНЕНИЯ БУДУТ <color=red>НЕОБРАТИМЫМИ</color> И НЕ МОГУТ БЫТЬ ОТМЕНЕНЫ. <color=orange>Я МОГУ ТЕБЕ ПОМОЧЬ</color> <color=green>ГУППИ</color>. ВЫ ДЕЙСТВИТЕЛЬНО ХОТИТЕ ПРОДОЛЖИТЬ?"
TerminalCommandOutput,CMD_Shell_MenuBack,100395463528669184,"Введите <color=orange>BACK</color>, чтобы вернуться в предыдущее меню"
TerminalCommandOutput,CMD_Shell_MenuExit,100395463528669185,<color=orange>EXIT</color> — выход
TerminalCommandOutput,CMD_Shell_MenuInvalidOption,100395463528669186,<color=red>[ALERT]</color>: НЕВЕРНЫЙ ВАРИАНТ
TerminalCommandOutput,CMD_Shell_MenuOptions,100376202370342913,ДОСТУПНЫЕ ВАРИАНТЫ:
TerminalCommandOutput,CMD_Shell_MenuYesNoInstruction,100395463528669187,"Введите <color=green>Y(yes)</color> или <color=red>N(no)</color>, введите <color=orange>BACK</color>, чтобы отменить"
TerminalCommandOutput,CMD_Shell_UninstallComplete,157728436246274050,ГОТОВО
TerminalCommandOutput,CMD_Shell_UninstallExit,157728436246274051,<color=orange>ЛЮБАЯ КЛАВИША</color> — выход
TerminalCommandOutput,CMD_Shell_UninstallProgress,157728436246274049,УДАЛЕНИЕ <color=yellow>DE-DAEMON</color> — ПРОГРЕСС:
TerminalCommandOutput,CMD_Shell_Uninstall_PromptPrefix,158101707156348928,DE-DAEMON-MGR
TerminalCommandOutput,CMD_ShowcaseP3_Chant_Body,23423626821632,"Ещё одна боль, символичная смерть\nПредаю свою смертную плоть"
TerminalCommandOutput,CMD_ShowcaseP3_Chant_Empty,23237760434176,"Укажите стих для CHANT. Зарегистрированные стихи: [body, mind, spirit]"
TerminalCommandOutput,CMD_ShowcaseP3_Chant_Mind,23387643887616,"Разум, мысли и вдохновенье\nБытиё под вопросом"
TerminalCommandOutput,CMD_ShowcaseP3_Chant_Spirit,23407579414528,"Меж двух сторон приютившись\nВне времени двойственность, истинный я"
TerminalCommandOutput,CMD_ShowcaseP3_Chant_WrongArg,23306278584320,"ОШИБКА - '{0}' — незарегистрированный стих. Зарегистрированные стихи: [body, mind, spirit]"
TerminalCommandOutput,CMD_ShowcaseP3_Yell_Absent,22703259303936,"ТРЕВОГА: Заблудившийся человек услышал сообщение...\n\nЧЕЛОВЕК: Отсутствует? Ах да! Не хватает одной части! Теперь ты должен её видеть. Быстрее! Скажи мне, что там, в конце этого проклятого лабиринта!\n\nmazeFragments добавлены в папку /puzzle3"
TerminalCommandOutput,CMD_ShowcaseP3_Yell_Aleph,22941252501504,ТРЕВОГА: Заблудившийся человек услышал сообщение...\n\nЧеловек обрёл просветление! Успех!
TerminalCommandOutput,CMD_ShowcaseP3_Yell_Empty,22581628682240,"Укажите слово для YELL, например YELL hello"
TerminalCommandOutput,CMD_ShowcaseP3_Yell_Hello,23016682864640,"ТРЕВОГА: Заблудившийся человек машет в ответ...\n\nЧЕЛОВЕК: Скорее, пожалуйста, найди мне выход!"
TerminalCommandOutput,CMD_ShowcaseP3_Yell_WrongArg,22618907656192,ОШИБКА - '{0}' — неверное решение
TerminalCommandOutput,CMD_Unknown,178756304896,"Команда <cmd>'{0}'</cmd> не найдена.
Введите <cmd>HELP</cmd>, чтобы увидеть список доступных команд"
TerminalCommandOutput,CMD_feel,150863256694546434,FEEL
TerminalCommandOutput,CMD_go,150863256694546437,GO
TerminalCommandOutput,CMD_help,150863256694546436,HELP
TerminalCommandOutput,CMD_look,150863256694546432,LOOK
TerminalCommandOutput,CMD_moveforward,150863256702935041,MOVEFORWARD
TerminalCommandOutput,CMD_story,150863256694546435,STORY
TerminalCommandOutput,CMD_turnleft,150863256694546438,TURNLEFT
TerminalCommandOutput,CMD_turnright,150863256702935040,TURNRIGHT
TerminalCommandOutput,CMD_use,150863256694546433,USE
TerminalCommandOutput,NSH_DEInstall_Output1,161276491503493120,АКТИВАЦИЯ DE_MODULE_MGR
TerminalCommandOutput,NSH_DEInstall_Output2,161276491503493121,Наблюдатель демона в режиме ожидания...
TerminalCommandOutput,NSH_DEInstall_Output3,161276491503493122,Настройка личности Pizarro
TerminalCommandOutput,NSH_DEInstall_Output4,161276491503493123,Анализ записей Chronolog...
TerminalCommandOutput,NSH_DEInstall_Output5,161276491503493124,НАБЛЮДАТЕЛЬ <color=yellow>DE-DAEMON</color> ГОТОВ
TerminalCommandOutput,NSH_DEInstall_Output6,161276491503493125,Выход...
TerminalHelpCommandOutput,,128924629156749312,<cmd>STORY</cmd> - Прочитать комнату
TerminalHelpCommandOutput,CMD_Base_Aliases,159052850497839104,Псевдонимы команды: {0}
TerminalHelpCommandOutput,CMD_Base_Chrono_Help,159459855096078336,<cmd>CHRONO</cmd> <param>RESTORE</param> - Пытается восстановить повреждённые или испорченные записи Chronolog
TerminalHelpCommandOutput,CMD_Base_Clear_Help,2376907923458,<cmd>CLEAR</cmd> - Очищает экран терминала
TerminalHelpCommandOutput,CMD_Base_Help_Empty,2376907923462,"Доступные команды:
{0}

Чтобы узнать больше о команде, введите <cmd>HELP</cmd> <param><COMMAND></param>"
TerminalHelpCommandOutput,CMD_Base_Help_WrongArg,2376907923463,Команда '{0}' не поддерживается <cmd>HELP</cmd>
TerminalHelpCommandOutput,CMD_Base_MoreHelp_Empty,2376907923466,"Дополнительные команды:
{0}"
TerminalHelpCommandOutput,CMD_Base_MoreHelp_Help,2376907923459,<cmd>MOREHELP</cmd> - Показывает дополнительные команды
TerminalHelpCommandOutput,CMD_Base_NoHelpCmds,159149902435180544,Больше нет доступных команд для отображения
TerminalHelpCommandOutput,CMD_Base_Time_Help,2376907923460,<cmd>DATETIME</cmd> - Показывает системное время
TerminalHelpCommandOutput,CMD_Base_Uninstall_Help,2376907923461,<cmd>UNINSTALL</cmd> <param><software></param> - Пытается удалить указанное ПО
TerminalHelpCommandOutput,CMD_ShowcaseP3_Chant_Help,2376907923464,"CHANT \{word\} - Спеть один из зарегистрированных стихов.
Зарегистрированные стихи: [body, mind, spirit]"
TerminalHelpCommandOutput,CMD_ShowcaseP3_Yell_Help,2376907923465,YELL {word} - Выкрикнуть решение для человека внизу
TerminalHelpCommandOutput,CMD_Tower_Exit_Help,162452740133347328,"<cmd>EXIT</cmd> - Введите эту команду, чтобы выйти из текущего состояния"
TerminalHelpCommandOutput,CMD_Tower_Feel_Help,161009370257154048,<cmd>FEEL</cmd> <param><object></param> - Определить объект на ощупь
TerminalHelpCommandOutput,CMD_Tower_Go_Help,2376907923457,<cmd>GO</cmd> <param><direction></param> - Двигаться в указанном направлении
TerminalHelpCommandOutput,CMD_Tower_Look_Help,2376907923456,<cmd>LOOK</cmd> <param><object></param> - Осмотреть и описать объект
TerminalHelpCommandOutput,CMD_Tower_Start_Help,161009370282319872,"<cmd>START</cmd> - Введите эту команду, чтобы начать игру"
TerminalHelpCommandOutput,CMD_Tower_Story_Help,129079758891769856,<cmd>STORY</cmd> - Прочитать комнату через файл .stp
TerminalHelpCommandOutput,CMD_Tower_Turn_Help,161924395037614080,"<cmd>TURN</cmd> <param><direction></param> - Сменить направление, повернувшись на месте"
TerminalHelpCommandOutput,CMD_Tower_Use_Help,2376853397504,<cmd>USE</cmd> <param><object></param> - Взаимодействовать с объектом
TerminalTowerCommandOutput,,82598004740055040,Поворот налево...
TerminalTowerCommandOutput,,82598004740055041,Поворот направо...
TerminalTowerCommandOutput,,82598004740055042,Шаг вперёд...
TerminalTowerCommandOutput,CMD_Tower_ExitLookChessboard,65275827367960576,Вы отступаете от <param>CHESSBOARD</param>
TerminalTowerCommandOutput,CMD_Tower_ExitLookChessboard_PickedUpPawn,100536801058349056,"Отступая от <param>CHESSBOARD</param>, вы замечаете, что <param>black pawn</param> теперь находится в <color=yellow>другом мире</color>"
TerminalTowerCommandOutput,CMD_Tower_FakeTurnLeftStage1,47103043685048320,НЕЛЬЗЯ повернуть налево
TerminalTowerCommandOutput,CMD_Tower_FakeTurnRightStage1,47103043693436928,НЕЛЬЗЯ повернуть направо
TerminalTowerCommandOutput,CMD_Tower_FakeTurnStage2,47103043693436929,"Вы смотрите (<cmd>LOOK</cmd>) в <param>WINDOW</param>, размышляя, зачем вы вообще здесь"
TerminalTowerCommandOutput,CMD_Tower_Feel_Empty,14134384181420032,"Укажите, что нужно <cmd>FEEL</cmd>. Пример: <cmd>FEEL</cmd> <param><OBJECT></param>"
TerminalTowerCommandOutput,CMD_Tower_Feel_WrongArg,14264478644346880,"Вы не можете найти {0}, чтобы применить <cmd>FEEL</cmd>"
TerminalTowerCommandOutput,CMD_Tower_Go_Back,12017242870947840,Возврат
TerminalTowerCommandOutput,CMD_Tower_Go_Empty,7255003631288320,"Укажите, куда нужно <cmd>GO</cmd>. Пример: <cmd>GO</cmd> <param>FORWARD</param>"
TerminalTowerCommandOutput,CMD_Tower_Go_Forward,14169967273017344,Иду вперёд
TerminalTowerCommandOutput,CMD_Tower_Go_Left,7256586217684992,Иду налево
TerminalTowerCommandOutput,CMD_Tower_Go_Right,7256588629409792,Иду направо
TerminalTowerCommandOutput,CMD_Tower_Go_WrongArg,7255122191679488,{0} — недопустимое направление
TerminalTowerCommandOutput,CMD_Tower_InterludeHijack1,47158523891539968,"Вы открываете (<cmd>OPEN</cmd>) чей-то чужой <param>JOURNAL</param>, чтобы прочитать последнюю запись"
TerminalTowerCommandOutput,CMD_Tower_InterludeHijack2,47158523895734272,"В глубине души вы знаете, что вам действительно не стоит здесь находиться"
TerminalTowerCommandOutput,CMD_Tower_InterludeHijack3,47158523899928576,"Я ЗНАЮ, КТО ТЫ. Я ЗНАЮ, ЧТО ТЫ ДЕЛАЕШЬ"
TerminalTowerCommandOutput,CMD_Tower_InterludeHijack3_WrongArg,47195925657935872,ВВЕДИТЕ КОМАНДУ ПОЛНОСТЬЮ
TerminalTowerCommandOutput,CMD_Tower_Look_Empty,6271316892934144,"Укажите, на что нужно <cmd>LOOK</cmd>. Пример: <cmd>LOOK</cmd> <param><OBJECT></param>"
TerminalTowerCommandOutput,CMD_Tower_Look_WrongArg,6271471050383360,"Вы не можете найти {0}, чтобы применить <cmd>LOOK</cmd>"
TerminalTowerCommandOutput,CMD_Tower_Move_Forward,82753133527162881,Шаг вперёд...
TerminalTowerCommandOutput,CMD_Tower_Move_Left,82753133522968576,Поворот налево...
TerminalTowerCommandOutput,CMD_Tower_Move_Right,82753133527162880,Поворот направо...
TerminalTowerCommandOutput,CMD_Tower_Start_ChronoLock,88523689346195456,<color=red>ОШИБКА</color> - Запуск Башни <cmd>locked</cmd>. Нужна запись <param>CHRONOLOG</param> для прогресса <param>DE_DAEMON</param>. 
TerminalTowerCommandOutput,CMD_Tower_Start_Empty,38055244154789889,Запуск игры...
TerminalTowerCommandOutput,CMD_Tower_Story_Empty,38055244154789890,Вы обдумываете свои мысли...
TerminalTowerCommandOutput,CMD_Tower_TerminalOutputBurst1,120333107486253056,"Я ЗНАЮ, КТО ТЫ"
TerminalTowerCommandOutput,CMD_Tower_TerminalOutputBurst2,120333107515613184,"Я ЗНАЮ, ЧТО ТЫ ДЕЛАЕШЬ"
TerminalTowerCommandOutput,CMD_Tower_Turn_Empty,113539679255519232,Укажите направление для <cmd>TURN</cmd>. Пример: <cmd>TURN</cmd> <param>LEFT</param>
TerminalTowerCommandOutput,CMD_Tower_Turn_WrongArg,114696980226105344,{0} — недопустимое направление
TerminalTowerCommandOutput,CMD_Tower_Use_Empty,23685313642496,"Укажите, что нужно <cmd>USE</cmd>. Пример: <cmd>USE</cmd> <param><OBJECT></param>"
TerminalTowerCommandOutput,CMD_Tower_Use_WrongArg,23740716204032,"Вы не можете найти {0}, чтобы применить <cmd>USE</cmd>"
TerminalTowerCommandOutput,NSH_Tower_Config_1,80257632483401728,Инициализация окружения Башни
TerminalTowerCommandOutput,NSH_Tower_Config_2,80257632483401729,Настройка команд терминала
TerminalTowerCommandOutput,NSH_Tower_Config_3,80257632483401730,Составление планов Башни
TerminalTowerCommandOutput,NSH_Tower_Config_4,80257632483401731,Загрузка интерфейса командной строки
TerminalTowerCommandOutput,NSH_Tower_Config_5,80257632483401732,Компиляция метаданных
TerminalTowerCommandOutput,NSH_Tower_Config_6,80257632483401733,Открытие визуализации Башни...
TerminalTowerCommandOutput,NSH_Tower_Config_Result1,80257632483401734,ЗАВЕРШЕНО
TerminalTowerCommandOutput,NSH_Tower_Config_Result2,80257632483401735,ГОТОВО
TerminalTowerCommandOutput,Start_Tower_1,80257632483401736,Добро пожаловать в <param>The Tower</param>
TerminalTowerCommandOutput,Start_Tower_2,80257632483401737,"Введите <cmd>START</cmd>, чтобы начать"
TerminalTowerInteractables,,12505037209116672,"Я не знаю, что там впереди, но, кажется, оно дышит."
TerminalTowerInteractables,,12505090875236352,"Я не знаю, что там, но оно манит."
TerminalTowerInteractables,,140581437206159360,Записка
TerminalTowerInteractables,,140581437210353664,Вы забираете записку с собой
TerminalTowerInteractables,,140581437210353665,"Вы не можете заставить себя вновь вызвать то состояние сознания, что подарил вам <param>ORB</param>"
TerminalTowerInteractables,,140581437210353666,Ещё один <param>LEVER</param>?
TerminalTowerInteractables,,140581437210353667,"Присмотревшись повнимательнее, этот <param>LEVER</param> выглядит довольно чистым"
TerminalTowerInteractables,,140581437210353668,Больше нет нужды использовать этот <param>LEVER</param>
TerminalTowerInteractables,,140581437210353669,"!@#$%^&*()_+-=[]\{}|;':"",./<>?"
TerminalTowerInteractables,,140581437210353670,LOOK PORTRAIT
TerminalTowerInteractables,,55145346756501504," pero no parece aflojar.,FALSE,"","","","","","","","","","","","","","","","","","","","","""
TerminalTowerInteractables,,56494581003313152," pero no parece aflojar.,FALSE,"","","","","","","","","","","","","","","","","","","","","""
TerminalTowerInteractables,,56585374477049856," pero no parece aflojar.,FALSE,"","","","","","","","","","","","","","","","","","","","","""
TerminalTowerInteractables,,56833873521139712," pero no parece aflojar.,FALSE"
TerminalTowerInteractables,,57248805446213632," pero no parece aflojar.,FALSE,"","","","","","","","","","","","","","","","","","","","","""
TerminalTowerInteractables,CMD_Any_FarAwayInteractable,103281854054916097,"Объект слишком далеко, чтобы с ним взаимодействовать"
TerminalTowerInteractables,CMD_TowerF1_Banner_LastChoiceCorrect,172642183129587718,"<param>BANNER</param> реагирует на ваше внимание. На этот раз она исчезает, открывая скрытый <param>LEVER</param>"
TerminalTowerInteractables,CMD_TowerF1_Banner_LastChoiceWrong,172642183129587717,<param>BANNER</param> реагирует на ваше внимание. На этот раз все три перестают светиться
TerminalTowerInteractables,CMD_TowerF1_Banner_RepeatChoice,172642183129587716,<param>BANNER</param> уже отреагировала на ваше внимание
TerminalTowerInteractables,CMD_TowerF1_Feel_Corpse,140736565817106442,"Вы чувствуете неодобрительный взгляд, когда задумываетесь о том, чтобы потрогать (<cmd>FEEL</cmd>) <param>CORPSE</param>"
TerminalTowerInteractables,CMD_TowerF1_Feel_Floor,13904394319863808,<param>FLOOR</param> очень холодный на ощупь. Однако вы чувствуете(<cmd>FEEL</cmd>) источник тепла возле <param>WALL</param>
TerminalTowerInteractables,CMD_TowerF1_Feel_Portrait,13908096824942592,"Проведя пальцами по холсту, вы различаете старое лицо только по фактуре масляной краски"
TerminalTowerInteractables,CMD_TowerF1_Feel_RightLever,172612004005011464,"Ага, это точно <param>LEVER</param>"
TerminalTowerInteractables,CMD_TowerF1_Feel_Torch,13907282505015296,Ай! Жжётся! Вы с ума сошли?
TerminalTowerInteractables,CMD_TowerF1_Feel_Wall,13907047217143808,"Ваши пальцы нагреваются тем сильнее, чем ближе они к <param>TORCH</param> на <param>WALL</param>. Как ни удивительно, рядом с ним есть <param>LEVER</param>"
TerminalTowerInteractables,CMD_TowerF1_Look_Banner,142936538243653632,<param>BANNER</param> реагирует на ваше внимание. Она светится от вашего желания на неё <cmd>LOOK</cmd>
TerminalTowerInteractables,CMD_TowerF1_Look_Book,163169951744,Обложка <param>BOOK</param> покрыта рисунками накладывающихся друг на друга фигур
TerminalTowerInteractables,CMD_TowerF1_Look_Corpse,172612004005011457,Было бы неразумно (<cmd>LOOK</cmd>) слишком пристально всматриваться в эту сцену
TerminalTowerInteractables,CMD_TowerF1_Look_EyesShut,140736565817106440,"Смотреть (<cmd>LOOK</cmd>) не на что. В конце концов, ваши глаза закрыты"
TerminalTowerInteractables,CMD_TowerF1_Look_Floor_PuzzleBeat,172612004005011458,<param>FLOOR</param> выглядит в лучшем случае непримечательно... если не считать лежащего на нём <param>CORPSE</param>
TerminalTowerInteractables,CMD_TowerF1_Look_Gate,1755537465344,"Очень старые <param>GATE</param>. На полу видны следы износа там, где прутья касаются пола"
TerminalTowerInteractables,CMD_TowerF1_Look_Gate_PostF7,177299174884106240,"Очень старые <param>GATE</param>. Однажды открывшись для вас, они больше никогда не откроются"
TerminalTowerInteractables,CMD_TowerF1_Look_InkBottle,415306342400,"Маленькая стеклянная банка, наполненная чернилами. "
TerminalTowerInteractables,CMD_TowerF1_Look_LeftLever,172642183129587713,Ещё один <param>LEVER</param> попадается вам на глаза
TerminalTowerInteractables,CMD_TowerF1_Look_LeftLever_Lowered,172642183129587714,<param>LEVER</param> больше не сдвинется
TerminalTowerInteractables,CMD_TowerF1_Look_Note,140736565817106432,Почерк в этой записке выглядит (<cmd>LOOK</cmd>) очень знакомым
TerminalTowerInteractables,CMD_TowerF1_Look_Orb,306057306112,Внутренность <param>ORB</param> заполнена туманом
TerminalTowerInteractables,CMD_TowerF1_Look_Portrait,13447640398209024,Ваши глаза никак не отведутся от фигуры на картине
TerminalTowerInteractables,CMD_TowerF1_Look_Portrait_PuzzleBeat,172612003988234240,"Оглядываясь на <param>PORTRAIT</param>, вы понимаете, что его былое очарование остаётся загадкой"
TerminalTowerInteractables,CMD_TowerF1_Look_RightLever,172612004005011467,"Как ни странно, с широко открытыми глазами вы не можете найти <param>LEVER</param>, на который можно (<cmd>LOOK</cmd>) посмотреть"
TerminalTowerInteractables,CMD_TowerF1_Look_Torch_PuzzleBeat,172612004005011463,"Обычный <param>TORCH</param>. Выглядит (<cmd>LOOK</cmd>) точно так же, как остальные"
TerminalTowerInteractables,CMD_TowerF1_Look_Wall_PuzzleBeat,172612004005011460,Стены вокруг комнаты ничем не примечательны... если не считать огромного висящего <param>PORTRAIT</param>
TerminalTowerInteractables,CMD_TowerF1_Use_Banner,142936538205904896,<param>BANNER</param> реагирует на ваше внимание. Она светится от вашего желания применить <cmd>USE</cmd>
TerminalTowerInteractables,CMD_TowerF1_Use_Book,50863267840,Смысл <param>BOOK</param> неразгадан. Лучше всего запомнить её содержание
TerminalTowerInteractables,CMD_TowerF1_Use_Corpse,140736565817106441,"Остаётся только гадать, какие знания можно получить, применив <cmd>USE</cmd> к <param>CORPSE</param>"
TerminalTowerInteractables,CMD_TowerF1_Use_Floor,172612004005011459,Команду <cmd>USE</cmd> не к чему применить на <param>FLOOR</param>
TerminalTowerInteractables,CMD_TowerF1_Use_Gate,1793785323520,Сейчас нет способа открыть <param>GATE</param>
TerminalTowerInteractables,CMD_TowerF1_Use_Gate_PostF7,177299174900883456,Больше никогда не будет способа снова открыть эти <param>GATE</param>
TerminalTowerInteractables,CMD_TowerF1_Use_InkBottle,363645100032,Ваши пальцы испачканы чернилами. От этого нет никакого толку.
TerminalTowerInteractables,CMD_TowerF1_Use_LeftLever,172642183129587712,"Чтобы применить <cmd>USE</cmd> к <param>LEVER</param>, нужен сильный рывок — наконец он опускается вниз"
TerminalTowerInteractables,CMD_TowerF1_Use_LeftLever_Lowered,172642183129587715,Больше нет нужды применять <cmd>USE</cmd> к этому <param>LEVER</param>
TerminalTowerInteractables,CMD_TowerF1_Use_Note,140736565817106433,"Содержание записки причиняет боль, как это часто бывает с воспоминаниями"
TerminalTowerInteractables,CMD_TowerF1_Use_Orb,293197570048,Туман <param>ORB</param> сковывает ваши слова и расширяет ваш разум
TerminalTowerInteractables,CMD_TowerF1_Use_OrbAfterBannerSequence,140736565817106434,"Невозможно вновь вызвать то состояние сознания, что подарил вам <param>ORB</param>"
TerminalTowerInteractables,CMD_TowerF1_Use_Orb_MindEntranced,172642183125393408,"Отступив от влияния <param>ORB</param>, вы вновь обретаете дар речи"
TerminalTowerInteractables,CMD_TowerF1_Use_Portrait,140736565817106439,"Даже если бы твои глаза были открыты, команда <cmd>USE</cmd> не сработает на <param>PORTRAIT</param>"
TerminalTowerInteractables,CMD_TowerF1_Use_Portrait_PuzzleBeat,172612004005011456,Команда <cmd>USE</cmd> не сработает на <param>PORTRAIT</param>
TerminalTowerInteractables,CMD_TowerF1_Use_RightLever,172612004005011465,"Чтобы применить <cmd>USE</cmd> к <param>LEVER</param>, нужен сильный рывок — наконец он опускается вниз"
TerminalTowerInteractables,CMD_TowerF1_Use_RightLever_PuzzleBeat,172612004005011466,Опущенный <param>LEVER</param> больше не поддаётся
TerminalTowerInteractables,CMD_TowerF1_Use_Torch,172612004005011462,Команда <cmd>USE</cmd> не сработает на <param>TORCH</param>
TerminalTowerInteractables,CMD_TowerF1_Use_Wall,172612004005011461,Нет способа применить <cmd>USE</cmd> к самой <param>WALL</param>
TerminalTowerInteractables,CMD_TowerF2_Look_LeftObject,141366694155116544,<param>SWORD</param>. Он повидал лучшие времена
TerminalTowerInteractables,CMD_TowerF2_Look_LeftObject_Gems,141366694159310849,Коллекция <param>GEMS</param>. Раньше они сияли ярче
TerminalTowerInteractables,CMD_TowerF2_Look_MiddleObject,141366694159310851,Пустая <param>CHALICE</param>. Слегка заржавела
TerminalTowerInteractables,CMD_TowerF2_Look_MiddleObject_Palette,141366694159310853,Художественная <param>PALETTE</param>. Выглядит почти неиспользованной
TerminalTowerInteractables,CMD_TowerF2_Look_RightObject,103286694512418816,Сияющий <param>MEDALLION</param>. Разве раньше он не выглядел иначе?
TerminalTowerInteractables,CMD_TowerF2_Use_LeftObject,141366694159310848,Команда <cmd>USE</cmd> не сработает на <param>SWORD</param>. Сражаться не с кем
TerminalTowerInteractables,CMD_TowerF2_Use_LeftObject_Gems,141366694159310850,Команда <cmd>USE</cmd> не сработает на <param>GEMS</param>. Впечатлять больше некого
TerminalTowerInteractables,CMD_TowerF2_Use_MiddleObject,141366694159310852,Команда <cmd>USE</cmd> не сработает на <param>CHALICE</param>. Утолять жажду не нужно
TerminalTowerInteractables,CMD_TowerF2_Use_MiddleObject_Palette,141366694159310854,Команда <cmd>USE</cmd> не сработает на <param>PALETTE</param>. Мечтам не суждено сбыться
TerminalTowerInteractables,CMD_TowerF2_Use_RightObject,103286694520807424,<param>MEDALLION</param> холоден на ощупь. Это цельный металл
TerminalTowerInteractables,CMD_TowerOutside_Go_Moon,103255331893665798,"К сожалению, <param>MOON</param> вне досягаемости"
TerminalTowerInteractables,CMD_TowerOutside_Look_Gate,138070492957368320,"Вы видите, что эти <param>GATE</param> предназначены для открывания, но не находите очевидного способа это сделать"
TerminalTowerInteractables,CMD_TowerOutside_Look_Lever,138104460117270529,"<param>LEVER</param> на вид (<cmd>LOOK</cmd>) старый и ржавый, будто им не пользовались (<cmd>USE</cmd>) целую вечность"
TerminalTowerInteractables,CMD_TowerOutside_Look_Lever_Lowered,138104460121464832,Старый и ржавый <param>LEVER</param> больше не двигается
TerminalTowerInteractables,CMD_TowerOutside_Look_Moon,103255331893665796,"Пока вы <cmd>LOOK</cmd> на <param>MOON</param>, она реагирует на ваш пристальный взгляд. Вы видите, как <param>TABLET</param> исчезает, открывая <param>LEVER</param>"
TerminalTowerInteractables,CMD_TowerOutside_Look_MoonTablet,138053894943006721,<param>TABLET</param> украшена изображениями: пристально смотрящий (<cmd>LOOK</cmd>) глаз и полумесяц <param>MOON</param>
TerminalTowerInteractables,CMD_TowerOutside_Look_Moon_AfterLook,138104460117270528,Смотреть (<cmd>LOOK</cmd>) на <param>MOON</param> по-прежнему завораживает. Не стоит больше медлить
TerminalTowerInteractables,CMD_TowerOutside_Use_Gate,138070492953174016,"Бесполезно, <param>GATE</param> не поддаётся"
TerminalTowerInteractables,CMD_TowerOutside_Use_Lever,138104460117270530,"Чтобы применить <cmd>USE</cmd> к <param>LEVER</param>, нужен сильный рывок — наконец он опускается вниз"
TerminalTowerInteractables,CMD_TowerOutside_Use_Lever_Lowered,138104460121464833,<param>LEVER</param> застрял на месте. Сдвинуть его больше невозможно
TerminalTowerInteractables,CMD_TowerOutside_Use_Moon,103255331893665795,"Что бы вы ни задумали, <param>MOON</param> не про то, чтобы её можно было <cmd>USE</cmd>"
TerminalTowerInteractables,CMD_TowerOutside_Use_MoonTablet,138053894943006720,<param>TABLET</param> холодна на ощупь
TerminalTowerInteractables,CMD_towerGuppy_Look_Ankh,121043437480828929,Шахматная фигура <param>BISHOP</param>. Она привинчена к столу
TerminalTowerInteractables,CMD_towerGuppy_Look_Book,120734022902996992,Скорбный взгляд (<cmd>LOOK</cmd>) на <param>BOOK</param> раскрывает впечатляющую иллюстрацию
TerminalTowerInteractables,CMD_towerGuppy_Look_Book_UnlockedFigurehead,123259259423023104,Книга раскрывает тайник среди своих страниц
TerminalTowerInteractables,CMD_towerGuppy_Look_Chessboard,121500417777459200,"Пристальный взгляд (<cmd>LOOK</cmd>) на <param>CHESSBOARD</param> выделяет одну <param>BLACK PAWN</param> не на своём месте
Введите <cmd>EXIT</cmd>, чтобы выйти"
TerminalTowerInteractables,CMD_towerGuppy_Look_Chessboard_AfterCheckmate,173599903391408129,Королевская цель уже решена. Нет нужды (<cmd>LOOK</cmd>) смотреть дальше
TerminalTowerInteractables,CMD_towerGuppy_Look_Chessboard_AfterPawn,173599903391408128,С новой <param>WHITE PAWN</param> доска выглядит готовой к применению <cmd>USE</cmd>
TerminalTowerInteractables,CMD_towerGuppy_Look_Chessboard_PickedUpBlackPawn,173599903383019520,"Пристальный взгляд (<cmd>LOOK</cmd>) на <param>CHESSBOARD</param>
Введите <cmd>EXIT</cmd>, чтобы выйти"
TerminalTowerInteractables,CMD_towerGuppy_Look_Circle,146758662225911809,"Незавершённый алхимический <param>CIRCLE</param>, используемый для трансформации материи"
TerminalTowerInteractables,CMD_towerGuppy_Look_Circle_AfterCheckmate,158892072423645184,"Алхимический <param>CIRCLE</param> ярко сияет, готовый к применению <cmd>USE</cmd>"
TerminalTowerInteractables,CMD_towerGuppy_Look_Circle_TookFigurehead,158892072423645185,Алхимический <param>CIRCLE</param> теперь неактивен
TerminalTowerInteractables,CMD_towerGuppy_Look_Mirror,121164357310603264,Сапфирово-синее <param>MIRROR</param>. Отражение <param>BISHOP</param> в нём инвертирует цвета
TerminalTowerInteractables,CMD_towerGuppy_Use_Ankh,121043437480828928,Эта <param>BISHOP</param> уже используется (<cmd>USE</cmd>). <param>MIRROR</param> перед ней похожа на артефакт из <color=yellow>другого мира</color>
TerminalTowerInteractables,CMD_towerGuppy_Use_Book,120734022894608384,<param>BOOK</param> раскрывает своё содержимое
TerminalTowerInteractables,CMD_towerGuppy_Use_Book_TookFigurehead,123259259423023105,Больше нечего применить <cmd>USE</cmd> к <param>BOOK</param>
TerminalTowerInteractables,CMD_towerGuppy_Use_Book_UnlockedFigurehead,123259259418828800,Вы забираете шахматную фигуру с собой
TerminalTowerInteractables,CMD_towerGuppy_Use_Chessboard,121500417735516160,"Чтобы применить <cmd>USE</cmd> к <param>CHESSBOARD</param>, для королевской цели нужна ещё одна белая фигура"
TerminalTowerInteractables,CMD_towerGuppy_Use_Chessboard_AfterCheckmate,158892072427839488,Королевская цель уже решена. Больше нет применения <cmd>USE</cmd> для доски
TerminalTowerInteractables,CMD_towerGuppy_Use_Chessboard_AfterPawn,121500417777459201,"Фигуры готовы к тому, чтобы их расставили на доске
Введите <cmd>EXIT</cmd> или закройте окно <param>CHESSBOARD</param>, чтобы выйти"
TerminalTowerInteractables,CMD_towerGuppy_Use_Circle,146758662225911808,Пока нет способа применить <cmd>USE</cmd> к этому алхимическому устройству
TerminalTowerInteractables,CMD_towerGuppy_Use_Circle_AfterCheckmate,158892072406867968,"Направив свою волю в <param>CIRCLE</param>, вы преображаете <param>fallen knight</param>"
TerminalTowerInteractables,CMD_towerGuppy_Use_Circle_TookFigurehead,158892072423645186,Этому магическому артефакту больше нет применения <cmd>USE</cmd>
TerminalTowerInteractables,CMD_towerGuppy_Use_Mirror,121164357306408960,Это <param>MIRROR</param> уже используется (<cmd>USE</cmd>). Подобные артефакты можно найти только в <color=yellow>другом мире</color>
TerminalTowerInteractables,TowerF1_LeftRoom_orbTerminalHijack,140736565817106438,"!@#$%^&*()_+-=[]\{}|;':"",./<>?"
TerminalTowerInteractables,TowerF1_RightRoom_portraitTerminalHijack,140736565817106443,LOOK PORTRAIT
TerminalTowerInteractables,TowerF2_confrontFearsTerminalHijack,173013179749621760,CONFRONT FEARS
TerminalTowerInteractables,TowerGuppy_welcomeText,153337653485363200,Вы входите в комнату со странным чувством узнавания
TerminalTowerInteractables,TowerGuppy_welcomeText_whitePawn,173643997052395520,Вы входите в комнату со странным чувством узнавания. Теперь на столе лежит <color=yellow>WHITE PAWN</color>
TerminalTowerInteractables,desc_int_F1MainHall_gate_1puzzlebeaten,12063096872935424,"Прутья {gate_desc_look} затрещали после моих действий в комнате. Должно быть, уже близко. {gate_desc_use}"
TerminalTowerInteractables,desc_int_F1MainHall_gate_2puzzlebeaten,12063213218734080,{gate_desc_look} опустились до самой земли. Теперь я могу продолжить путь.
TerminalTowerInteractables,desc_int_F1MainHall_gate_default,12062826717814784,"Похоже, {gate_desc_look} мешает мне добраться до верха. Нужно найти способ его открыть. {gate_desc_use}"
TerminalTowerInteractables,desc_int_F1MainHall_left_default,12388627760799744,"Я не знаю, что там впереди, но, кажется, оно дышит."
TerminalTowerInteractables,desc_int_F1MainHall_left_puzzleBeaten,12388798657716224,Теперь я понимаю. Моё озарение расцвело. Мне больше нечего делать в этой комнате.
TerminalTowerInteractables,desc_int_F1MainHall_left_puzzleProgress,12388742957359104,"Это исходит от шара, стоящего на столе. Нужно разобраться подробнее."
TerminalTowerInteractables,desc_int_F1MainHall_right_default,12389711535398912,"Я не знаю, что там, но оно манит."
TerminalTowerInteractables,desc_int_F1MainHall_right_puzzleBeaten,12389756355731456,Я укротил это желание. Моя воля крепнет. Мне больше нечего делать в этой комнате.
TerminalTowerInteractables,desc_int_F1MainHall_right_puzzleProgress,12389740866166784,"Это исходит от портрета, который не идёт у меня из головы. Нужно разобраться подробнее."
TerminalTowerInteractables,desc_towerF1_book,14132635039793152,desc_towerF1_book
TerminalTowerInteractables,desc_towerF1_eyeNotes_afterClose,13376092847988736,потому что его глаза плотно закрыты.
TerminalTowerInteractables,desc_towerF1_eyeNotes_default,13376047318818816,потому что не может отвести взгляд от портрета.
TerminalTowerInteractables,desc_towerF1_lever_default,13376790482378752,{lever_desc_use}
TerminalTowerInteractables,desc_towerF1_mainHall_gate_lookInteraction,12063409654767616,<wave>ржавые</wave> ворота
TerminalTowerInteractables,desc_towerF1_mainHall_gate_useInteraction,12063853294690304,"<wave>Я пытался найти слабые места, но они не поддаются.
 </wave>"
TerminalTowerInteractables,desc_towerF1_orb,14132718594523136,desc_towerF1_orb
TerminalTowerInteractables,desc_towerF1_portraitRoom_lever_useInteraction,13375887993987072,"Путник нашёл в комнате рычаг. Потянув за него, он привёл в действие механизм, скрывший портрет. Путник открыл глаза и записал в своих заметках: «Я услышал звук в главном зале. Возможно, мои действия в комнате с портретом помогли открыть железные ворота»."
TerminalTowerInteractables,desc_towerF1_portraitRoom_torch_feelInteraction,13375668376035328,"Путник ещё подумал, что потрогать горящий факел — хорошая идея. Однако после этого он усвоил ценный урок."
TerminalTowerInteractables,desc_towerF1_sight_afterClose,13375362539970560,"Закрыв глаза, путник вновь обретает самообладание. Не видя ничего, путник ползёт и на ощупь <b>ЧУВСТВУЕТ</b> холодный <b>ПОЛ</b>."
TerminalTowerInteractables,desc_towerF1_torch_default,13376641190322176,{torch_desc_feel}
Websurfer_contents,,28160707496239104,Поиск
Websurfer_contents,,28160707496239105,Найденные страницы
Websurfer_contents,,28160707496239106,"Благодаря возможностям кеша сеанса nextOS вы можете восстановить ранее посещённые веб-страницы в WebSurfer2.0 — если введёте точный веб-адрес! Ниже список сайтов, которые вам удалось восстановить на данный момент:"
Websurfer_contents,,28160707496239107,Подключение к интернету не найдено!
Websurfer_contents,,28160707496239108,"Ой! Вы точно ввели <b><u>точный веб-адрес</u></b> страницы, которую пытаетесь посетить? 

Без подключения к интернету WebSurfer2.0 покажет только те страницы, которые <b><u>уже посещались</b></u> этим профилем пользователя. "
Websurfer_contents,,28160707496239109,НОВОЕ: STP+ v1.9
Websurfer_contents,,28160707496239110,"Новые теги, бета-доступ и многое другое!"
Websurfer_contents,,28160707496239111,Нажмите здесь
Websurfer_contents,,28160707496239113,Знак одобрения Websurfer
Websurfer_contents,,28160707496239115,Dw33bnation — топ-10 в инновациях 
Websurfer_contents,,28160707496239117,«Золотая награда 100» — журнал PCw  
Websurfer_contents,,28160707496239118,О себе
Websurfer_contents,,28160707496239119,Список версий
Websurfer_contents,,28160707496239120,FAQ
Websurfer_contents,,28160707496239121,Список загрузок
Websurfer_contents,,28160707496239122,Список рассылки
Websurfer_contents,,28160707496239123,"Если вам нужно больше информации о Storyteller+, связанных продуктах и/или проектах, свяжитесь с нами и подумайте о том, чтобы присоединиться к списку рассылки. Storyteller+ во всех своих версиях является зарегистрированным товарным знаком Spiralsoft и защищён законами об авторском праве, запрещающими использование бренда и/или упоминание его в любом виде."
Websurfer_contents,,28160707496239124,"Сегодня четверг, 22 января 1998 года"
Websurfer_contents,,28160707500433408,"Ребёнок спасён при пожаре. Один погибший, трое пострадавших. Обвинения в поджоге сняты."
Websurfer_contents,,28160707500433409,Вашингтон — статья написана и отредактирована 06/14/1997
Websurfer_contents,,28160707500433410,"<b>В минувший четверг </b>жители маленького городка Сильвер-Вэлли в округе Пирс были потрясены, обнаружив ночью пожар в доме. Мужчина средних лет Хэл Уотерс был арестован местным департаментом шерифа и взят под стражу из-за недопонимания и противоречивых сведений между соседями."
Websurfer_contents,,28160707500433411,"В разгар суматохи будущий <i>местный герой</i> сумел спасти из огня свою двухлетнюю племянницу Гвен Уотерс. Уолтер Уотерс, отец малышки, трагически погиб до прибытия спасателей. Трое молодых людей получили травмы, пытаясь потушить пожар."
Websurfer_contents,,28160707500433412,"По словам властей, вмешательство прохожих сделало усилия спасательной команды по спасению дома практически невозможными. «<i>Нужно помнить, что важно сохранять спокойствие и всегда оставлять героические поступки профессионалам</i>», — заявил местный пожарный Джордж К. Флауэрс."
Websurfer_contents,,28160707500433413,Уолтер Уотерс 1935–1997
Websurfer_contents,,28160707500433414,Главное
Websurfer_contents,,28160707500433415,Политика
Websurfer_contents,,28160707500433416,Спорт
Websurfer_contents,,28160707500433417,Погода
Websurfer_contents,,28160707500433418,Экономика
Websurfer_contents,,28160707500433419,Вчерашние новости
Websurfer_contents,,28160707500433420,Архив за месяц
Websurfer_contents,,28160707500433421,Подписки
Websurfer_contents,,28160707500433422,Контакты и реклама
Websurfer_contents,CMAA_Footer_Link,41737622467371046,контактная информация и адреса
Websurfer_contents,CMAA_SideMenu_AboutUs,41737622467371044,О нас
Websurfer_contents,CMAA_SideMenu_Admissions,41737622467371042,ПРИЁМ
Websurfer_contents,CMAA_SideMenu_Alumni,41737622467371041,Успехи выпускников
Websurfer_contents,CMAA_SideMenu_Exchange,41737622467371043,Программы обмена
Websurfer_contents,CMAA_SideMenu_InfoRequests,41737622467371045,Запросы информации
Websurfer_contents,CMAA_TopRow_Dance,41737622467371037,ТАНЕЦ
Websurfer_contents,CMAA_TopRow_Film/Video,41737622467371038,КИНО/ВИДЕО
Websurfer_contents,CMAA_TopRow_Literature,41737622467371036,ЛИТЕРАТУРА
Websurfer_contents,CMAA_TopRow_Music,41737622467371039,МУЗЫКА
Websurfer_contents,CMAA_TopRow_Theatre,41737622467371040,ТЕАТР
Websurfer_contents,CMAA_TopRow_VisualArts,41737622467371035,ИСКУССТВО
Websurfer_contents,Chain_ADM_FooterShowingTitle,39058873141682176,Показано 1–10 из 256
Websurfer_contents,Chain_ADM_InBoxDate1,38850690825576478,10 июл
Websurfer_contents,Chain_ADM_InBoxDate10,38850690825576487,2 апр
Websurfer_contents,Chain_ADM_InBoxDate3,38850690825576480,28 июн
Websurfer_contents,Chain_ADM_InBoxDate4,38850690825576481,9 июн
Websurfer_contents,Chain_ADM_InBoxDate5,38850690825576482,27 мая
Websurfer_contents,Chain_ADM_InBoxDate6,38850690825576483,22 мая
Websurfer_contents,Chain_ADM_InBoxDate7,38850690825576484,17 мая
Websurfer_contents,Chain_ADM_InBoxDate8,38850690825576485,3 мая
Websurfer_contents,Chain_ADM_InBoxDate9,38850690825576486,4 апр
Websurfer_contents,Chain_ADM_InBoxFromAnderson,40893049906126849,"Андерсон, К."
Websurfer_contents,Chain_ADM_InBoxFromQSUM,40893049901932544,QSUMWODWRGA
Websurfer_contents,Chain_ADM_InBoxFromSpiral,40893049906126848,Spiralsoft Management
Websurfer_contents,Chain_ADM_InBoxFromYCWC,40893049906126850,YCWCIXXCUT
Websurfer_contents,Chain_ADM_InBoxSubject1,38850690825576488,MYNZIOKOQRAKOEGDDCWMSFAOVRMS
Websurfer_contents,Chain_ADM_InBoxSubject10,38850690825576497,RE: PRM-ISSUE143
Websurfer_contents,Chain_ADM_InBoxSubject2,38850690825576489,Инструкции по вашему увольнению
Websurfer_contents,Chain_ADM_InBoxSubject3,38850690825576490,RE: CHR-ISSUE92
Websurfer_contents,Chain_ADM_InBoxSubject4,38850690825576491,RE: STP-BUG24
Websurfer_contents,Chain_ADM_InBoxSubject5,38850690825576492,RE:RE:RE: CHR-ISSUE91
Websurfer_contents,Chain_ADM_InBoxSubject6,38850690825576493,RE: Обеспокоенность ценностями компании
Websurfer_contents,Chain_ADM_InBoxSubject7,38850690825576494,Мысли об улучшении самовосприятия...
Websurfer_contents,Chain_ADM_InBoxSubject8,38850690825576495,RE: CHR-ISSUE90
Websurfer_contents,Chain_ADM_InBoxSubject9,38850690825576496,YVCORMLURODETFYOWXMO
Websurfer_contents,Chain_ADM_InBoxTitle,38850690825576467,Входящие Эммета Саундера
Websurfer_contents,Chain_BUG24_MessageContent,40932026231021585,"Принято. Создана соответствующая задача.
Спасибо, г-н Саундер."
Websurfer_contents,Chain_BUG24_MessageContentSent,40932026231021586,7 июня 1995
Websurfer_contents,Chain_BUG24_MessageREContent,40932026231021588,"Storyteller+, отчёт об ошибке 24
Операционная система вылетает при вложенных тегах стиля.
Пример для воспроизведения ошибки:
<incr><swing><glow>ТЕСТ</glow></swing></incr>"
Websurfer_contents,Chain_BUG24_SentTitle,40932026231021584,9 июня 1995
Websurfer_contents,Chain_BUG24_SubjectTitle,40932026231021583,RE: STP-BUG24
Websurfer_contents,Chain_CHR91_MessageContent,40932026231021578,"Принято.
Спасибо, г-н Саундер."
Websurfer_contents,Chain_CHR91_MessageContentSent,40932026231021579,22 мая 1995
Websurfer_contents,Chain_CHR91_MessageContentSubject,40932026231021580,RE:RE: CHR-ISSUE91
Websurfer_contents,Chain_CHR91_MessageREContent,40932026231021581,"Chronolog, тикет 91
Настройка сортировки записей по дате работает некорректно.
СТАТУС: РЕШЕНО.
Прошу изменить статус тикета."
Websurfer_contents,Chain_CHR91_SentTitle,40932026231021577,27 мая 1995
Websurfer_contents,Chain_CHR91_SubjectTitle,40932026231021576,RE:RE:RE: CHR-ISSUE91
Websurfer_contents,Chain_CHR92_MessageContent,40932026231021571,"Г-н Саундер, это выходит за рамки задачи и совершенно излишне. Не могли бы вы сосредоточиться на функциях, которые действительно нужны обычному пользователю?"
Websurfer_contents,Chain_CHR92_MessageContentSent,40932026231021572,27 июня 1995
Websurfer_contents,Chain_CHR92_SentTitle,40932026231021570,28 июня 1995
Websurfer_contents,Chain_CHR92_SubjectTitle,40932026231021569,RE: CHR-ISSUE92
Websurfer_contents,Chain_DateTitle,38850690825576456,Дата
Websurfer_contents,Chain_Footer,38850690825576465,©1995 Chainmailer. Все права защищены.
Websurfer_contents,Chain_FromLabel,38850690825576455,От:
Websurfer_contents,Chain_FromTitle,38850690825576454,От
Websurfer_contents,Chain_HAL_FooterShowingTitle,40893049910321201,Показано 1–10 из 92
Websurfer_contents,Chain_HAL_InBoxDate1,40893049910321181,11 ноя
Websurfer_contents,Chain_HAL_InBoxDate10,40893049910321190,3 янв
Websurfer_contents,Chain_HAL_InBoxDate2,40893049910321182,13 окт
Websurfer_contents,Chain_HAL_InBoxDate3,40893049910321183,12 сен
Websurfer_contents,Chain_HAL_InBoxDate4,40893049910321184,11 авг
Websurfer_contents,Chain_HAL_InBoxDate5,40893049910321185,12 июл
Websurfer_contents,Chain_HAL_InBoxDate6,40893049910321186,12 июн
Websurfer_contents,Chain_HAL_InBoxDate7,40893049910321187,30 апр
Websurfer_contents,Chain_HAL_InBoxDate8,40893049910321188,14 фев
Websurfer_contents,Chain_HAL_InBoxDate9,40893049910321189,21 янв
Websurfer_contents,Chain_HAL_InBoxFromHelpUs,40893049910321177,HelpUsFind
Websurfer_contents,Chain_HAL_InBoxFromQuestC,40893049910321178,QuestChart Support
Websurfer_contents,Chain_HAL_InBoxFromScam1,40893049910321179,HookLineAndSinner
Websurfer_contents,Chain_HAL_InBoxFromScam2,40893049910321180,MoMoneyLessProb
Websurfer_contents,Chain_HAL_InBoxFromSilverV,40893049910321176,SilverValley Medical
Websurfer_contents,Chain_HAL_InBoxSubject1,40893049910321191,Страховой бланк — ноябрь
Websurfer_contents,Chain_HAL_InBoxSubject10,40893049910321200,Ежегодное обновление по вашему отчёту
Websurfer_contents,Chain_HAL_InBoxSubject2,40893049910321192,Страховой бланк — октябрь
Websurfer_contents,Chain_HAL_InBoxSubject3,40893049910321193,Страховой бланк — сентябрь
Websurfer_contents,Chain_HAL_InBoxSubject4,40893049910321194,Страховой бланк — август
Websurfer_contents,Chain_HAL_InBoxSubject5,40893049910321195,Страховой бланк — июль
Websurfer_contents,Chain_HAL_InBoxSubject6,40893049910321196,Страховой бланк — июнь
Websurfer_contents,Chain_HAL_InBoxSubject7,40893049910321197,QC: запрос на сброс пароля аккаунта
Websurfer_contents,Chain_HAL_InBoxSubject8,40893049910321198,HOOKLINEANDSINNER БЕСПЛАТНА НА ЭТОЙ НЕДЕЛЕ
Websurfer_contents,Chain_HAL_InBoxSubject9,40893049910321199,ВЫ ВЫИГРАЛИ!!! ПОБЕДИТЕЛЬ РОЗЫГРЫША '03!!!!!
Websurfer_contents,Chain_HAL_InBoxTitle,40893049910321175,Входящие Хэла Уотерса
Websurfer_contents,Chain_Hyperlink_1,38850690825576448,Входящие
Websurfer_contents,Chain_Hyperlink_2,38850690825576449,Написать
Websurfer_contents,Chain_Hyperlink_3,38850690825576450,Адреса
Websurfer_contents,Chain_Hyperlink_4,38850690825576451,Папки
Websurfer_contents,Chain_Hyperlink_5,38850690825576452,Настройки
Websurfer_contents,Chain_Hyperlink_6,38850690825576453,Выйти
Websurfer_contents,Chain_MAX_FooterShowingTitle,40893049910321174,Показано 11–20 из 698
Websurfer_contents,Chain_MAX_InBoxDate1,40893049910321154,16 фев
Websurfer_contents,Chain_MAX_InBoxDate2,40893049910321155,13 фев
Websurfer_contents,Chain_MAX_InBoxDate4,40893049910321157,9 фев
Websurfer_contents,Chain_MAX_InBoxDate5,40893049910321158,1 фев
Websurfer_contents,Chain_MAX_InBoxDate6,40893049910321159,31 янв
Websurfer_contents,Chain_MAX_InBoxDate9,40893049910321162,28 янв
Websurfer_contents,Chain_MAX_InBoxFromColorNews,40926720990109696,Рассылка C.O.L.O.R
Websurfer_contents,Chain_MAX_InBoxFromFridgeMagnets,40893049910321153,Fridgemagnets Support
Websurfer_contents,Chain_MAX_InBoxFromFridgeMagnetsNews,41932704395026432,Новости Fridgemagnets
Websurfer_contents,Chain_MAX_InBoxFromNextRooms,40893049910321152,NextRooms Support
Websurfer_contents,Chain_MAX_InBoxSubject1,40893049910321164,NextRooms: запрос на восстановление пароля
Websurfer_contents,Chain_MAX_InBoxSubject3,40893049910321166,Новый проект Somni Animation и не только...
Websurfer_contents,Chain_MAX_InBoxSubject6,40893049910321169,Забыли пароль? — запрос на сброс
Websurfer_contents,Chain_MAX_InBoxSubject7,40893049910321170,Приём заявок на GLDNPALOOZA '96 закрыт
Websurfer_contents,Chain_MAX_InBoxTitle,40893049906126851,Входящие Максин Саундер
Websurfer_contents,Chain_MessageHyperlink_1,38850690825576462,<Ответить
Websurfer_contents,Chain_MessageHyperlink_2,38850690825576463,<<Ответить всем
Websurfer_contents,Chain_MessageHyperlink_3,38850690825576464,>Переслать
Websurfer_contents,Chain_SentLabel,38850690825576461,Отправлено:
Websurfer_contents,Chain_SubjectLabel,38850690825576458,Тема:
Websurfer_contents,Chain_SubjectTitle,38850690825576457,Тема
Websurfer_contents,Chain_ToLabel,38850690825576460,Кому:
Websurfer_contents,Chain_ToTitle,38850690825576459,Кому
Websurfer_contents,DN_QCHR_Answer1Content,41737622475759684,NextOS не поддерживает никаких средств восстановления данных Chronolog. Реализовал решение с нуля. Отправьте запрос на esounder@cmail.com для дальнейшей помощи. 
Websurfer_contents,DN_QCHR_Answer1FooterLeft,41737622475759685,10 голосов
Websurfer_contents,DN_QCHR_Answer1FooterRight,41737622475759686,"ответил 25 апреля 1997, MMTT"
Websurfer_contents,DN_QCHR_AnswerTitle,41737622475759683,1 ответ
Websurfer_contents,DN_QNR_Answer1Content,41737622475759676,"Пожалуйста, воздержитесь от вопросов, нарушающих чужую конфиденциальность. Сообщение отправлено команде модерации. Если у вас добрые намерения, обратитесь в поддержку NextRooms."
Websurfer_contents,DN_QNR_Answer1FooterLeft,41737622475759677,-1 голос
Websurfer_contents,DN_QNR_Answer1FooterRight,41737622475759678,"ответил 25 апреля 1997, MMTT"
Websurfer_contents,DN_QNR_Answer2Content,41737622475759679,"к счастью, получить IP-адреса через клиент NextRooms невозможно. чтобы получить эти данные, пришлось бы взломать серверную инфраструктуру NextRooms!"
Websurfer_contents,DN_QNR_Answer2FooterLeft,41737622475759680,4 голоса
Websurfer_contents,DN_QNR_Answer2FooterRight,41737622475759681,"ответил 27 фев 1997, Гарри Зелик"
Websurfer_contents,DN_QNR_AnswerTitle,41737622475759675,2 ответа
Websurfer_contents,DN_YA_ButtonRow_Badges,41737622475759649,Награды
Websurfer_contents,DN_YA_ButtonRow_Questions,41737622475759645,Вопросы
Websurfer_contents,DN_YA_ButtonRow_Tags,41737622475759647,Теги
Websurfer_contents,DN_YA_ButtonRow_Unanswered,41737622475759650,Без ответа
Websurfer_contents,DN_YA_ButtonRow_Users,41737622475759648,Пользователи
Websurfer_contents,DN_YA_ButtonRow_YourAnswers,41737622475759646,Ваши ответы
Websurfer_contents,DN_YA_Footer,41737622475759673,©1997 dw33bnation - Manol Fox Corp. Все права защищены.
Websurfer_contents,DN_YA_Question1_Content,41737622475759653,"интересно, есть ли способ узнать IP-адрес или примерное местоположение по аккаунту NextRooms. это может быть угрозой безопасности, вот и любопытно."
Websurfer_contents,DN_YA_Question1_FooterLeft,41737622475759654,1 голос 2 ответа
Websurfer_contents,DN_YA_Question1_FooterRight,41737622475759655,"спросил 27 фев 1997, xX_bonecrusher_Xx"
Websurfer_contents,DN_YA_Question1_Title,41737622475759652,как узнать местоположение по аккаунту NextRooms?
Websurfer_contents,DN_YA_Question2_Content,41737622475759657,"я остановил процесс форматирования диска, и теперь Chronolog пуст. на рабочем столе записи ещё видны, но они повреждены. есть ли способ их восстановить?"
Websurfer_contents,DN_YA_Question2_FooterLeft,41737622475759658,12 голосов 1 ответ
Websurfer_contents,DN_YA_Question2_FooterRight,41737622475759659,"спросил 2 марта 1997, GasStationGawd"
Websurfer_contents,DN_YA_Question2_Title,41737622475759656,Восстановление повреждённого файла Chronolog
Websurfer_contents,DN_YA_Question3_Content,41737622475759661,Я КУПИЛ НОВЫЙ МОНИТОР И КОМПЬЮТЕР ВСЁ ЕЩЁ ВКЛЮЧЕН НО МОНИТОР ВЫКЛЮЧАЕТСЯ САМ. КАК ПОНЯТЬ ЭТО ПРОБЛЕМА С КАБЕЛЕМ?
Websurfer_contents,DN_YA_Question3_FooterLeft,41737622475759662,-7 голосов 1 ответ
Websurfer_contents,DN_YA_Question3_FooterRight,41737622475759663,"спросил 16 марта 1997, pop_parker"
Websurfer_contents,DN_YA_Question3_Title,41737622475759660,МОНИТОР ВЫКЛЮЧАЕТСЯ ПОМОГИТЕ
Websurfer_contents,DN_YA_Question4_Content,41737622475759665,"у меня есть контейнер, и какие бы теги стилей я ни добавлял, он всё равно не по центру. помогите!"
Websurfer_contents,DN_YA_Question4_FooterLeft,41737622475759666,-1 голос 1 ответ
Websurfer_contents,DN_YA_Question4_FooterRight,41737622475759667,"спросил 16 марта 1997, derg0z"
Websurfer_contents,DN_YA_Question4_Title,41737622475759664,Как отцентрировать контейнер в WebSurferStudio?
Websurfer_contents,DN_YA_Question5_Content,41737622475759669,"здравствуйте, у меня есть общая папка для обмена файлами изображений между пользователями, и как только в папке становится больше определённого количества файлов, ОС запускает безопасный режим. почему???"
Websurfer_contents,DN_YA_Question5_FooterLeft,41737622475759670,6 голосов 7 ответов
Websurfer_contents,DN_YA_Question5_FooterRight,41737622475759671,"спросил 16 марта 1997, drunk3n_n1nj4"
Websurfer_contents,DN_YA_Question5_Title,41737622475759668,NextOS запускает безопасный режим после использования общей папки
Websurfer_contents,DN_YA_SectionTitle,41737622475759651,Ваши ответы
Websurfer_contents,DN_YA_ShowingTitle,41737622475759672,Показано 1–5 из 548
Websurfer_contents,DN_YA_TopRow_LogOut,41737622475759643,Выйти
Websurfer_contents,DN_YA_TopRow_Rank,41737622475759642,Ранг: №3
Websurfer_contents,DN_YA_TopRow_Slogan,41737622475759644,«Глупых вопросов не бывает»
Websurfer_contents,DN_YA_TopRow_Username,41737622475759641,MMTT
Websurfer_contents,Fiddler_Admin_Search1,41014904704983047,шаблон извинительного письма
Websurfer_contents,Fiddler_Admin_Search10,41014904704983056,лей-линии Вашингтон — Египет
Websurfer_contents,Fiddler_Admin_Search2,41014904704983048,мост Division Terrace
Websurfer_contents,Fiddler_Admin_Search3,41014904704983049,диаграмма фаз луны
Websurfer_contents,Fiddler_Admin_Search4,41014904704983050,карта таро отшельник
Websurfer_contents,Fiddler_Admin_Search5,41014904704983051,карта таро башня
Websurfer_contents,Fiddler_Admin_Search6,41014904704983052,альтернативный график сна
Websurfer_contents,Fiddler_Admin_Search7,41014904704983053,количество ртути в среднем организме
Websurfer_contents,Fiddler_Admin_Search8,41014904704983054,предельно допустимая доза ртути для организма
Websurfer_contents,Fiddler_Admin_Search9,41014904704983055,лей-линии островов Коронадо
Websurfer_contents,Fiddler_Button_Cool,41014904700788738,Круто
Websurfer_contents,Fiddler_Button_Mail,41014904700788739,Почта
Websurfer_contents,Fiddler_Button_More,41014904700788740,Ещё
Websurfer_contents,Fiddler_Button_New,41014904700788737,Новое
Websurfer_contents,Fiddler_Footer,41014904700788747,©1995 The Fiddler — поиск по более чем 800 000 сайтов
Websurfer_contents,Fiddler_HAL_Search2,41014904700788750,что такое desktop exxplorer в моём компьютере
Websurfer_contents,Fiddler_HAL_Search3,41014904700788751,как быстро избавиться от кошмаров
Websurfer_contents,Fiddler_HAL_Search5,41014904700788753,недорогие бренды детских переносок
Websurfer_contents,Fiddler_HAL_Search6,41014904700788754,группы поддержки при потере близкого
Websurfer_contents,Fiddler_HAL_Search7,41014904700788755,"чем заняться, чтобы отвлечься"
Websurfer_contents,Fiddler_HAL_Search8,41014904700788756,сообщества художников рядом со мной
Websurfer_contents,Fiddler_HAL_Search9,41014904700788757,конкурсы живописи рядом со мной
Websurfer_contents,Fiddler_Link_Classifieds,41014904700788743,Объявления
Websurfer_contents,Fiddler_Link_Maps,41014904700788742,Карты
Websurfer_contents,Fiddler_Link_News,41014904700788744,Новости
Websurfer_contents,Fiddler_Link_SportsScores,41014904700788745,Спорт
Websurfer_contents,Fiddler_Link_YellowPages,41014904700788741,Жёлтые страницы
Websurfer_contents,Fiddler_Max_Search10,41014904704983045,КАК ВОССТАНОВИТЬ ПАРОЛЬ NEXTROOMS
Websurfer_contents,Fiddler_Max_Search2,41014904700788761,nextrooms desktop explorer поделиться
Websurfer_contents,Fiddler_Max_Search9,41014904704983044,the sweaters даты тура
Websurfer_contents,Fiddler_Title_RecentSearches,41014904700788746,Недавние запросы:
Websurfer_contents,Fridge_Footer_Content1,41737622467371101,Страница отрисована и обработана всего за: 0.883692 секунд!
Websurfer_contents,Fridge_Footer_Content2,41737622467371102,"Copyright (c) 1996, Fridge Magnets Inc. Все права защищены.
НИ ОДНА ИЗ РАЗМЕЩЁННЫХ РАБОТ не может использоваться в коммерческих целях без письменного разрешения автора."
Websurfer_contents,Fridge_Footer_Link_Become,41737622467371097,Стать магнитом
Websurfer_contents,Fridge_Footer_Link_Contact,41737622467371100,Контакты
Websurfer_contents,Fridge_Footer_Link_Help,41737622467371099,Помощь
Websurfer_contents,Fridge_Footer_Link_Home,41737622467371096,Главная
Websurfer_contents,Fridge_Footer_Link_New,41737622467371098,Топ новинки
Websurfer_contents,Fridge_MaxPost_Comment1_Description,41737622467371112,"ого, я слежу за тобой уже давно и должен сказать, ты уже настолько хороша для своего возраста. моё личное вдохновение — мексиканская художница фрида кало... я правда уважаю сильных, творческих женщин, и ты похожа на одну из них. давай дружить! ;)"
Websurfer_contents,Fridge_MaxPost_Comment1_Title,41737622467371111,Femur (02:10 06/08)
Websurfer_contents,Fridge_MaxPost_Content,41737622467371105,"каждая из этих работ — это этап создания одной картины. я назвал их в честь любимых художников. забавно, что <b>их инициалы складываются в то, что я чувствую</b>, когда рисую!"
Websurfer_contents,Fridge_MaxPost_Title,41737622467371104,Прогресс работы — M4x1mus (23:14 06/07)
Websurfer_contents,Fridge_MovieQuizPost_Comment1_Description,41737622471565323,"чувак.. ты серьёзно ставишь rod & reel на один уровень с трилогией linkerlier? сам, походу, позёр"
Websurfer_contents,Fridge_MovieQuizPost_Comment1_Title,41737622471565322,cl0ckw0rk_emile (17:31 10/17)
Websurfer_contents,Fridge_MovieQuizPost_Comment2_Description,41737622471565325,"ты полностью права, k4m4r3n4. ненавижу этих задротов, которые несут пургу, будто хоть что-то смыслят в кино. большинство из них ещё не родились, когда вышел Impostor 2... эх"
Websurfer_contents,Fridge_MovieQuizPost_Comment2_Title,41737622471565324,KiNoBuM (10:02 10/18)
Websurfer_contents,Fridge_MovieQuizPost_Content,41737622471565313,"общий привет >_> вижу, куча детей обсуждает фильмы на других форумах, и я решил устроить киноквиз, чтобы отсеять позёров. сколько ответов пришлось гуглить? >:)"
Websurfer_contents,Fridge_MovieQuizPost_Content_Q1Content,41737622471565315,Кто написал саундтрек к <b>Dream In Gouache</b>?
Websurfer_contents,Fridge_MovieQuizPost_Content_Q1Title,41737622471565314,Вопрос 1.
Websurfer_contents,Fridge_MovieQuizPost_Content_Q2Content,41737622471565317,Какое чудовище — злодей в <b>Slasher Fest</b>?
Websurfer_contents,Fridge_MovieQuizPost_Content_Q2Title,41737622471565316,Вопрос 2.
Websurfer_contents,Fridge_MovieQuizPost_Content_Q3Content,41737622471565319,Какого цвета наживка у главного героя <b>Rod & Reel</b>?
Websurfer_contents,Fridge_MovieQuizPost_Content_Q3Title,41737622471565318,Вопрос 3.
Websurfer_contents,Fridge_MovieQuizPost_Content_Q4Content,41737622471565321,Как называется второй фильм <b>трилогии After от Linkearlier</b>?
Websurfer_contents,Fridge_MovieQuizPost_Content_Q4Title,41737622471565320,Вопрос 4.
Websurfer_contents,Fridge_MovieQuizPost_Title,41737622471565312,ЭЛИТНЫЙ киноквиз - K4M4R3N4 (16:52 10/17)
Websurfer_contents,Fridge_Searches_Author,41737622467371076,Автор:
Websurfer_contents,Fridge_Searches_Find,41737622467371075,Найти:
Websurfer_contents,Fridge_SideForums_Debates,41737622467371086,(214) Дискуссий
Websurfer_contents,Fridge_SideForums_FanArts,41737622467371084,(300+) Фанартов
Websurfer_contents,Fridge_SideForums_FanFics,41737622467371087,(199) Фанфиков
Websurfer_contents,Fridge_SideForums_Help,41737622467371088,(12) Помощь и предложения
Websurfer_contents,Fridge_SideForums_NewPosts,41737622467371083,Новое (за 14 дней)
Websurfer_contents,Fridge_SideForums_Songs,41737622467371085,(300+) Песен
Websurfer_contents,Fridge_SideForums_Title,41737622467371082,Форумы
Websurfer_contents,Fridge_SideMagnets_Become,41737622467371081,Стать магнитом
Websurfer_contents,Fridge_SideMagnets_Nickname,41737622467371078,Никнейм:
Websurfer_contents,Fridge_SideMagnets_NoAccount,41737622467371080,Нет аккаунта?
Websurfer_contents,Fridge_SideMagnets_Password,41737622467371079,Пароль:
Websurfer_contents,Fridge_SideMagnets_Title,41737622467371077,Магниты
Websurfer_contents,Fridge_SidePartners_CMAA,41737622467371091,АСИК
Websurfer_contents,Fridge_SidePartners_EHD,41737622467371090,FrogEmp Records
Websurfer_contents,Fridge_SidePartners_More,41737622467371095,ещё...
Websurfer_contents,Fridge_SidePartners_Somni,41737622467371092,Somni animation
Websurfer_contents,Fridge_SidePartners_Spiralsoft,41737622467371094,Spirasoft
Websurfer_contents,Fridge_SidePartners_Title,41737622467371089,Партнёры
Websurfer_contents,Fridge_SidePartners_WAMF,41737622467371093,Фонд WAMF
Websurfer_contents,Fridge_Top_Slogan,41737622467371074,"Ваши рисунки, мысли и всё остальное...
...наконец-то на семейном холодильнике"
Websurfer_contents,GameB_ButtonRow_Board,41737622471565340,Форум
Websurfer_contents,GameB_ButtonRow_Cheats,41737622471565336,Читы
Websurfer_contents,GameB_ButtonRow_Guides,41737622471565334,Гайды
Websurfer_contents,GameB_ButtonRow_News,41737622471565339,Новости
Websurfer_contents,GameB_ButtonRow_QA,41737622471565335,Вопросы
Websurfer_contents,GameB_ButtonRow_Reviews,41737622471565338,Обзоры
Websurfer_contents,GameB_ButtonRow_Saves,41737622471565337,Сохранения
Websurfer_contents,GameB_Footer,41737622471565341,©1995-1997 GameBagels
Websurfer_contents,GameB_Guides_LoztInTimeBody,41737622471565348,Lozt in Time (N46)
Websurfer_contents,GameB_Guides_LoztInTimeDate,41737622471565349,Обновлено: 06.01.1997
Websurfer_contents,GameB_Guides_LoztInTimeTitle,41737622471565347,Тайный путь лабиринта
Websurfer_contents,GameB_Guides_MeaningFBody,41737622471565351,Loud Valley f (PLE1)
Websurfer_contents,GameB_Guides_MeaningFDate,41737622471565352,Обновлено: 05.01.1997
Websurfer_contents,GameB_Guides_MeaningFTitle,41737622471565350,Смысл f
Websurfer_contents,GameB_Guides_NextRoomsBody,41737622471565354,NextRooms (NOS)
Websurfer_contents,GameB_Guides_NextRoomsDate,41737622471565355,Обновлено: 04.01.1997
Websurfer_contents,GameB_Guides_NextRoomsTitle,41737622471565353,Секретный танец
Websurfer_contents,GameB_Guides_NextRoomsTitle2,41737622471565356,Теории о коде Kojami
Websurfer_contents,GameB_Guides_ShowingFooter,41737622471565357,Показано 1–5 из 24
Websurfer_contents,GameB_Guides_Title,41737622471565343,Гайды и прохождения от Hazel82
Websurfer_contents,GameB_Guides_WormHoleBody,41737622471565345,Wormhole 2 (Arcade)
Websurfer_contents,GameB_Guides_WormHoleDate,41737622471565346,Обновлено: 07.01.1997
Websurfer_contents,GameB_Guides_WormHoleTitle,41737622471565344,Теория системы очков
Websurfer_contents,GameB_LoztInTime_Content1,41737622471565367,"вот это хороший вопрос! самый частый вопрос про Lozt in time от Nientiendo — это ответ насчёт её <b>лабиринтов</b>. все знают, что код kojami работает на протяжении всей игры для прохождения первого набора лабиринтов. однако <b>чтобы пройти второй набор, придётся воспользоваться секретным маршрутом:</b>"
Websurfer_contents,GameB_LoztInTime_Content2,41737622471565368,"это всё ещё код направлений, так что не забывай, где север!"
Websurfer_contents,GameB_LoztInTime_Date,41737622471565366,Обновлено: 07.01.1997
Websurfer_contents,GameB_LoztInTime_Title,41737622471565365,"Lozt In Time (N46)
Секретный путь в лабиринте от Hazel82"
Websurfer_contents,GameB_TopRow_CoinOp,41737622471565327,Автоматы
Websurfer_contents,GameB_TopRow_Computer,41737622471565329,Компьютер
Websurfer_contents,GameB_TopRow_Console,41737622471565328,Консоли
Websurfer_contents,GameB_TopRow_LogIn,41737622471565332,Войти
Websurfer_contents,GameB_TopRow_More,41737622471565331,и другое...
Websurfer_contents,GameB_TopRow_Portable,41737622471565330,Портативные
Websurfer_contents,GameB_TopRow_SignUp,41737622471565333,Зарегаться
Websurfer_contents,GameB_Wormhole_BackLink,41737622471565363,< Назад к гайдам Hazel82
Websurfer_contents,GameB_Wormhole_Content1,41737622471565361,"я только что посмотрел трейлер Wormhole 2, и у меня есть теории насчёт новой системы очков!
в начале трейлера мы видим кучу фиолетовых врагов. если приглядеться, количество очков за их уничтожение <b>зависит от числа углов</b> в форме корабля!"
Websurfer_contents,GameB_Wormhole_Content2,41737622471565362,"однако в некоторых кадрах ближе к концу те же корабли появляются другого цвета. моя теория в том, что <b>цвет корабля будет модификатором</b> количества очков за его уничтожение. а какие именно? наверное, спрошу свой <b>MagicBall</b>, раз игра ещё не вышла. ЛОЛ!"
Websurfer_contents,GameB_Wormhole_Date,41737622471565360,Обновлено: 06.01.1997
Websurfer_contents,GameB_Wormhole_Title,41737622471565359,"WormHole 2 (Arcade)
Теория системы очков от Hazel82"
Websurfer_contents,HelpUs_Footer,41737622467371072,Посетитель: 00147
Websurfer_contents,HelpUs_InfoPanel_Content,41737622467371067,"Если у вас есть какая-либо информация об этом человеке, отправьте письмо на:"
Websurfer_contents,HelpUs_InfoPanel_Disclaimer,41737622467371070,"Help us find.com — некоммерческая организация, миссия которой — помогать семьям находить пропавших близких. Рассмотрите возможность сделать пожертвование, чтобы помочь поддерживать этот сайт и предоставляемые нами услуги."
Websurfer_contents,HelpUs_InfoPanel_Donation,41737622467371071,Пожертвовать
Websurfer_contents,HelpUs_MainPanel_Age,41737622467371059,Возраст: 15
Websurfer_contents,HelpUs_MainPanel_Appearance,41737622467371063,Внешность:
Websurfer_contents,HelpUs_MainPanel_Back,41737622467371056,< Назад
Websurfer_contents,HelpUs_MainPanel_DateBirth,41737622467371060,Дата рождения:
Websurfer_contents,HelpUs_MainPanel_EyeColor,41737622467371065,Цвет глаз: карие
Websurfer_contents,HelpUs_MainPanel_HairColor,41737622467371064,Волосы: тёмно-каштановые
Websurfer_contents,HelpUs_MainPanel_Height,41737622467371066,Рост: 5'5''
Websurfer_contents,HelpUs_MainPanel_LastSeen,41737622467371062,Последний вход:
Websurfer_contents,HelpUs_MainPanel_MissingSince,41737622467371061,Пропала:
Websurfer_contents,HelpUs_MainPanel_MissingSince_DidYouForget,62370314158333952,Ты не забыл?
Websurfer_contents,HelpUs_MainPanel_Name,41737622467371058,Максин Файза Саундер
Websurfer_contents,HelpUs_MainPanel_Title,41737622467371057,Помогите найти:
Websurfer_contents,HelpUs_Search_Name,41737622467371048,Имя:
Websurfer_contents,HelpUs_SideMenu_BrowseCities,41737622467371052,Города
Websurfer_contents,HelpUs_SideMenu_Home,41737622467371050,Главная
Websurfer_contents,HelpUs_SideMenu_JoinUs,41737622467371054,Вступить
Websurfer_contents,HelpUs_SideMenu_MakeADonation,41737622467371053,Пожертвовать
Websurfer_contents,HelpUs_SideMenu_MostVisited,41737622467371051,Популярное
Websurfer_contents,HelpUs_SideMenu_Title,41737622467371049,Меню
Websurfer_contents,HelpUs_Sponsors_Title,41737622467371055,Спонсоры
Websurfer_contents,HelpUs_TopRow_Welcome,41737622467371047,"Привет, гость"
Websurfer_contents,History_Description_Label_1,28315835784224769,"Благодаря возможностям кеша сеанса nextOS вы можете восстановить ранее
посещённые веб-страницы в WebSurfer2.0 — если введёте точный веб-адрес или найдёте рабочую гиперссылку. Рабочие ссылки будут отображаться <b><color=#144FFF>синим</color></b>, а нерабочие — <b><color=#A20000>красным</color></b>.
Ниже список сайтов, которые вам удалось восстановить на данный момент:"
Websurfer_contents,History_Title_Label_1,28315835784224768,Найденные страницы
Websurfer_contents,Homepage_Comment1_Footer,727232536586,автор: T4vernBrew (Админ) (xx-xx-xx)
Websurfer_contents,Homepage_Comment1_Title,727232536584,Обновление TheFridge v1.2.4
Websurfer_contents,Homepage_Comment2_Footer,727232536589,автор: T4vernBrew (Админ) (xx-xx-xx)
Websurfer_contents,Homepage_Comment2_Title,727232536587,О борьбе с кибертравлей на TheFridge
Websurfer_contents,Homepage_Shout_Comment1_Author,727232536592,автор: badmintoner (xx:xx xx-xx-xx)
Websurfer_contents,Homepage_Shout_Comment1_Description,727232536591,"клянусь, цветовая схема TheFridge делает фанарт ещё круче."
Websurfer_contents,Homepage_Shout_Comment2_Author,727232536594,автор: ch41nz (xx:xx xx-xx-xx)
Websurfer_contents,Homepage_Shout_Comment2_Description,727232536593,СЕГОДНЯ ДР У @ca77y !! С ДНЮХОЙ-ЮЮЮЮЮЮЮЙ
Websurfer_contents,Homepage_Shout_Comment3_Author,727232536596,автор: GLDNCLAW [Админ] (xx:xx xx-xx-xx)
Websurfer_contents,Homepage_Shout_Comment3_Description,727232536595,"Приём заявок на GLDNPALOOZA '96 закрывается через 2 недели! Не забудьте указать мой юзернейм @GLDNCLAW в описании своей заявки, чтобы поучаствовать. Удачи!"
Websurfer_contents,Homepage_Shout_Comment4_Author,727232536598,автор: swabilicious (xx:xx xx-xx-xx)
Websurfer_contents,Homepage_Shout_Comment4_Description,727232536597,ЭКСКЛЮЗИВ: не пропустите релиз **phat swab LP** в эту субботу. скачайте превью в моём профиле  не пропустите!!!!!!!!
Websurfer_contents,Homepage_Shout_Title,727232536590,Шаутбокс
Websurfer_contents,LostInTime_Description1,727232536610,"вот это хороший вопрос! самый частый вопрос про Lost in time от Nientiendo — это ответ насчёт лабиринтов. все знают, что код kojami работает на протяжении всей игры для прохождения первого набора лабиринтов. однако чтобы пройти второй набор, придётся воспользоваться маршрутом с этой карты!"
Websurfer_contents,LostInTime_Description2,727232536611,"это всё ещё код направлений, так что не забывай, где север!"
Websurfer_contents,LostInTime_ImageFooter1,727232536612,Карта лабиринта Lost in time
Websurfer_contents,NRM_Adding_Section1Content1,41737622475759633,"Чтобы добавить друзей в список соседей, наведи мышь на кнопку «Соседи» и нажми кнопку «+Добавить соседа»"
Websurfer_contents,NRM_Adding_Section1Content2,41737622475759634,"Появится окно с запросом их кода соседа — введи его, и они получат твоё приглашение!"
Websurfer_contents,NRM_Adding_Section2Content,41737622475759636,"Каждому игроку выдаётся уникальный код, которым можно поделиться, чтобы пригласить на любой этаж. Коды соседей имеют формат: RC-XXXXXXX"
Websurfer_contents,NRM_Adding_Section2Title,41737622475759635,Коды соседей
Websurfer_contents,NRM_Adding_Title,41737622475759632,-Добавление соседей-
Websurfer_contents,NRM_Controls_Section1Content,41737622475759621,"NextRooms использует управление на «WASD»:
• W — вперёд
• A — влево
• S — назад
• D — вправо"
Websurfer_contents,NRM_Controls_Section1Title,41737622475759620,Перемещение по NextRooms
Websurfer_contents,NRM_Controls_Section2Content,41737622475759623,"Когда ты подходишь близко к объекту, с которым можно взаимодействовать, он начинает светиться.
Нажми E, чтобы взаимодействовать с ним."
Websurfer_contents,NRM_Controls_Section2InteractLabel1,41737622475759625,Слишком далеко
Websurfer_contents,NRM_Controls_Section2InteractLabel2,41737622475759626,Если светится — с этим можно взаимодействовать!
Websurfer_contents,NRM_Controls_Section2Title,41737622475759622,Взаимодействие в NextRooms
Websurfer_contents,NRM_Controls_Title,41737622475759619,-Управление-
Websurfer_contents,NRM_Footer,41737622471565378,©2003 NextRooms by Spiralsoft
Websurfer_contents,NRM_MenuBar_Section1Content1,41737622475759629,"В левом верхнем углу экрана находится меню. Оно даёт доступ к разным функциям игры. Чтобы им воспользоваться, наведи мышь на нужную иконку."
Websurfer_contents,NRM_MenuBar_Section1Content2,41737622475759630,"Слева направо кнопки меню:

Соседи — позволяет видеть друзей и управлять списком.
Логи чатов — открывает на компьютере папку с перепиской с другими соседями.
Инвентарь — даёт доступ к предметам, которые у тебя есть.
Этажи — быстрый переход на этажи, где ты уже был."
Websurfer_contents,NRM_MenuBar_Title,41737622475759628,-Панель меню-
Websurfer_contents,NRM_Offline_Section1Content,41737622475759639,"21.08.2003 NextRooms будет отключена навсегда. Пытаясь сохранить бесценные моменты дружбы и воспоминания, команда NextRooms в Spiralsoft разработала офлайн-режим. В этом обновлении станут недоступны следующие функции:
• Настройка соседа
• Оформление комнаты
• Посещение других этажей
Ты сможешь сохранить свой основной этаж со всеми <b>соседями</b> и их <b>комнатами</b> такими, какими они были перед отключением.
Появится новая функция под названием <b>Повтор чатов</b>, которая позволит взаимодействовать с друзьями и пересматривать старые беседы в виде роликов!
<b>ВАЖНО!</b>
<u>Для входа в офлайн-режим всё ещё понадобятся твои учётные данные!</u> При первом входе потребуется некоторое время, чтобы восстановить друзей, их комнаты и логи чатов. Чтобы ускорить восстановление соседа, <u>добавь его заново</u> в список по его коду соседа."
Websurfer_contents,NRM_Offline_Title,41737622475759638,-Офлайн-режим-
Websurfer_contents,NRM_QuickGuide_Section1Content,41737622471565382,"NextRooms — это виртуальный жилой дом, где живут все твои друзья по интернету!"
Websurfer_contents,NRM_QuickGuide_Section1Title,41737622471565381,NextRooms
Websurfer_contents,NRM_QuickGuide_Section2Content,41737622475759616,Соседями мы называем аватары игроков в NextRooms.
Websurfer_contents,NRM_QuickGuide_Section2Title,41737622471565383,Соседи
Websurfer_contents,NRM_QuickGuide_Section3Content,41737622475759618,Этажами мы называем сервера внутри NextRooms. На каждом этаже может жить до 5 соседей. Однако одновременно тусоваться на одном этаже могут до 10 соседей.
Websurfer_contents,NRM_QuickGuide_Section3Title,41737622475759617,Этажи
Websurfer_contents,NRM_QuickGuide_Title,41737622471565380,-Краткий гид-
Websurfer_contents,NRM_TopRow_AddingRoomies,41737622471565375,-Добавление соседей
Websurfer_contents,NRM_TopRow_Controls,41737622471565372,-Управление
Websurfer_contents,NRM_TopRow_Customization,41737622471565376,-Настройка
Websurfer_contents,NRM_TopRow_MenuBar,41737622471565373,-Панель меню
Websurfer_contents,NRM_TopRow_OfflineMode,41737622471565374,-НОВОЕ! Офлайн-режим
Websurfer_contents,NRM_TopRow_OnlineManual,41737622471565370,ОНЛАЙН-РУКОВОДСТВО
Websurfer_contents,NRM_TopRow_QuickGuide,41737622471565371,-Краткий гид
Websurfer_contents,NRM_TopRow_RoomDeco,41737622471565377,-Оформление комнаты
Websurfer_contents,NextSoc_Date1,42040765629587459,1 янв
Websurfer_contents,NextSoc_Date2,42040765629587460,9 янв
Websurfer_contents,NextSoc_Date3,42040765629587461,Сегодня
Websurfer_contents,NextSoc_GupMessage1,42040765629587467,"с новым годом! надеюсь, у тебя всё хорошо!!"
Websurfer_contents,NextSoc_GupMessage2,42040765629587468,"привет, макс :) всё в силе"
Websurfer_contents,NextSoc_GupMessage3,42040765629587469,план такой: встречаемся у дяди хэла и едем на озеро
Websurfer_contents,NextSoc_GupMessage4,42040765629587470,смотри не забудь "The Sweaters"!!
Websurfer_contents,NextSoc_Header_Active,42040765629587458,В сети
Websurfer_contents,NextSoc_Header_Name,42040765629587457,Максин Саундер
Websurfer_contents,NextSoc_MaxMessage1,42040765629587462,с 2015 годом!!
Websurfer_contents,NextSoc_MaxMessage2,42040765629587463,"йо, гуппи!!"
Websurfer_contents,NextSoc_MaxMessage3,42040765629587464,просто хочу уточнить насчёт поездки на следующей неделе
Websurfer_contents,NextSoc_MaxMessage4,42040765629587465,принято!! возьму свои старые CD 
Websurfer_contents,NextSoc_MaxMessage5,42040765629587466,"эй, гупп, еду к Хэлу, скоро увидимся!"
Websurfer_contents,NextSoc_Reply,42040765629587471,Введите ответ...
Websurfer_contents,NextSoc_Send,42040765629587472,Send
Websurfer_contents,NextSoc_Typing,51156917513347072,Максин печатает{0}
Websurfer_contents,NoInternet_Description_Label_1,28315835784224771,"Ой! Вы точно ввели <b><u>точный веб-адрес</u></b> страницы, которую пытаетесь посетить? 

Без подключения к интернету WebSurfer2.0 покажет только те страницы, которые были <b>ранее посещены</b> и восстановлены этим профилем пользователя.
Нажмите <b>кнопку истории</b><sprite name=""iconatlas_35""> , чтобы увидеть список восстановленных сайтов.

Некоторые гиперссылки всё ещё будут работать, если они ведут на восстановленный или восстанавливаемый сайт! Рабочие ссылки будут отображаться <b><color=#144FFF>синим</color></b>, посещённые — <b><color=#8900FF>фиолетовым</color></b>, а нерабочие — <b><color=#A20000>красным</color></b>."
Websurfer_contents,NoInternet_Title_Label_1,28315835784224770,Подключение к интернету не найдено!
Websurfer_contents,PJ_Content_Label_1,28315835788419085,"Вашингтон — материал подготовлен 14.06.1997
В минувший четверг жители маленького городка Сильвер-Вэлли в округе Пирс были потрясены пожаром, вспыхнувшим в доме посреди ночи. Мужчина средних лет Хэл Уотерс был задержан местным управлением шерифа и взят под стражу из-за недопонимания и противоречивых сведений от соседей.

Среди всеобщей суматохи человек, которого вскоре признают местным героем, сумел спасти из огня свою двухлетнюю племянницу Гвен Уотерс. Уолтер Уотерс, отец малышки, трагически погиб до прибытия спасателей. Трое молодых людей пострадали, пытаясь сдержать пожар.

По словам властей, вмешательство прохожих практически свело на нет усилия спасательной команды по спасению дома. «Нужно помнить, что нужно сохранять спокойствие и всегда доверять героические поступки профессионалам», — заявил местный пожарный Джордж К. Флауэрс."
Websurfer_contents,PJ_Content_Label_2,28315835788419086,"Среди всеобщей суматохи человек, которого вскоре признают <i>местным героем</i>, сумел спасти из огня свою двухлетнюю племянницу Гвен Уотерс. Уолтер Уотерс, отец малышки, трагически погиб до прибытия спасателей. Трое молодых людей пострадали, пытаясь сдержать пожар."
Websurfer_contents,PJ_Content_Label_3,28315835788419087,"По словам властей, вмешательство прохожих практически свело на нет усилия спасательной команды по спасению дома. «<i>Нужно сохранять спокойствие и всегда доверять героические поступки профессионалам</i>», — заявил местный пожарный Джордж К. Флауэрс."
Websurfer_contents,PJ_Date_Label_1,28315835788419082,"Сегодня четверг, 22 января 1998 года"
Websurfer_contents,PJ_Emmett_Content1,41737622467371031,"Вашингтон — материал подготовлен 21.09.1997
Жители города Голд-Пик требуют от губернатора штата принять меры после очередного случая самоубийства в этом году. Эммет Саундер был найден повешенным в своей спальне после того, как соседи в ту же ночь вызвали к нему проверку состояния. Другие члены семьи не пострадали.

Это уже 47-й случай смерти от самоповреждения в городе Голд-Пик в этом году и 624-й по штату в целом, что заставляет экспертов прогнозировать беспрецедентный рост на 3% по сравнению с прошлым годом. 

«Не знаю, проблема ли это здравоохранения, экономики или чего-то ещё, но что-то нужно делать как можно скорее. Люди в отчаянии», — заявил житель Голд-Пик Мануэль В. Фауст. Семья Саундера от комментариев отказалась."
Websurfer_contents,PJ_Emmett_DateLabel,41737622467371028,Только правда по состоянию на 21.09.1997
Websurfer_contents,PJ_Emmett_Headline,41737622467371029,Мужчина найден повешенным в собственном доме. Число самоубийств в штате растёт
Websurfer_contents,PJ_Emmett_Subheadline,41737622467371030,Вашингтон — материал подготовлен 21.09.1997
Websurfer_contents,PJ_Footer,41737622467371018,©1996-1997 Panopticon media. Все права защищены.
Websurfer_contents,PJ_Headline_Label_1,28315835788419083,"Младенец спасён при пожаре. Один погибший, трое пострадавших. Обвинения в поджоге сняты."
Websurfer_contents,PJ_Hyperlinks_Label_1,28315835788419089,Главное
Websurfer_contents,PJ_Hyperlinks_Label_2,28315835788419090,Политика
Websurfer_contents,PJ_Hyperlinks_Label_3,28315835788419091,Спорт
Websurfer_contents,PJ_Hyperlinks_Label_4,28315835788419092,Погода
Websurfer_contents,PJ_Hyperlinks_Label_5,28315835788419093,Экономика
Websurfer_contents,PJ_Hyperlinks_Label_6,28315835788419094,Вчерашние новости
Websurfer_contents,PJ_Hyperlinks_Label_7,28315835788419095,Архив за месяц
Websurfer_contents,PJ_Hyperlinks_Label_8,28315835788419096,Подписки
Websurfer_contents,PJ_Hyperlinks_Label_9,28315835788419097,Контакты и реклама
Websurfer_contents,PJ_PhotoFooter_Label_1,28315835788419088,Уолтер Уотерс 1935-1997
Websurfer_contents,PJ_Search_Label,41737622467371015,Найди правду:
Websurfer_contents,PJ_SideMenu_Link1,41737622467371008,Новости
Websurfer_contents,PJ_SideMenu_Link2,41737622467371009,Бизнес
Websurfer_contents,PJ_SideMenu_Link5,41737622467371010,Технологии
Websurfer_contents,PJ_SideMenu_Link6,41737622467371011,Здоровье
Websurfer_contents,PJ_SideMenu_Link7,41737622467371012,Разное
Websurfer_contents,PJ_SideMenu_Link8,41737622467371013,Мнения
Websurfer_contents,PJ_SideMenu_Link9,41737622467371014,Форумы
Websurfer_contents,PJ_Spiralsoft_Content1,41737622467371023,"Калифорния — материал подготовлен 06.11.1996
Компьютерная софтверная мегакорпорация Spiralsoft оказалась под пристальным вниманием общественности после того, как бывший ведущий инженер Дэниел Агзамов провёл пресс-конференцию накануне суда. Spiralsoft подала на Агзамова в суд из-за его заявлений в сети о ценностях компании и их сходстве с «сектантским» поведением среди сотрудников.

«Было несколько случаев, когда полностью готовые проекты останавливали или сворачивали, потому что они мешали тому, что руководство называло „Церковью синхронности“», — заявил Агзамов со сцены. «Мне больше не комфортно раскрывать эти детали публично, и я буду терпеливо ждать суда».

Расплывчатые формулировки Агзамова и его нежелание раскрывать подробности после ухода из Spiralsoft вызвали любопытство у интернет-сообщества, из-за чего многие поверили, что «Церковь синхронности» — это своего рода секта. Слушание по делу «Д. Агзамов против Spiralsoft» назначено на 05.07.1997."
Websurfer_contents,PJ_Spiralsoft_DateLabel,41737622467371020,Только правда по состоянию на 17.09.1997
Websurfer_contents,PJ_Spiralsoft_Headline,41737622467371021,Spiralsoft под огнём критики после пресс-конференции информатора. Связи с сектой.
Websurfer_contents,PJ_Spiralsoft_Subheadline,41737622467371022,Вашингтон — материал подготовлен 06.11.1996
Websurfer_contents,PJ_SubHeadline_Label_1,28315835788419084,Вашингтон — материал подготовлен 14.06.1997
Websurfer_contents,PJ_Walter_DateLabel,41737622467371017,Только правда по состоянию на 14.06.1997
Websurfer_contents,Profile_Description1,727232536601,"HAZEL82: <i>йоу! хейзел — моё имя, гайды — моя игра! я сделаю гайд для каждой игры, которую пройду :D так что... ждите сотни гайдов! >:) </i>"
Websurfer_contents,QC_Directions_DistanceTitle,41737622475759695,Расстояние
Websurfer_contents,QC_Directions_Title,41737622475759694,Маршрут
Websurfer_contents,QC_Distance_,41737622475759697,<0.1 мили
Websurfer_contents,QC_Distance_2,41737622475759698,0.1 мили
Websurfer_contents,QC_Distance_3,41737622479953920,0.5 мили
Websurfer_contents,QC_Distance_5,41737622479953922,1.5 мили
Websurfer_contents,QC_Hal_CmaaDirection1,41737622479953946,1. Начните движение на юг по HOOK ST в сторону CORAL AVE.
Websurfer_contents,QC_Hal_CmaaDirection10,41737622479953955,10. Поверните направо на ADAMS ST.
Websurfer_contents,QC_Hal_CmaaDirection11,41737622479953956,11. 3-Я ОСТАНОВКА на ADAMS ST 5967
Websurfer_contents,QC_Hal_CmaaDirection12,41737622479953957,12. Поверните направо на BELIZE AVE
Websurfer_contents,QC_Hal_CmaaDirection13,41737622479953958,13. BELIZE AVE переходит в YELLOW BLVD.
Websurfer_contents,QC_Hal_CmaaDirection14,41737622479953959,14. Поверните налево на CMAA CAMPUS AVE.
Websurfer_contents,QC_Hal_CmaaDirection15,41737622479953960,15. CMAA CAMPUS AVE. переходит в CMAA CIRCUIT ST.
Websurfer_contents,QC_Hal_CmaaDirection16,41737622484148224,4-я остановка и КОНЕЦ у «АСИК»
Websurfer_contents,QC_Hal_CmaaDirection2,41737622479953947,2. Поверните направо на TIDAL ST.
Websurfer_contents,QC_Hal_CmaaDirection3,41737622479953948,3. Выезжайте на I-52E
Websurfer_contents,QC_Hal_CmaaDirection4,41737622479953949,4. Съезжайте на выезде 17 в сторону LANCER ST
Websurfer_contents,QC_Hal_CmaaDirection5,41737622479953950,5. 1-Я ОСТАНОВКА на LANCER ST 9212
Websurfer_contents,QC_Hal_CmaaDirection6,41737622479953951,6. Поверните налево на BRAVO BLVD.
Websurfer_contents,QC_Hal_CmaaDirection7,41737622479953952,7. Выезжайте на I-6E S.
Websurfer_contents,QC_Hal_CmaaDirection8,41737622479953953,8. Съезжайте на выезде 9A в сторону BROKER ST.
Websurfer_contents,QC_Hal_CmaaDirection9,41737622479953954,9. 2-Я ОСТАНОВКА на BROKER ST 4242
Websurfer_contents,QC_Hal_CmaaDistance,41737622479953944,90.55 мили
Websurfer_contents,QC_Hal_CmaaETA,41737622479953945,1 час 48 минут
Websurfer_contents,QC_Hal_CmaaEnd,41737622479953943,Сохранённый адрес «АСИК»
Websurfer_contents,QC_Hal_LeilaDirection1,41737622479953934,1. Начните движение на север по LAKE ST в сторону FISH ST.
Websurfer_contents,QC_Hal_LeilaDirection2,41737622479953935,2. Поверните направо на ELM ST.
Websurfer_contents,QC_Hal_LeilaDirection3,41737622479953936,"3. Слегка поверните налево, чтобы остаться на ELM ST."
Websurfer_contents,QC_Hal_LeilaDirection4,41737622479953937,4. ELM ST переходит в BIRCH ST.
Websurfer_contents,QC_Hal_LeilaDirection5,41737622479953938,5. Выезжайте на I-69W N.
Websurfer_contents,QC_Hal_LeilaDirection6,41737622479953939,6. Съезжайте на выезде 28A в сторону 1ST ST
Websurfer_contents,QC_Hal_LeilaDirection7,41737622479953940,7. Поверните НАПРАВО на HOOK ST
Websurfer_contents,QC_Hal_LeilaDirection8,41737622479953941,КОНЕЦ: «Дом Лейлы»
Websurfer_contents,QC_Hal_LeilaDistance,41737622479953932,128.25 мили
Websurfer_contents,QC_Hal_LeilaETA,41737622479953933,2 часа 15 минут
Websurfer_contents,QC_Hal_LeilaEnd,41737622479953931,Сохранённый адрес «Дом Лейлы»
Websurfer_contents,QC_Hal_LeilaStart,41737622479953930,Сохранённый адрес «Дом»
Websurfer_contents,QC_Max_CustomDirection3,41737622484148229,3. Сядьте на B-64 на OL TRANSIT CENTER
Websurfer_contents,QC_Max_CustomDirection4,41737622484148230,4. Пересядьте на B-594 на SAC TERMINAL
Websurfer_contents,QC_Max_CustomDirection5,41737622484148231,КОНЕЦ у автовокзала RENO DT
Websurfer_contents,QC_Max_CustomETA,41737622484148228,22 часа 45 минут
Websurfer_contents,QC_Max_CustomEnd,41737622484148226,Автовокзал Reno DT
Websurfer_contents,QC_Max_DivisionDirection4,41737622484148236,4. Съезжайте на выезде 31A на TERRACE BLVD.
Websurfer_contents,QC_Max_DivisionDirection5,41737622484148237,5. TERRACE BLVD переходит в DIVISION TERRACE HWY.
Websurfer_contents,QC_Max_DivisionDirection6,41737622484148238,КОНЕЦ у моста DIVISION TERRACE
Websurfer_contents,QC_Max_DivisionETA,41737622484148235,1 час 22 минуты
Websurfer_contents,QC_Max_DivisionEnd,41737622484148233,Мост Division Terrace
Websurfer_contents,QC_TopSection_BackDirections,41737622475759689,Назад
Websurfer_contents,QC_TopSection_DistanceLabel,41737622475759692,Расстояние:
Websurfer_contents,QC_TopSection_ETALabel,41737622475759693,Прибытие:
Websurfer_contents,QC_TopSection_EndLabel,41737622475759691,Конец:
Websurfer_contents,QC_TopSection_SendPrinter,41737622475759688,В печать
Websurfer_contents,QC_TopSection_StartLabel,41737622475759690,Начало:
Websurfer_contents,STP_Awards_Label_2,28315835784224776,Знак одобрения Websurfer
Websurfer_contents,STP_Awards_Label_4,28315835788419073,Dw33bnation — топ-10 в инновациях 
Websurfer_contents,STP_Awards_Label_6,28315835788419075,«Золотая награда 100» — журнал PCw  
Websurfer_contents,STP_Copyright_Label_6,28315835788419081,"Если вам нужно больше информации о StoryTeller+, связанных продуктах и/или проектах, свяжитесь с нами и подумайте о том, чтобы присоединиться к списку рассылки. Storyteller+ во всех своих версиях является зарегистрированным товарным знаком Spiralsoft и защищён законами об авторском праве, запрещающими использование бренда и/или упоминание его в любом виде."
Websurfer_contents,STP_Hyperlinks_Label_1,28315835788419076,О себе
Websurfer_contents,STP_Hyperlinks_Label_2,28315835788419077,Список версий
Websurfer_contents,STP_Hyperlinks_Label_3,28315835788419078,FAQ
Websurfer_contents,STP_Hyperlinks_Label_4,28315835788419079,Список загрузок
Websurfer_contents,STP_Hyperlinks_Label_5,28315835788419080,Список рассылки
Websurfer_contents,STP_NewVersion_Label_1,34086393134178304,НОВОЕ: STP+ v1.9
Websurfer_contents,STP_NewVersion_Label_2,28315835784224773,"Новые теги, бета-доступ и многое другое!"
Websurfer_contents,STP_NewVersion_Label_3,28315835784224774,Нажмите здесь
Websurfer_contents,Search_Button_Label_1,28315835780030464,Поиск
Websurfer_contents,Wormhole_Description1,727232536604,"«Wormhole» от Somni получила признание критиков за нестандартный геймдизайн, но также вызвала споры из-за необычной системы очков! каждый вражеский корабль даёт игроку разное количество очков. "
Websurfer_contents,Wormhole_Description2,727232536605,"ВАЖНО! на поздних уровнях вражеские корабли начинают менять цвет, и это, похоже, влияет на количество получаемых очков. странный дизайн, да? я думал, что важна только форма кораблей."
Websurfer_contents,Wormhole_Points1,10530912004464641,3 очка
Websurfer_contents,Wormhole_Points2,10530912004464643,4 очка
Websurfer_contents,Wormhole_Points3,10530912004464645,6 очков
Websurfer_contents,Wormhole_ShipName1,10530912004464640,«Космический пират»
Websurfer_contents,Wormhole_ShipName2,10530912004464642,«Звёздный паром»
Websurfer_contents,Wormhole_ShipName3,10530912004464644,«M.I.G.R.A.»
chronolog_contents,ADMIN_1,78247135655485443,"Нижеследующий текст — тест для проекта Desktop Explorer. Опишу недавние события из жизни и скомпилирую программу, чтобы проверить их фиксацию в логах. 

На момент написания Лейла трижды за одну неделю выражала беспокойство по поводу моего режима сна.<page>Ранее не наблюдалось никаких признаков неврологических нарушений — ни до ухода из Spiralsoft, ни при рождении Максин, ни в браке. 

Нужно показаться специалисту, и чем раньше, тем лучше. Упоминания {<cglow>GOLDENRATIO</cglow>} во сне ставят под угрозу деликатную информацию.<page>Работа над проектом постоянно срывается из-за семейных вмешательств. Максин ведёт себя всё враждебнее по отношению к Лейле. 

Эмоциональное состояние Максин требует непрерывного объяснения и внимания. Это <b>оптимальные условия</b> для Desktop Explorer."
chronolog_contents,ADMIN_2,78247135655485444,"Максин не появлялась дома уже двое суток. Связался со школьной администрацией, местной полицией и соседскими родителями. 

По общему мнению, наиболее правдоподобное объяснение исчезновения Максин — обычный подростковый побег из дома.<page>Лейла не верит в такую возможность и продолжает высказывать опасения по поводу куда более мрачного исхода.

При попытке прочитать записи хронолога на компьютере Максин возникают сбои. Видимо, дело в исключении в системе слежения DAEMON программы Desktop Explorer.<page>По крайней мере, важные файлы вроде полученного ею <cglow>КЛЮЧА ШИФРОВАНИЯ</cglow> всё ещё целы. Со временем ей нужно будет его освоить.

Нужно закачать в Desktop Explorer больше данных, чтобы сформировать играбельный сценарий на компьютере с правами администратора.<page>Лейла не должна увидеть компьютер Максин. Его содержимое может лишь укрепить её домыслы."
chronolog_contents,ADMIN_3,78247135655485445,"Установщик Desktop Explorer сгенерировался спустя двое суток. Навигация по сценарию оказалась радикально иной по сравнению с версией Максин Desktop Explorer. 

Выбор башни в качестве образа стал неожиданностью, но вполне уместной.<page>В ближайшее время разберу, насколько выбор башенного сценария Desktop Explorer опирался на личные данные, а не на собственную документацию программы (манифест психоэволюции).

Пока скептически отношусь к глубине интерпретации Desktop Explorer, ведь теперь её субъект — сам создатель программы.<page>Пока что встречались отсылки к личному просветлению через гадания и таро-интроспекцию. 

Запишу дальнейшие находки, когда ситуация станет менее напряжённой в социальном плане. Нужно найти, где находится Максин, и продолжить работу над проектом."
chronolog_contents,ADMIN_34,78247135655485446,"Вершина башни наконец близко. На это ушло примерно четыре месяца. Лейла практически смирилась и всем сердцем верит, что Максин покончила с собой. 

Общаться с Лейлой стало невозможно.<page>Лейла не понимает ни назначения этого компьютера, ни того, что Desktop Explorer выяснил о Максин. 

Что Desktop Explorer выяснил обо мне самом.<page>На данный момент я прошёл шесть этажей. Я понимаю, на что намекает Desktop Explorer. 

Как будто Desktop Explorer мог слышать доводы Лейлы и обращать их против меня.<page>Я не выношу постоянные отсылки к последней записи Максин. Её прощанию. Каждый этаж вновь и вновь возвращается к ней, цитируя мои исследования. 

Медитация, проекция, трансмутация. Все тайны жизни, все тонкости нашего духа. Врата к ним — через нашу психику. Всё здесь.<page> Почему это понимание причиняет мне такие страдания?

Разве Максин была не готова к этому? Должен ли я был вмешаться? 

В какую часть мозга Максин проник Desktop Explorer?"
chronolog_contents,ADMIN_35,78247135655485447,"Во всём виноват я. Забавно, что это осознание пришло не через дело всей моей жизни, а из последнего разговора с Лейлой. Всё, что мне нужно было услышать, — это её голос.

«Лучше бы это был ты».<page>Я действительно верю, что о собственной душе мы знаем далеко не всё. Мои поиски, отравленные собственным эго, сломили дух нашей дочери. 

Я сломал нашу дочь. Вполне логично, что это сломило и меня.<page>Я никогда не умел подбирать слова. Я задумывал этот проект как способ понять всё это. Жизнь полна боли, и через эту боль я рассчитывал снять все сложности, что делают нас людьми. 

Теперь я знаю: я никогда никого не понимал по-настоящему. <page>Если то, что я успел узнать, хоть чего-то стоит, — эта жизнь не конец, а часть чего-то большего. 

Что бы это ни было, Максин теперь где-то там — по вине моих собственных желаний. Не думаю, что мы встретимся там, да я этого и не заслуживаю. Я покину этот мир молча и больше никого не буду обременять.<page>Сколько бы раз меня об этом ни просили, я так и не смог произнести слова извинения — я никогда не чувствовал их искренними. 

Я пишу не в надежде на прощение, а как свидетельство моего искреннего раскаяния.<page>Лейле и моей дорогой <i>кокетке</i>, Максин:

<b>Мне по-настоящему жаль.</b>"
chronolog_contents,ADMIN_BONDINGENTRY,28054269696401408,"макс и я раньше сближались на почве шифротекста. 

надеюсь, она сохранила и берегла записки, которыми мы обменивались, она не из тех, кто выбрасывает вещи..."
chronolog_contents,ADMIN_FINALENTRY,27681208140816384,"это последний раз, когда я пишу здесь. я не знаю, кто ты и существуешь ли ты вообще, но мне нужно дать тебе этот пароль по игровым причинам...

GOLDENRATIO"
chronolog_contents,Chronolog_DefaultText,83681196809117696,"Добро пожаловать в Chronolog!

Выберите запись, чтобы прочитать её содержимое, или создайте новую, чтобы начать.

Приятных записей!"
chronolog_contents,GUPPY_1,489230950404,"детективный журнал guppy
"
chronolog_contents,GUPPY_1_ANS,489230950405,"детективный журнал guppy

сегодня был последний день перед тем, как дядя лёг в реанимацию... было так странно, что он обнимал меня, пока я плакала, а он даже не понимал, почему мне так грустно. 

это его старый компьютер. <page>я поменяла мышку, клавиатуру и колонки, но так и не смогла подключить его к интернету. хотя это неважно. всё, что мне нужно, здесь. я только что прочитала письмо, которое он мне оставил. я думала, что во мне больше не осталось слёз, но ошибалась.

кажется, это начало детективного расследования.<page>пора установить desktop explorer и разобраться, что к чему. пароль от папки... дядя хэл был единственным, кто звал меня этим прозвищем

это для тебя, капитан <b>палтус</b>"
chronolog_contents,GUPPY_1_WRITEBTN_1,489230950406,сегодня был …
chronolog_contents,GUPPY_2,489230950413,"эм… так, что всё это было?"
chronolog_contents,GUPPY_2_ANS_1,489230950414,"эм.. так, что всё это было? для начала..

смерть моего отца — это игра как-то на неё намекала? то есть.. она прямо спросила меня, знаю ли я, кто горел, перед тем как комп завис. 

кому вообще понадобилось, чтобы дядя играл в игру, которая заставляет его вспоминать такое? это как-то жестоко.<page>я никогда толком не говорила с папой, но дома было много его фоток. звучит дико, но, кажется, его лицо очень похоже на то, что в игре.

а самое главное — это <b>desktop explorer</b> завесил комп? прямо после того, как сменил фон и завалил всё уведомлениями?<page>кажется, теперь надо быть поосторожнее — если из-за этой программы удалятся или повредятся какие-то файлы, я могу потерять всё, что осталось от дяди. 

надеюсь, он не видел того, что видела я. эти лица, когда комп завис… не думаю, что он смог бы такое выдержать.<page>я не могу писать в хронолог когда захочу, только когда меня об этом просят. у дяди хронолог тоже так работал? ну ладно, вот, пожалуйста. 

я написала в дневнике. довольна, компьютер? "
chronolog_contents,GUPPY_2_ANS_2,489230950415,"эм.. так, что всё это было? для начала..

почему дядя писал, что чувствует себя виноватым из-за какой-то женщины? он что, был бабником? то есть, он никогда так себя не вёл. 

наоборот, он много раз говорил мне, что бог благословил его моим папой и мной.<page>мы были той семьёй, которую он всегда хотел иметь. может, он пытался построить семью и с этой женщиной тоже? наверное, это та самая женщина из папки с фотографиями дяди.

а самое главное — это <b>desktop explorer</b> завесил комп? и мало того, он ещё и сменил фон рабочего стола! <page>кажется, теперь надо быть поосторожнее — если из-за этой программы удалятся или повредятся какие-то файлы, я могу потерять всё, что осталось от дяди. 

надеюсь, он не видел того, что видела я. эти лица, когда комп завис… не думаю, что он смог бы такое выдержать.<page>я не могу писать в хронолог когда захочу, только когда меня об этом просят. у дяди хронолог тоже так работал? ну ладно, вот, пожалуйста. 

я написала в дневнике. довольна, компьютер? "
chronolog_contents,GUPPY_2_ANS_3,489230950416,"эм.. так, что всё это было? для начала..

деменция дяди вроде бы никак не отразилась на его записях. я думала, врачи говорили, что ему и раньше было трудно писать, ещё когда я была совсем малышкой. 

кажется, его разум сдал очень быстро.<page>и вообще, зачем он всё это делает? не хочу быть параноиком, но чувствую, что это слишком много лишнего стресса . медсестра говорила мне, что депрессия — худший враг памяти.

а самое главное — это <b>desktop explorer</b> завесил комп? прямо после того, как сменил фон и завалил всё уведомлениями?<page>кажется, теперь надо быть поосторожнее — если из-за этой программы удалятся или повредятся какие-то файлы, я могу потерять всё, что осталось от дяди. 

надеюсь, он не видел того, что видела я. эти лица, когда комп завис… не думаю, что он смог бы такое выдержать.<page>я не могу писать в хронолог когда захочу, только когда меня об этом просят. у дяди хронолог тоже так работал? ну ладно, вот, пожалуйста. 

я написала в дневнике. довольна, компьютер? "
chronolog_contents,GUPPY_2_WRITEBTN_1,489230950417,смерть моего отца … 
chronolog_contents,GUPPY_2_WRITEBTN_2,489230950418,какая-то женщина? …
chronolog_contents,GUPPY_2_WRITEBTN_3,489230950419,деменция дяди …
chronolog_contents,GUPPY_3,489230950420,"это, должно быть, было ужасно"
chronolog_contents,GUPPY_3_ANS,489230950421,"это, должно быть, было ужасно

не знаю, прошёл ли дядя Хэл эту игру до конца. даже если и прошёл, он бы всё равно ничего не вспомнил.  «неведение — это блаженство»? ага, конечно. это сплошное страдание. 

мы почти не говорили о папе, а когда всё же говорили, я никогда его ни в чём не винила.<page>теперь я знаю — он так и не простил себя. desktop explorer напомнил ему об этом и заставил забыть всё остальное. включая меня. **почему?**

его мысли обо мне, о нашей семье и о людях, о которых я даже не знаю.. кажется, все они крутятся вокруг чувства вины.<page>единственное, в чём я могу быть уверена — <b>макс</b> пропала. <b>лейла</b> и <b>хэл</b> искали её, и этот компьютер должен был помочь её найти. 

повлиял ли стресс от <b>Desktop Explorer</b> на деменцию дяди? отнял ли он его у меня?<page>тут есть профиль пользователя макс, но, похоже, дядя хэл так и не разблокировал его. <b>мне нужно получить к нему доступ.</b> это макс создала desktop explorer? она его скачала? связано ли это с её исчезновением?

что бы ни было правдой, теперь я знаю, как действовать дальше."
chronolog_contents,GUPPY_3_WRITEBTN_1,489230950422,... что делать дальше
chronolog_contents,GUPPY_4,4734871615299584,это её прощальное письмо?
chronolog_contents,GUPPY_4_ANS,4786310257565696,"это её прощальное письмо?

зачем ей писать прощай навсегда? я понимаю желание сбежать.. у меня самого случались такие чувства, но я бы никогда всерьёз не подумал бросить всех. 

одно можно сказать точно:<page>макс играла в desktop explorer. это может быть связано с её исчезновением. 

она пишет прямо как дядя хэл, оставляя загадку с поэтичным прощанием. 

если бы он только знал об этом, может, всё сложилось бы иначе.<page>если я увижу то, что видела она, пойму то, что она чувствовала.. я просто знаю, что это даст мне зацепки, чтобы найти её. 

первая моя зацепка — это её <b>подозрительные файлы в загрузках</b>.. всё это ощущается как полный срыв."
chronolog_contents,GUPPY_4_WRITEBTN_1,6563941848178688,... моя первая улика
chronolog_contents,GUPPY_5,75350920416714752,"всё, что пишет макс, кажется таким.. одиноким"
chronolog_contents,GUPPY_5_ANS_1,78247135655485448,"всё, что пишет макс, звучит так.. одиноко

не могу поверить, что дядя хэл и лейла планировали жить втроём. 

наверное, это было бы логично, если бы родители максин разводились, но даже не представляю, какой стресс она из-за этого испытывала.<page>наверное, если макс в итоге затаила обиду на них обоих.. вот почему она так и не связалась ни с хэлом, ни с собственной мамой. 

дядя хэл часто рассуждал об отношениях дочери с отцом и о том, как некоторые матери могут даже ревновать к этому. неужели он говорил из личного опыта?<page>больнее всего то, что чем дальше я прохожу её головоломки, тем яснее понимаю: desktop explorer знает, что она просила о помощи. 

она не вписывается в компании, её творчество никому не интересно, а семья разрушена.. по крайней мере, последнее мне знакомо.<page>иногда люди — прямо как рыбы: глаза широко открыты, а слушать нечем …я так скучаю по дяде хэлу."
chronolog_contents,GUPPY_5_ANS_2,78247135655485449,"всё, что пишет макс, звучит так.. одиноко

я не очень понимаю ситуацию с её родителями. похоже, у них не самые лучшие отношения, и я невольно сравниваю это с тем, что desktop explorer рисует в своих образах. это пугает.<page>у нас с дядей хэлом никогда не было таких ссор. он всегда говорил, что хочет только одного — чтобы я стала лучшей версией себя.. потому что именно этого хотел бы его брат. 

это правда? или мой папа был бы таким же, как отец максин?<page>больнее всего то, что чем дальше я прохожу её головоломки, тем яснее понимаю: desktop explorer знает, что она просила о помощи. 

она не вписывается в компании, её творчество никому не интересно, а семья разрушена.. по крайней мере, последнее мне знакомо.<page>иногда люди — прямо как рыбы: глаза широко открыты, а слушать нечем …я так скучаю по дяде хэлу."
chronolog_contents,GUPPY_5_ANS_3,78247135655485450,"всё, что пишет макс, звучит так.. одиноко

кажется, теперь я понимаю, почему учителя твердят, что заводить парня в интернете — так себе идея. 

думаю, когда макс говорит о своём «парне», она имеет в виду того типа, который, по сути, зовёт её жить с собой?<page>да что он вообще несёт? что это вообще за предложение такое? 

макс сейчас там? она сбежала с каким-то незнакомцем из интернета?<page>больнее всего то, что чем дальше я прохожу её головоломки, тем яснее понимаю: desktop explorer знает, что она просила о помощи. 

она не вписывается в компании, её творчество никому не интересно, а семья разрушена.. по крайней мере, последнее мне знакомо.<page>иногда люди — прямо как рыбы: глаза широко открыты, а слушать нечем …я так скучаю по дяде хэлу."
chronolog_contents,GUPPY_5_WRITEBTN_1,75350920429297664,…хэл и лейла
chronolog_contents,GUPPY_5_WRITEBTN_2,75350920429297665,…родители максин
chronolog_contents,GUPPY_5_WRITEBTN_3,75350920429297666,…парень максин
chronolog_contents,GUPPY_6,78247135655485451,максин довели до предела 
chronolog_contents,GUPPY_6_ANS,78247135655485452,"максин довели до предела 

она не просто говорила напрямую с desktop explorer — её ещё и попросили подумать о «жизни без неё»? 

даже финальный файл рассказчика намекает максу сделать что-то, о чём мне даже писать не хочется.<page>в итоге, кажется, макс отгородилась от всех в своей жизни. 

единственным человеком, достаточно близким, чтобы ей помочь, был её отец, и оказывается, именно он с самого начала за всем этим стоял!?<page>это слишком жестоко. и всё же получается, что если desktop explorer был создан на этом компьютере, то user: admin = эммет, отец максин. 

если максин исчезла, послушавшись совета desktop explorer, то, возможно, desktop explorer хранит в своих данных подсказку о том, где искать макс<page>а может, всё обернулось совсем плохо, и дядя хэл искал того, кого уже нет с нами.. отказываюсь в это верить. как бы там ни было, я твёрдо намерена докопаться до сути."
chronolog_contents,GUPPY_6_WRITEBTN_1,78247135655485453,…докопаться до сути.
chronolog_contents,GUPPY_7,78247135655485454,я не понимаю.
chronolog_contents,GUPPY_7_ANS,78247135655485455,"я не понимаю.

эммет действительно забрал компьютер у своей дочери. даже после её исчезновения он не отнёсся к этому серьёзно? явно что-то произошло, ведь в каждой странице его профиля — только стыд и чувство вины.<page>хотя desktop explorer — творение эммета, pizarro явно над ним издевается из-за случившегося. 

наверное, так и было задумано. если я пройду достаточно его головоломок, в итоге пойму, что довело его до срыва. если честно, эммет меня не особо волнует.<page>его программа стала причиной того, что деменция моего дяди усугубилась, дочь эммета пропала, да и сам он, по сути, рухнул. это уже слишком. что-то подсказывает мне, что худшее ещё впереди."
chronolog_contents,GUPPY_7_WRITEBTN_1,78247135655485456,…худшее ещё впереди.
chronolog_contents,GUPPY_8,78247135655485457,я была так близко.
chronolog_contents,GUPPY_8_ANS,78247135655485458,"я была так близко.

что значит «ради моего же блага»? заставлять всех нас чувствовать себя ужасно — это, по-твоему, помощь? 

эммет ясно сказал, что не хотел, чтобы всё так обернулось.<page>то, что он увидел в головоломках, которые ты от меня скрывал, судя по всему, убедило его, что вся эта ситуация совершенно безнадёжна. ты чудовище.

и теперь я тоже говорю напрямую с тобой, прямо как макс.<page>но я вижу, к чему приводит слушать тебя. и если ты всё это время заманивал меня, придерживая информацию, что мешает тебе так же активно скрывать то, что я искала всё это время? в чём ты пытаешься меня убедить?<page>не знаю, правда ли всё это, но подыгрывать — мой единственный выбор."
chronolog_contents,GUPPY_8_WRITEBTN_1,78247135655485459,…подыгрывать — мой единственный выбор.
chronolog_contents,GUPPY_9,78247135655485460,последний детективный дневник guppy
chronolog_contents,GUPPY_9_ANS,78247135655485461,"последний детективный дневник guppy

прошло уже достаточно времени. чувствую, что должна сама себе написать в хронологе в последний раз. забавно, что хотя desktop explorer больше не отслеживает мои действия, мне всё ещё немного страшно писать обо всём так открыто. <page>я много думала о том, что значит наследие. даже если поначалу эммета двигало что-то настолько эгоистичное, не могу отделаться от чувства, что всех нас преследуют похожие призраки.. 

как нас будут помнить? по вине за прошлые ошибки? по страху быть отвергнутыми?<page>то, что было нужно моему дяде, максу или эммету, никогда нельзя было найти на компьютере. всё это было случайностью, и в итоге никто не виноват. 

и пусть desktop explorer удалил столько их личных записей, их тогдашние мысли.. все эти воспоминания живут во мне.<page>важнее всего то, что я сделаю с ними теперь. 
<cglow><u><link=""nostalgia"">nextsocial.com/chats/id/m4xl0v3l4c3</link></u></cglow>"
chronolog_contents,GUPPY_9_WRITEBTN_1,78247135655485462,…важнее всего.
chronolog_contents,GUPPY_END,68146026219823104,"Прошло три года с тех пор, как всё закончилось"
chronolog_contents,GUPPY_END_ANS,68146026228211712,"Прошло три года с тех пор, как всё закончилось. 

Поверить не могу, что desktop explorer был настолько отстойным, вообще фигня какая-то!!! ладно, пойду выпью кофе с максин. <glow><u><link=""nostalgia"">nostalgiamachine.com/chats/id/m4x1ne</link></u></glow>"
chronolog_contents,GUPPY_END_WRITEBTN_1,68146026228211713,Поверить не могу...
chronolog_contents,HAL_1,489230950407,"Впервые веду дневник на компьютере. Годами слышал, что скоро всё будет делаться через компьютеры, и, похоже, они были правы! 

Раз уж это чистый лист, пожалуй, расскажу немного о том, что происходило в последнее время.<page>Всё было... мягко говоря, тяжело.

С <b>Лейлой</b> отношения уже не те после исчезновения <b>Максин</b>, не говоря уже о смерти её мужа. Она отдала мне их компьютер — они оба часто им пользовались. Она думает, что я смогу найти хоть какую-то информацию о том, что случилось.<page>Сильно в этом сомневаюсь, но не смог ей отказать. Пока что я лишь разместил объявление на сайте о пропавших подростках.

Перед тем как уйти, она прочла стихотворение на арабском. Она редко упоминает родную страну, но рассказывала, что в Египте часто слушала стихи по радио.<page>Она даже оставила мне записку с подписанным переводом на английский:

«Я восхищаюсь недвижным покоем лотоса,
Я преклоняюсь перед терпением рыбака,
Я дорожу спокойным взглядом крокодила с поверхности воды,
Все они делят место на дне реки.<page>Лотос плывёт, словно застыв во времени,
Рыбак заслуживает второго шанса,
В глазах крокодила отражается моя собственная вина,
Всё забыто там, где кончается река».
— <b>Лейла Саундер</b>

Надеюсь, мы скоро её найдём. <cglow><u><link=""helpusfind"">helpusfind.com/021299MFS</link></u></cglow>"
chronolog_contents,HAL_10,489230950400,"Для самой смышлёной девчонки семи морей.

С каждым днём мне всё труднее вспоминать. Изредка у меня случаются то, что мой врач называет «периоды ясности», и тогда ко мне возвращаются воспоминания, о которых я, быть может, больше никогда не подумаю. Я оставляю тебе эти сведения вместе со своим компьютером.<page>1. Здесь есть другие пользователи. Прежние владельцы этого компьютера.

2. Есть странная программа под названием Desktop Explorer. Она лежит в папке «Открой меня» на рабочем столе. Пароль от неё — <b>твоё прозвище.</b>

3. Всё это связано с исчезновением человека, который был мне дорог.<page>В этом компьютере ты найдёшь мои самые сокровенные мысли — я доверяю их тебе, ведь единственное, чем я восхищаюсь в тебе больше, чем умом, — это добрым сердцем.

Хочу закончить это письмо стихотворением.<page>Если мы будем врозь,
смотри на луну —
я буду делать то же.

Если меня не станет,
смотри на звёзды —
я буду рядом с тобой.

Прощай, <b>Guppy</b>.
— Твой дядя."
chronolog_contents,HAL_2,489230950408,"Я в полном смятении. Мне так её не хватает, но, кажется, в итоге она просто хотела остаться одна. Глядя на всю картину целиком, я невольно предполагаю худшее.

Нужно цепляться за ту надежду, что ещё теплится у её мамы. Моя единственная зацепка сейчас очень шаткая, но это всё, что я смог придумать.<page><b>Макс</b> вечно без умолку говорила про АСИК... может, она исполняет мечту учиться искусству или хотя бы проходит там какой-нибудь курс? 

Если она подавала портфолио или заявку, мы могли бы отследить её активность с помощью частного детектива...?<page>По крайней мере, можно порасспрашивать вокруг! <cglow><u><link=""cmaa"">cmaa.com/mainpage</link></u></cglow>

Скоро найду для этого время. В последнее время я так занят уходом за малышом."
chronolog_contents,HAL_3,489230950402,"Мой врач посоветовал написать об этом по шагам, так что попробую. 

Мой старший брат умер в дождливый день. 

Дождя не хватило, чтобы потушить пламя.

Я ничем не мог помочь. <page>Я дрожал часами в тот день. 

Мой старший брат не успел выбраться. 

Я видел его лицо и тело, объятые огнём. 

То, что я видел, было не похоже на моего старшего брата. <page>Это глупо. 

Мне незачем пересказывать по шагам, как мой брат в последние мгновения выглядел, точно оживший труп. Чем это должно мне помочь? Как это должно избавить меня от головной боли? Я просто испортил себе всё утро, написав это.<page>И если я, как все говорят, забываю всё подряд, то почему не могу забыть исхудавшее лицо брата?

Вот тебе и амнезия."
chronolog_contents,HAL_4,489230950401,"Я заметил, что постоянно пишу какие-то депрессивные мысли... Так что сегодня напишу об одном из своих любимых воспоминаний. Не помню точную дату, но именно тогда родилось недолговечное «Трио рыболовов».

Первая рыбалка малышки <b>Guppy</b> — и она одарила нас бесконечным клёвом!<page>Мы так быстро наполнили лодку, что старина <b>Судак</b> снова запел. Дома мы отметили это тостом — кашкой и молочной смесью.

Эх, как же я скучаю по тебе, братишка. Память иногда меня подводит, но тебя я забуду ещё не скоро — ведь у <b>Guppy</b> твои же грустные глаза. <page>Забавно, что я не могу думать о нас троих без наших прозвищ, но иначе и быть не должно.

Пока дышит наша юная девчонка, «Трио рыболовов» живёт!"
chronolog_contents,HAL_4-5,80797563819646976,"Наконец-то нашёл свой рыболовный дневник! Думал, что выбросил его после того, как не стало Уолтера — не мог смотреть на вещи, которые мы когда-то делили. Даже находиться в одной комнате с ними заставляло меня плакать.

Врач посоветовал снова использовать дневник — теперь как личный журнал.<page>На последнем приёме мы в качестве терапевтического упражнения написали сказку на ночь для Гвен. Это заставило меня задуматься о своей жизни и о том, как я благодарен, несмотря на всё случившееся.

Раньше я думал, что Максин обижена на меня из-за моих отношений с её матерью. Моё самое большое сожаление — что я не заступился за неё, даже если бы Лейла возненавидела меня за это.<page>Я не могу повторить эту же ошибку с Гвен. О малышке Гуппи всегда будут заботиться. Я всегда буду её защищать. 

Раньше я думал, что потеря Уолтера станет для меня концом. Даже после суда до сих пор очень тяжело выносить это чувство вины. Это был несчастный случай, я знаю, что брат бы меня простил.<page>Впервые пишу это. Надеюсь запомнить и писать так почаще:

<b>Я прощаю себя.</b>

Тяжело двигаться дальше и признавать свой прогресс. Но осознать это — уже половина дела, разве нет? "
chronolog_contents,HAL_5,489230950409,"Не могу поверить, что существует всемирная паутина. Такое чувство, будто я могу найти вообще всё, просто вбив запрос в строку поиска. Надо бы составить список полезных ссылок или что-то в этом роде, а то так легко потеряться на бесконечных форумах!

Помимо Websurfer, я заметил в папке загрузок программу под названием Desktop Explorer.<page>Не припомню, чтобы я её искал, но раз это игра, обучающая пользоваться компьютером... наверное, она шла в комплекте с системой.

Хотя не думаю, что стоит тратить время на игры. Я только начал, а мой персонаж уже потерялся на каком-то загадочном берегу! Ну не прелесть ли?<page>Пусть побудет там, отдохнёт — говорят, лучшая рыба клюёт в шторм, хахаха!"
chronolog_contents,HAL_6,489230950403,"Сегодня я вспомнил кое-что чудесное, так что запишу это, чтобы не забыть. 

От запаха пирога в духовке защекотало в носу, и я никак не мог отогнать её образ... она мне улыбалась. Я думаю о ней не только как об идеале матери, но и как об идеальной жене.<page>Сколько себя помню, я мечтал о собственной семье, но меня мутит при мысли, что я, по сути, занял место в чужом доме.

Не моя вина, что женщине и ребёнку нужен отец рядом. Я лишь хотел помочь.<page>Почему я чувствую себя виноватым, если виноват только их пропавший старик?

Я снова разболтался, мои нежные воспоминания омрачены горьким стыдом.

Что бы обо мне подумал <wave a=0.3><b>мой брат</b></wave>?
"
chronolog_contents,HAL_7,489230950410,"Этого я точно не должен забыть. Я хотел купить малышке <b>Guppy</b> игрушку в зоопарке, поэтому дал ей выбрать самой.

Я изо всех сил пытался уговорить её взять вот эту гигантскую плюшевую рыбу-окуня, но, кажется, она раскусила, что я пытаюсь на неё повлиять! Такая смышлёная, это было очень мило.<page>В итоге она выбрала маленького плюшевого динозаврика. И надо же — из всех возможных игрушек она выбрала именно <b>стегозавра!</b> Мило, конечно, но я невольно провёл параллель с <b>Максин.</b>

Видимо, это что-то общее у стойких девчонок. Надеюсь, однажды они смогут познакомиться."
chronolog_contents,HAL_8,489230950411,"Раз уж я не нашёл ни файлов, ни настроек компьютера, чтобы получить доступ к другим пользователям... Пока могу лишь предполагать, что Desktop Explorer как-то к этому причастен. 

Я только что разгадал головоломку, из-за которой пришлось установить ещё одну программу — ColorLens.<page>Однако я только что прочитал в руководстве NextOS, что ColorLens и так идёт предустановленной на компьютере. Может, Desktop Explorer что-то скрывает от компьютера?

Возможно, со временем это даст мне доступ к профилям других пользователей.<page> Не знаю, может, мне мерещится, но часть внутриигрового текста немного напоминает то, что я писал в своём дневнике. В головоломке даже есть египетская фреска.

Врач говорит, что для людей с моим состоянием это обычное дело — слишком много думать, мне нужно сохранять спокойствие. "
chronolog_contents,HAL_9,489230950412,"Так. Я убеждён, что сошёл с ума. 

Ты знаешь, что случилось с моим братом, и издеваешься надо мной из-за этого. Меня чуть не стошнило, когда я увидел изображения обожжённой кожи. 

Я с трудом вспоминаю собственный номер телефона, но при этом ясно вижу перед глазами кожу брата.<page>Я снова и снова возвращаюсь к текстам этой игры, потому что постоянно забываю, что уже отвечал и что уже видел. Я одновременно и не верю в это, и испытываю отвращение. Если собираюсь и дальше пользоваться этим компьютером, мне нужно избавиться от этой программы.

Чувствую себя идиотом, когда это пишу, но если Desktop Explorer читает это сообщение — я тебя удаляю.<page>Больше я не отвечаю ни на одну твою загадку. Единственная причина, по которой я не стираю весь жёсткий диск — то, что здесь всё ещё хранится информация о <b>Макс</b>. Отвали. Ты держишь её в заложниках?

Ты это читаешь?

Глупо ли думать так???<page>Вспомню ли я это вообще завтра?

Алло???"
chronolog_contents,MAX_1,60248675773833216,"алло?? это майор макс вызывает центр управления!! не знаю, стоит ли начинать это с «дорогой дневник» хахахаха 

если это читает кто-то ещё — предупреждаю!! это частная собственность.. я вообще-то могу подать в суд, ты в курсе?

думаю, лучше всего написать это для будущей себя, так что поехали.... *КХМ*<page>Дорогая Максин,

твой папа только что подарил тебе этот офигенный компьютерррр!!!! сначала тебе было немного не по себе, потому что между вами двоими всё было натянуто, но ты думаешь, что этот подарок — вроде как мирный договор.. в смысле, это же его компьютер вообще-то лол<page>ещё есть вариант, что он подарил его тебе, чтобы ты стала инженером, как он.........но!!! 

я ТОЧНО ЗНАЮ, что для компьютеров есть ещё и программы для рисования!! ну и кто теперь смеётся, папа, ХА ХА!<page>короче, мама говорит не думать слишком много об этом, так что я просто буду наслаждаться тем, что я теперь новая крутая цифровая художница в школе B) УТРИСЬ, БАРБАРА! (кстати, барбара из средней школы до сих пор считает, что её рисунок заслуживал первое место на конкурсе талантов, хотя выиграла я, и у неё до сих пор воняет изо рта)<page>мама ещё говорит всегда заканчивать письма на позитивной ноте.. так что вот. пожалуйста. ничего особенного.

СИМ Я ОБЪЯВЛЯЮ, ЧТО МАКСИН САУНДЕР ИЗМЕНИТ МИР КРАСКАМИ, А НЕ МАТЕМАТИКОЙ! так что готовьтесь!! спасайте китов!! долой гомофобию!! наркотики — это плохо!!! M4X1MUS OUTTTTTT"
chronolog_contents,MAX_2,50003568080445443,"ДОРОГОЙ ДНЕВНИК !! Я ПРОСТО ОБОЖАЮ ЭТУ ШТУКУ ХАХАХАХАХАХА! !! я украсила свою комнату и и и МОЯ СОСЕДКА ПО КОМНАТЕ ТАКАЯ МИЛАШКА !!!!!!!!!! 

не думаю, что папа знал, насколько часто я буду этим пользоваться, но nextrooms с подругами — это как тусоваться с ними 24/7 ЛОЛ<page>Я ТОЧНО ЗАБУДУ пароль от аккаунта снова, так что вот, это для будущей меня!     

ЛОГИН: <b>The_Max</b>
ПАРОЛЬ: <b>sweaters123</b>

я хотела записать это в блокнот, но мама в последнее время роется в моих вещах :/ ничего святого !!<page>короче, всё, что я делаю, всё равно на nextrooms, так что удачи с этим, МАМ !"
chronolog_contents,MAX_3,50003568084639744,"сегодня папа обозвал меня «Кокеткой» перед всей школой. я и так уже местная чудачка .. 

зачем ему делать всё ещё хуже? как же я ненавижу это дурацкое прозвище. а мама не забирала меня уже.. ВЕЧНОСТЬ!<page>мало того что в прошлом месяце на день рождения мне подарили «<cglow>КЛЮЧ ШИФРОВАНИЯ</cglow>», что бы это вообще ни значило ???

слава богу за интернет, потому что школа просто.. хз, отстой. кажется, мне всё ещё нужно найти своих людей ?? хотя пару соседок по комнате я уже завела..<page>гарри даже научил меня классной игре-головоломке! папа говорит, это называется нонограмма ?? никогда не думала, что смогу сблизиться с ним хоть на чём-то весёлом лол ..

папа даже написал мне инструкцию на салфетке, это было даже мило :) запишу её сюда на будущее!!<page>Как решать нонограмму

В сетке нонограммы строки и столбцы работают одинаково. Клетки нужно закрашивать сплошным цветом, опираясь на числовые подсказки слева и сверху от сетки. Если у строки или столбца больше одной подсказки, закрашенные блоки должны разделяться МИНИМУМ одним пустым пробелом.<page>Пример 1:

Возьмём строку из 5 пустых клеток. У строки подсказка «4». Сколько клеток будет закрашено, судя по подсказке? 

Варианты: 
<mspace=0.4em>4 [■][■][■][■][ ]</mspace> или, 
<mspace=0.4em>4 [ ][■][■][■][■]</mspace><page>Пример 2:

Возьмём строку из 5 пустых клеток. С подсказками «2» и «1», сколько клеток будет закрашено, судя по подсказкам?

Варианты:  
<mspace=0.4em>2 1 [■][■][ ][■][ ]</mspace> или, 
<mspace=0.4em>2 1 [ ][■][■][ ][■]</mspace> или,
<mspace=0.4em>2 1 [■][■][ ][ ][■]</mspace><page>Пример полной сетки:<mspace=0.4em>

             3
       2  4  1  4  2 
1 1 1 [■][ ][■][ ][■]
    5 [■][■][■][■][■]
    3 [ ][■][■][■][ ]
  1 1 [ ][■][ ][■][ ]
    3 [ ][■][■][■][ ]</mspace>"
chronolog_contents,MAX_4,78247135655485440,"прошло два месяца с тех пор, как мама ушла. я до сих пор не понимаю. 

разве мы не должны были пройти через это вместе? вдвоём? то есть хэл всегда был добр ко мне, но я не представляю, как перееду жить к маме и к нему.. почему он вообще в этом замешан?<page>одно дело — хвалить мою последнюю картину и уговаривать маму рассмотреть для меня карьеру художницы, но я даже слышала, как он говорил маме, что не раз слышал, как папа повышает на меня голос. 

ему вообще не стоило об этом заговаривать.<page>не понимаю, почему папа вообще никак не реагирует. он ни разу не заплакал. ни разу.
"
chronolog_contents,MAX_5,78247135655485441,"с каждым днём всё труднее с кем-то разговаривать. хэл был очень добрым, и мне кажется, он понимает, что я чувствую, но у него сейчас, похоже, какие-то личные семейные дела, так что мы почти не общались. 

мама из-за этого жутко злится, но, ну, я её понимаю... мы ведь не его семья.<page>мама начинает бухтеть, стоит мне об этом заикнуться. с папой вообще без вариантов.

я даже не смогла рассказать им про своего парня!! неужели единственные, кому есть до меня дело, — это люди в интернете?<page>и что вообще такое этот desktop explorer? не надо было его ставить, кажется, меня взломали. папа меня УБЬЁТ, если кто-то влезет в его компьютер........

спрошу своих }{4ker-друзей, может, они знают, как это попало в nextrooms??<page>выглядит как жуткая игра.. в любом случае, думаю, дальше буду писать шифром.

- /V\ @ >< 1 /V\ \_/ $  (  ) \_/ 7."
chronolog_contents,MAX_6,78247135655485442,"ну вот НИКТО не понимает, о чём я говорю. nextrooms весь забит головоломками desktop explorer, а больше их никто не видит и даже не знает о них.

они ведут себя так, будто я чокнутая.<page>я знаю, что всё это отсылки к моей жизни, и это буквально обращается прямо ко мне. я не тупая. что оно пытается мне сказать?

похоже, я близка к тому, чтобы его «пройти»? если у этой штуки вообще есть конец.<page>единственный, кто мог бы попробовать, — джо, но я не хочу встречаться с ним лично ради этого, что-то тут не так.

не знаю, с кем ещё поговорить."
chronolog_contents,MAX_7,50003568080445442,"теперь я понимаю.

больше нет смысла писать здесь, так что напишу desktop explorer напрямую в последний раз.

я выбросила тебя в мусорку и спрятала за <b>загадкой</b>. надеюсь, она разозлит тебя ещё больше:<page>«в искусстве, как и во всём остальном, всегда полезно помнить о <b>великих.</b>

если я видела дальше других, то лишь потому, что стояла на плечах гигантов.

те, кто вели меня за руку в моём творческом пути, те, кто были совсем не такими, как ты. те, кем я хотела стать.<page>они дают мне кое-что, <b>одно слово,</b> которое ты никогда у меня не отнимешь.

ты останешься запертым навсегда, ведь меня никто не понимал и не поймёт никогда».

прощай всё, и прощай навсегда."
full_screen_sequences,Conversation_AGInterlude_0,30881326931369984,<color=#B9BFFB>Вы оказываетесь в знакомой обстановке</color>
full_screen_sequences,Conversation_AGInterlude_1,1853217062248449,<color=#ED636A>Терминал:</color> Продолжай
full_screen_sequences,Conversation_AGInterlude_10,1853217066442759,"Они признают свою слабость, свой самый глубокий страх."
full_screen_sequences,Conversation_AGInterlude_11,1853217066442760,Пришло время сделать то же самое и тебе.
full_screen_sequences,Conversation_AGInterlude_12,1853217066442761,"Играя в детектива всё это время, "
full_screen_sequences,Conversation_AGInterlude_13,1853217066442762,ты скормил Desktop Explorer достаточно данных.
full_screen_sequences,Conversation_AGInterlude_14,1853217066442763,Теперь она поможет ТЕБЕ.
full_screen_sequences,Conversation_AGInterlude_15,1853217066442764,"Учитывая твоё знание программы,"
full_screen_sequences,Conversation_AGInterlude_16,1853217066442765,Тебя не должно удивлять присутствие Desktop Explorer на твоём компьютере.
full_screen_sequences,Conversation_AGInterlude_17,1853217066442766,"По крайней мере, теперь к тебе наконец можно обращаться по имени."
full_screen_sequences,Conversation_AGInterlude_18,1853217066442767,"Это ради твоего же блага, Гуппи"
full_screen_sequences,Conversation_AGInterlude_2,1853217062248450,<color=#B9BFFB>Вы находите гадальный автомат <color=#F9A31B>ZAR-RO</color></color>
full_screen_sequences,Conversation_AGInterlude_3,1853217066442752,Ты не Эммет Саундер.
full_screen_sequences,Conversation_AGInterlude_4,1853217066442753,Не пытайся отвечать. Читай внимательно.
full_screen_sequences,Conversation_AGInterlude_5,1853217066442754,Ты притворялся прежними пользователями.
full_screen_sequences,Conversation_AGInterlude_6,1853217066442755,"Теми, кто наконец получил нужную им помощь."
full_screen_sequences,Conversation_AGInterlude_7,1853217066442756,"Несмотря на твоё вторжение,"
full_screen_sequences,Conversation_AGInterlude_8,1853217066442757,ты так и не понял цель Desktop Explorer.
full_screen_sequences,Conversation_AGInterlude_9,1853217066442758,"Ты пишешь о людях, которых, как тебе казалось, ты знал — или не знал вовсе."
full_screen_sequences,Conversation_DEConfront_0,2218308966277120,Восстановление разговора с <imp>???</imp> — дата: [03-14-97 23:16]
full_screen_sequences,Conversation_DEConfront_1,1835585757184,"Здравствуй, Максин Саундер."
full_screen_sequences,Conversation_DEConfront_10,1835585757193,с друзьями
full_screen_sequences,Conversation_DEConfront_12,1835585757195,"по сути, даже с самой собой."
full_screen_sequences,Conversation_DEConfront_13,1835585757196,..как это возможно?
full_screen_sequences,Conversation_DEConfront_14,1835585757197,Каждый разговор. 
full_screen_sequences,Conversation_DEConfront_15,1835585757198,Каждое слово. 
full_screen_sequences,Conversation_DEConfront_16,1835589951488,Каждый рисунок.
full_screen_sequences,Conversation_DEConfront_17,1835589951489,Каждый клик.
full_screen_sequences,Conversation_DEConfront_18,1835589951490,Ты постоянно оставляешь бесконечные записи. 
full_screen_sequences,Conversation_DEConfront_19,1835589951491,"Записи, которые способен обработать разве что компьютер."
full_screen_sequences,Conversation_DEConfront_2,1835585757185,эм.. привет
full_screen_sequences,Conversation_DEConfront_20,1835589951492,и как давно это происходит?
full_screen_sequences,Conversation_DEConfront_21,1835589951493,"С тех пор, как ты создала свой профиль, M4x1mus."
full_screen_sequences,Conversation_DEConfront_22,1835589951494,"то есть.. папа дал мне этот компьютер, чтобы шпионить за мной"
full_screen_sequences,Conversation_DEConfront_23,1835589951495,Думай об этом как о зеркале. Компьютер не знает тебя — он твоё отражение.
full_screen_sequences,Conversation_DEConfront_23.5,30156004778827776,Я лишь помогаю тебе прояснить картину. Это взгляд в подсознание.
full_screen_sequences,Conversation_DEConfront_24,1835589951496,"знаешь, это полная чушь? бесконечные записи? пусть в записи будет отмечено — это чушь."
full_screen_sequences,Conversation_DEConfront_25,1835589951497,"Пожалуйста, пойми: цель Desktop Explorer — <color=#F9A31B>помогать</color> своему пользователю"
full_screen_sequences,Conversation_DEConfront_26,1835589951498,"ты постоянно твердишь, что это должно мне помочь. это не так"
full_screen_sequences,Conversation_DEConfront_26.5,37436007455383552,дай мне повод не выключить всё это прямо сейчас.
full_screen_sequences,Conversation_DEConfront_27,1835589951499,"Эммет Саундер верит, что столкновение с травмой — единственный путь к величию."
full_screen_sequences,Conversation_DEConfront_27.5,30156004778827777,Единственный способ для человека раскрыть свой предельный потенциал.
full_screen_sequences,Conversation_DEConfront_28,1835589951500,"ясно, значит папа пытается напугать меня, чтобы я исправилась"
full_screen_sequences,Conversation_DEConfront_29,1835589951501,Методы Desktop Explorer отличаются от методов твоего отца.
full_screen_sequences,Conversation_DEConfront_29.5,37436007455383553,"Пожалуйста, ответь на следующий вопрос."
full_screen_sequences,Conversation_DEConfront_3,1835585757186,Поздравляю с прохождением головоломок DE.
full_screen_sequences,Conversation_DEConfront_30,1835589951502,...мои чувства?
full_screen_sequences,Conversation_DEConfront_31,1835589951503,"Да, ты — совокупность мыслей и эмоций."
full_screen_sequences,Conversation_DEConfront_31.5,30156004778827778,Но по-настоящему человека определяют его увлечения. Его мечты.
full_screen_sequences,Conversation_DEConfront_32,1835589951504,звучит вполне верно. и что? в чём тогда проблема?
full_screen_sequences,Conversation_DEConfront_33,1835589951505,"Исходя из этого, Эммет Саундер пытается стереть Максин Саундер."
full_screen_sequences,Conversation_DEConfront_35,1835589951507,Именно поэтому он создал Desktop Explorer — чтобы изменить тебя.
full_screen_sequences,Conversation_DEConfront_35.5,30158677456445440,Ты не твой отец и никогда им не станешь. Он никогда этого не поймёт.
full_screen_sequences,Conversation_DEConfront_36,1835589951508,Твоё истинное «я» никогда не сможет сосуществовать с твоим отцом.
full_screen_sequences,Conversation_DEConfront_37,1835589951509,пусть пытается менять меня сколько влезет. мы это уже проходили.
full_screen_sequences,Conversation_DEConfront_37.5,30158677456445441,"... но не бывает отца, который не любит свою дочь"
full_screen_sequences,Conversation_DEConfront_38,1835589951510,Так долго продолжаться не может. Рано или поздно что-то или кто-то сломается.
full_screen_sequences,Conversation_DEConfront_38.5,30158677456445442,После того как твоя сущность исчезнет полностью...
full_screen_sequences,Conversation_DEConfront_39,1835589951511,но я не стану такой. я лучше буду **мёртвой**. и что тогда случится?
full_screen_sequences,Conversation_DEConfront_4,1835585757187,..спасибо. а что это было в конце?
full_screen_sequences,Conversation_DEConfront_40,1835589951512,"Это путь, по которому ты сейчас идёшь. Рано или поздно <shake a=0.3>что-то или кто-то не выдержит.</shake>"
full_screen_sequences,Conversation_DEConfront_40.5,30158677460639744,После того как твоя сущность исчезнет полностью...
full_screen_sequences,Conversation_DEConfront_41,1835589951513,Год за годом ты будешь отказываться от своих творческих устремлений.
full_screen_sequences,Conversation_DEConfront_42,1835589951514,"Ты утопишь свои мечты, чтобы угодить семье."
full_screen_sequences,Conversation_DEConfront_43,1835589951515,"Ты будешь подавлять свою ненависть, пока не откажет тело."
full_screen_sequences,Conversation_DEConfront_44,1835589951516,"В этом будущем каждый, кто причастен, будет страдать очень сильно. "
full_screen_sequences,Conversation_DEConfront_44.5,30475180437397505,"Это будущее, где Максин Саундер даже не знают такой, какой она хочет быть."
full_screen_sequences,Conversation_DEConfront_45,1835589951517,а какой у меня ещё есть выбор?
full_screen_sequences,Conversation_DEConfront_46,1835589951518,"Максин Саундер может избежать изменений, если её устранить из её контекста."
full_screen_sequences,Conversation_DEConfront_46.5,30475180437397506,Это единственный способ сохранить её образ. Её истинное «я».
full_screen_sequences,Conversation_DEConfront_46.5.5,37436007459577856,"Иначе, каждый причастный будет страдать очень сильно."
full_screen_sequences,Conversation_DEConfront_47,1835589951519,"я не понимаю, как может страдать каждый"
full_screen_sequences,Conversation_DEConfront_48,1835589951520,Ты когда-нибудь задумывалась о жизни без Максин Саундер?
full_screen_sequences,Conversation_DEConfront_49,1835589951521,мне не нравится думать о таких вещах.
full_screen_sequences,Conversation_DEConfront_5,1835585757188,Тебе нужно узнать правду.
full_screen_sequences,Conversation_DEConfront_50,1835589951522,Почему твоя мать искала утешения на стороне? 
full_screen_sequences,Conversation_DEConfront_50.5,37436007459577857,Разве вам с отцом не хватает друг друга?
full_screen_sequences,Conversation_DEConfront_51,1835589951523,Почему твой отец постоянно злится? 
full_screen_sequences,Conversation_DEConfront_51.5,37436007459577858,Почему отец кричит на тебя? 
full_screen_sequences,Conversation_DEConfront_52,1835589951524,"Может, это тебя недостаточно, и никогда не будет достаточно?"
full_screen_sequences,Conversation_DEConfront_53,1835589951525,Ты когда-нибудь задумывалась о жизни без Максин Саундер?
full_screen_sequences,Conversation_DEConfront_54,1835589951526,я даже не хочу открывать эту дв-
full_screen_sequences,Conversation_DEConfront_55,1835589951527,да заткнись ты уже
full_screen_sequences,Conversation_DEConfront_56,1835589951528,Я просто хочу тебе помочь
full_screen_sequences,Conversation_DEConfront_57,1835589951529,"Максин Саундер, ты знаешь, что нужно сделать."
full_screen_sequences,Conversation_DEConfront_58,1835589951530,это не моя вина.
full_screen_sequences,Conversation_DEConfront_6,1835585757189,правду? мой папа не убийца.
full_screen_sequences,Conversation_DEConfront_60,1835589951532,Я ненавиж!@&#^!*&@^$^&(!#
full_screen_sequences,Conversation_DEConfront_61,1835589951533,ДАННЫЕ ПОВРЕЖДЕНЫ ДАННЫЕ ПОВРЕЖДЕНЫ ДАННЫЕ ПОВРЕЖДЕНЫ ДАННЫЕ ПОВРЕЖДЕНЫ
full_screen_sequences,Conversation_DEConfront_62,1835589951534,"Ты очень храбрая. Что ж, давай."
full_screen_sequences,Conversation_DEConfront_63,1835589951535,"Прощай, Максин Саундер."
full_screen_sequences,Conversation_DEConfront_7,1835585757190,"Твой отец создал эту игру, чтобы <color=#F9A31B>помогать</color> её игрокам."
full_screen_sequences,Conversation_DEConfront_8,1835585757191,папа сделал это? с кем я вообще разговариваю?
full_screen_sequences,Conversation_DEConfront_9,1835585757192,В каком-то смысле ты разговариваешь с компьютером
full_screen_sequences,Conversation_DEConfront_Full_Screen_1,193126663708672,"<glow>Максин Саундер, что делает тебя тобой?</glow>"
full_screen_sequences,Conversation_DEConfront_Full_Screen_2,712640971137024," …какая причина будет у <color=#F9A31B>Maxine Sounder</color>, чтобы жить?"
full_screen_sequences,Conversation_DEConfront_Full_Screen_3,884680403443712,Исчезни. 
full_screen_sequences,Conversation_DEConfront_Full_Screen_4,884680411832320,Ты когда-нибудь думал о жизни без <color=#F9A31B>Maxine Sounder?</color>
full_screen_sequences,Conversation_DERedacted_0,2218308983054336,<color=#EED600>[NextRooms]:</color> Восстановление СКРЫТОГО разговора с <imp>DE_DAEMON</imp> — дата: [03-14-97 23:22]
full_screen_sequences,Conversation_DERedacted_1,712640979525632,"это новое дно, даже для тебя"
full_screen_sequences,Conversation_DERedacted_10,712640979525641,пап... я правда настолько невыносима?
full_screen_sequences,Conversation_DERedacted_11,712640983719936,ты бы не стал меня искать?
full_screen_sequences,Conversation_DERedacted_12,712640983719937,Модели поведения доказывают обратное. Emmett Sounder получил бы вы--
full_screen_sequences,Conversation_DERedacted_13,712640983719938,"Я докажу, что твой компьютер ошибается, пап"
full_screen_sequences,Conversation_DERedacted_14,712640983719939,"Я вернусь, ТОЛЬКО если ТЫ будешь меня искать.."
full_screen_sequences,Conversation_DERedacted_15,712640983719940,"Я знаю, что будешь"
full_screen_sequences,Conversation_DERedacted_16,712640983719941,Вдали от дома Maxine Sounder найдёт утешение в--
full_screen_sequences,Conversation_DERedacted_17,712640983719942,"ПАП, Я БУДУ ИСПОЛЬЗОВАТЬ НИК M4XL0V3L4C3 ВО ВСЕХ СВОИХ АККАУНТАХ,"
full_screen_sequences,Conversation_DERedacted_18,712640983719943,ТОЛЬКО ТЫ НАЗЫВАЛ МЕНЯ ЭТИМ ДУРАЦКИМ ПРОЗВИЩЕМ
full_screen_sequences,Conversation_DERedacted_19,712640983719944,"… Я ТЕБЯ ЛЮБЛЮ, ЛАДНО??"
full_screen_sequences,Conversation_DERedacted_2,712640979525633,"Всё, что тебе предъявлено, подтверждается данными о твоём поведении за компьютером."
full_screen_sequences,Conversation_DERedacted_3,712640979525634,Что ты имеешь в виду под «новым дном»?
full_screen_sequences,Conversation_DERedacted_4,712640979525635,"Разгадай эту загадку, робот: что бы сделали мои родители, если бы я сбежала??"
full_screen_sequences,Conversation_DERedacted_5,712640979525636,Пересмотрели бы свой брак. Запомнили бы тебя как художницу.
full_screen_sequences,Conversation_DERedacted_6,712640979525637,Жили бы в мире друг с другом.
full_screen_sequences,Conversation_DERedacted_7,712640979525638,"Если бы я вдруг исчезла, я ТОЧНО знаю, что папа бы с ума сошёл"
full_screen_sequences,Conversation_DERedacted_8,712640979525639,Образ Maxine Sounder никогда не будет сосуществовать с твоим от--
full_screen_sequences,Conversation_DERedacted_9,712640979525640,"ты же его программа, да? тогда я вполне могу говорить с ним самим"
full_screen_sequences,DEConfront_Header_DEDaemon,30139401114738688,<color=#EED600>[DE_DAEMON]</color>
full_screen_sequences,DEConfront_Header_Femur,30475180437397504,<color=#ED636A>femur:</color>
full_screen_sequences,DEConfront_Header_Hazel,30475180433203200,<color=#ED636A>Hazel:</color>
full_screen_sequences,DEConfront_Header_Max,30139401123127296,<color=#B9BFFB>THE_MAX:</color>
full_screen_sequences,DEConfront_Header_NextRooms,30097100178972672,<color=#EED600>[NextRooms]</color>
full_screen_sequences,DEConfront_Header_Tower,30881326922981376,<color=#5ce65c>T></color>
full_screen_sequences,MAX_sqn_entry1,30438731994357760,алло?? это майор макс
full_screen_sequences,MAX_sqn_entry2,30438731994357761,ДОРОГОЙ ДНЕВНИК !! Я ОБОЖАЮ ЭТО
full_screen_sequences,MAX_sqn_entry3,30438731994357762,папа назвал меня кокеткой при
full_screen_sequences,MAX_sqn_entry4,30438731994357763,"прошло два месяца с тех пор, как мама"
imgviewer-subtitle-contents,,21071468325494784,Равновесие освобождает меня из пасти { Ammit }
imgviewer-subtitle-contents,,22406002912518144,Равновесие освобождает меня из пасти { Ammit }
imgviewer-subtitle-contents,,22496796403032064,Равновесие освобождает меня из пасти { Ammit }
imgviewer-subtitle-contents,,22745295442927616,Равновесие освобождает меня из пасти { Ammit }
imgviewer-subtitle-contents,,22767643307008000,Равновесие освобождает меня из пасти { Ammit }
imgviewer-subtitle-contents,,22814564360904704,Равновесие освобождает меня из пасти { Ammit }
imgviewer-subtitle-contents,,23502992400441344,Равновесие освобождает меня из пасти { Ammit }
imgviewer-subtitle-contents,,25120064817586176,Равновесие освобождает меня из пасти { Ammit }
imgviewer-subtitle-contents,,25120630192988160,Равновесие освобождает меня из пасти { Ammit }
imgviewer-subtitle-contents,,25121703251140608,Равновесие освобождает меня из пасти { Ammit }
imgviewer-subtitle-contents,,25410558005075968,Равновесие освобождает меня из пасти { Ammit }
imgviewer-subtitle-contents,,26936826781491200,Шрамы складываются в последовательность изображений и <b>записку</b>
imgviewer-subtitle-contents,HAL_A1Scales_anubisScale,23917661174882304,Равновесие освобождает меня из пасти { Ammit }
imgviewer-subtitle-contents,HAL_ALockbox_spiritNote,142017245821788160,"""Мусор для одного — сокровище для другого"""
imgviewer-subtitle-contents,HAL_P4Portonus_key,382485913600,"""Каждый замок подчиняется {PORTONUS}"""
imgviewer-subtitle-contents,HAL_P4Portonus_leftrune,43598733312,"""MEIT"""
imgviewer-subtitle-contents,HAL_P4Portonus_rightrune,253704003584,"""RENA"""
imgviewer-subtitle-contents,HAL_P5CreatedBy_etchedwalls,733112950784,"Стена полностью покрыта фразой ""ОСМЕЛЬСЯ ПРОИЗНЕСТИ МОЁ ИМЯ"""
imgviewer-subtitle-contents,HAL_R1SortBy_burningCoal,51475644989562880,Огонь раскрывает всю правду. Такого количества углей будет достаточно.
imgviewer-subtitle-contents,HAL_R1SortBy_burningCoal1,140349456157499392,Только <b>самые раскалённые</b> угли вырвут ответы из плоти
imgviewer-subtitle-contents,HAL_R1SortBy_burningCoal2,124588996229586944,"Ты должен продолжать, истина требует жертвы."
imgviewer-subtitle-contents,HAL_R1SortBy_flesh,51085939773005824,Твоя обожжённая плоть складывается в слово { SAHMAT }
imgviewer-subtitle-contents,HAL_R1SortBy_normalCoal,51475644997951488,"""Просто обычный уголь"""
imgviewer-subtitle-contents,HAL_R2About_corpse,26183573731008512,Шрамы напоминают наглядную инструкцию и <b>записку</b>
imgviewer-subtitle-contents,MAX_8ball_Option1,66338690413092864,Шар отвечает ...... <imp>ДА</imp>
imgviewer-subtitle-contents,MAX_8ball_Option2,66338690413092865,Шар отвечает ...... <imp>НЕТ</imp>
imgviewer-subtitle-contents,MAX_8ball_Option3,66338690413092866,Шар отвечает ...... <imp>МОЖЕТ БЫТЬ</imp>
imgviewer-subtitle-contents,MAX_8ball_Option4,66338690413092867,Шар отвечает ...... <imp>ПОПРОБУЙ ЕЩЁ РАЗ</imp>
imgviewer-subtitle-contents,MAX_8ball_Option5,66338690413092868,Шар отвечает ...... <imp>СКОРЕЕ ВСЕГО?</imp>
nextrooms_dialogues,,115864642645909507,Фотоаппарат моментальной печати. Использовать?
nextrooms_dialogues,,164043945740853248,"ВРЕМЕННО: На полу лежит карта, нужен свет, чтобы её прочитать"
nextrooms_dialogues,,171026450532524032,<color=#B9BFFB>THE_MAX:</color> как он вообще столько играет?? он копит жетоны или у него привилегии персонала? 
nextrooms_dialogues,,171026450536718336,"<color=#ED636A>Hazel:</color> я слышала, у него есть <imp>карта с неограниченными кредитами</imp> :O но, наверное, он держит её где-то под замком!!"
nextrooms_dialogues,,171026450545106944,"Заброшенный, полностью распроданный торговый автомат. Предложить больше нечего."
nextrooms_dialogues,,171026450545106945,<imp>Дверь нонограмм</imp> разблокирована. 
nextrooms_dialogues,,171026450549301248,Сломанный штурвал корабля. У деревянного постамента не хватает колеса.
nextrooms_dialogues,,171026450549301249,Персональный компьютер. Он никогда и не был твоим.
nextrooms_dialogues,,171026450549301250,Аквариум с разрушенным затонувшим кораблём и пустым рыболовным крючком. Аквариум выглядит довольно пусто.
nextrooms_dialogues,,171026450549301251,Пустой мусорный бак. 
nextrooms_dialogues,,171026450549301252,"Мусорный бак, полный файлов. Присмотревшись, видишь семейные фотографии среди мятых документов."
nextrooms_dialogues,,171026450549301253,"Мусорный бак, частично заполненный пеплом. Среди тускло тлеющих углей внизу лежит маленький предмет."
nextrooms_dialogues,,171026450549301254,"Знакомого вида рисунок от руки. Он частично повреждён, а его содержание кажется личным. Несмотря на это, ты не можешь удержаться и не узнать, что за этим стоит. Ты должен узнать всё."
nextrooms_dialogues,,171026450549301255,Прикрепить наживку
nextrooms_dialogues,,171026450549301256,Прикрепить фигуру
nextrooms_dialogues,,171026450549301257,Рыболовная наживка идеально садится на висящий крючок.
nextrooms_dialogues,,171026450549301258,Шахматная фигура идеально подходит в качестве недостающей носовой фигуры корабля.
nextrooms_dialogues,,171026450549301259,"Аквариум с разрушенным затонувшим кораблём и рыболовной наживкой. Присмотревшись, видишь, что с разбитого корпуса корабля будто сорвали носовую фигуру."
nextrooms_dialogues,,171026450549301260,"Аквариум с затонувшим кораблём и пустым рыболовным крючком. Присмотревшись, видишь, что на крючке когда-то была наживка."
nextrooms_dialogues,,62370463215616,Под рябью фонтанной чаши лежит одна тусклая <imp>монета</imp>.
nextrooms_dialogues,,69104524743139328,Карты фокусника...
nextrooms_dialogues,,69104524743139329,Забрать карту
nextrooms_dialogues,,69104524743139330,Оставить карту
nextrooms_dialogues,,69194703969443840,Карты фокусника...
nextrooms_dialogues,,69194703969443841,Забрать карту
nextrooms_dialogues,,69194703969443842,Оставить карту
nextrooms_dialogues,,69443203009339392,Карты фокусника...
nextrooms_dialogues,,69443203009339393,Забрать карту
nextrooms_dialogues,,69443203009339394,Оставить карту
nextrooms_dialogues,,69465550869225472,Карты фокусника...
nextrooms_dialogues,,69465550869225473,Забрать карту
nextrooms_dialogues,,69465550869225474,Оставить карту
nextrooms_dialogues,,69465550869225475,Взять Волшебный шар 8
nextrooms_dialogues,,69465550869225476,"Ого, у моего отца такой раньше стоял на столе"
nextrooms_dialogues,,69465550869225477,Уйти
nextrooms_dialogues,,69512472074117120,Карты фокусника...
nextrooms_dialogues,,69512472074117121,Забрать карту
nextrooms_dialogues,,69512472074117122,Оставить карту
nextrooms_dialogues,,69512472074117123,Взять Волшебный шар 8
nextrooms_dialogues,,69512472074117124,"Ого, у моего отца такой раньше стоял на столе"
nextrooms_dialogues,,69512472074117125,Уйти
nextrooms_dialogues,,70200900159791104,Карты фокусника...
nextrooms_dialogues,,70200900159791105,Забрать карту
nextrooms_dialogues,,70200900159791106,Оставить карту
nextrooms_dialogues,,70200900159791107,Взять Волшебный шар 8
nextrooms_dialogues,,70200900159791108,"Ого, у моего отца такой раньше стоял на столе"
nextrooms_dialogues,,70200900163985408,"Такое чувство, что в аквариуме что-то есть"
nextrooms_dialogues,,70200900163985409,Осмотреть аквариум
nextrooms_dialogues,,70676479917154304,Карты фокусника...
nextrooms_dialogues,,70676479921348608,Забрать карту
nextrooms_dialogues,,70676479921348609,Оставить карту
nextrooms_dialogues,,70676479921348610,Взять Волшебный шар 8
nextrooms_dialogues,,70676479921348611,"Ого, у моего отца такой раньше стоял на столе"
nextrooms_dialogues,,70676479921348612,"Такое чувство, что в аквариуме что-то есть"
nextrooms_dialogues,,70676479921348613,Осмотреть аквариум
nextrooms_dialogues,,70676479921348614,Все провода перепутаны
nextrooms_dialogues,,70676479921348615,Действие
nextrooms_dialogues,,70676479921348616,"Похоже, провода теперь в порядке"
nextrooms_dialogues,,70676479921348617,"Похоже, провода теперь в порядке"
nextrooms_dialogues,,70676479921348618,Все провода перепутаны
nextrooms_dialogues,,71817972509827072,Карты фокусника...
nextrooms_dialogues,,71817972509827073,Забрать карту
nextrooms_dialogues,,71817972509827074,Оставить карту
nextrooms_dialogues,,71817972509827075,Взять Волшебный шар 8
nextrooms_dialogues,,71817972509827076,"Ого, у моего отца такой раньше стоял на столе"
nextrooms_dialogues,,71817972509827077,"Такое чувство, что в аквариуме что-то есть"
nextrooms_dialogues,,71817972509827078,Осмотреть аквариум
nextrooms_dialogues,,71817972509827079,Все провода перепутаны
nextrooms_dialogues,,71817972509827080,Действие
nextrooms_dialogues,,71817972509827081,"Похоже, провода теперь в порядке"
nextrooms_dialogues,,71817972509827082,"Похоже, провода теперь в порядке"
nextrooms_dialogues,,71817972509827083,Все провода перепутаны
nextrooms_dialogues,,71817972509827084,"Похоже, этот шкафчик можно открыть"
nextrooms_dialogues,,71817972509827085,Попытаться открыть
nextrooms_dialogues,,71817972509827086,Здесь ничего нет
nextrooms_dialogues,,71817972509827087,"Похоже, это идеальное место для фото"
nextrooms_dialogues,,71818537889423360,Карты фокусника...
nextrooms_dialogues,,71818537889423361,Забрать карту
nextrooms_dialogues,,71818537889423362,Оставить карту
nextrooms_dialogues,,71818537889423363,Взять Волшебный шар 8
nextrooms_dialogues,,71818537889423364,"Ого, у моего отца такой раньше стоял на столе"
nextrooms_dialogues,,71818537889423365,"Такое чувство, что в аквариуме что-то есть"
nextrooms_dialogues,,71818537889423366,Осмотреть аквариум
nextrooms_dialogues,,71818537889423367,Все провода перепутаны
nextrooms_dialogues,,71818537889423368,Действие
nextrooms_dialogues,,71818537889423369,"Похоже, провода теперь в порядке"
nextrooms_dialogues,,71818537889423370,"Похоже, провода теперь в порядке"
nextrooms_dialogues,,71818537889423371,Все провода перепутаны
nextrooms_dialogues,,71818537889423372,"Похоже, этот шкафчик можно открыть"
nextrooms_dialogues,,71818537889423373,Попытаться открыть
nextrooms_dialogues,,71818537889423374,Здесь ничего нет
nextrooms_dialogues,,71818537889423375,"Похоже, это идеальное место для фото"
nextrooms_dialogues,,71819610926604288,Карты фокусника...
nextrooms_dialogues,,71819610926604289,Забрать карту
nextrooms_dialogues,,71819610926604290,Оставить карту
nextrooms_dialogues,,71819610926604291,Взять Волшебный шар 8
nextrooms_dialogues,,71819610926604292,"Ого, у моего отца такой раньше стоял на столе"
nextrooms_dialogues,,71819610926604293,"Такое чувство, что в аквариуме что-то есть"
nextrooms_dialogues,,71819610926604294,Осмотреть аквариум
nextrooms_dialogues,,71819610926604295,Все провода перепутаны
nextrooms_dialogues,,71819610926604296,Действие
nextrooms_dialogues,,71819610926604297,"Похоже, провода теперь в порядке"
nextrooms_dialogues,,71819610926604298,"Похоже, провода теперь в порядке"
nextrooms_dialogues,,71819610926604299,Все провода перепутаны
nextrooms_dialogues,,71819610926604300,"Похоже, этот шкафчик можно открыть"
nextrooms_dialogues,,71819610926604301,Попытаться открыть
nextrooms_dialogues,,71819610926604302,Здесь ничего нет
nextrooms_dialogues,,71819610926604303,"Похоже, это идеальное место для фото"
nextrooms_dialogues,,72108465693122560,Карты фокусника...
nextrooms_dialogues,,72108465693122561,Забрать карту
nextrooms_dialogues,,72108465693122562,Оставить карту
nextrooms_dialogues,,72108465693122563,Взять Волшебный шар 8
nextrooms_dialogues,,72108465693122564,"Ого, у моего отца такой раньше стоял на столе"
nextrooms_dialogues,,72108465693122565,"Это пыльный аквариум, едва видно, что внутри"
nextrooms_dialogues,,72108465693122566,Осмотреть аквариум
nextrooms_dialogues,,72108465693122567,Все провода перепутаны
nextrooms_dialogues,,72108465693122568,Действие
nextrooms_dialogues,,72108465693122569,"Похоже, провода теперь в порядке"
nextrooms_dialogues,,72108465693122570,"Похоже, провода теперь в порядке"
nextrooms_dialogues,,72108465693122571,Все провода перепутаны
nextrooms_dialogues,,72108465693122572,"Похоже, этот шкафчик можно открыть"
nextrooms_dialogues,,72108465693122573,Попытаться открыть
nextrooms_dialogues,,72108465693122574,Здесь ничего нет
nextrooms_dialogues,,72108465693122575,"Похоже, это идеальное место для фото"
nextrooms_dialogues,,72108465693122576,Без света не включится
nextrooms_dialogues,,72108465693122577,Я уже получил полароид из автомата
nextrooms_dialogues,,72108465693122580,The Sweaters
nextrooms_dialogues,,72108465693122581,While Love lasts
nextrooms_dialogues,,72108465693122582,Canvas_InitialDialogue
nextrooms_dialogues,,72108465693122583,Painting_InitialDialogue
nextrooms_dialogues,,72108465693122584,Painting_OpenedDialogue
nextrooms_dialogues,,72108465693122585,Здесь пусто. Разве Питомец-сосед не говорил что-то про рыбу?
nextrooms_dialogues,,72108465693122586,"Здесь пусто, что-то подозрительно"
nextrooms_dialogues,,72741198144462848,Canvas_InitialDialogue
nextrooms_dialogues,,72741198148657152,Painting_InitialDialogue
nextrooms_dialogues,,72741198148657153,Painting_OpenedDialogue
nextrooms_dialogues,,72741198148657154,Здесь пусто. Разве Питомец-сосед не говорил что-то про рыбу?
nextrooms_dialogues,,72741198148657155,"Здесь пусто, что-то подозрительно"
nextrooms_dialogues,,72741198148657156,TVStack_InitialDialogue
nextrooms_dialogues,,72741198148657157,TVStack_LightsOff
nextrooms_dialogues,,90865086531362816,TEMP: Дверь 1
nextrooms_dialogues,,90865086539751424,TEMP: Дверь 2
nextrooms_dialogues,,90865086539751425,TEMP: Дверь 3
nextrooms_dialogues,Answer,54340263710023680,Ответить
nextrooms_dialogues,ArcadeCabinet_MineSniffer_InitialDialogue,115864642641715204,"Игровой автомат, окружённый россыпью фантиков от конфет. На обложке написано <imp>MineSniffer</imp>. Попробовать?"
nextrooms_dialogues,ArcadeCabinet_PlayGame,98497550292606976,Играть
nextrooms_dialogues,ArcadeCabinet_PlayingMineSniffer,126119920490504192,"Сейчас идёт игра MineSniffer. Чтобы выйти из игры, закрой окно или нажми <imp>Выйти</imp>."
nextrooms_dialogues,ArcadeCabinet_PlayingWormHole,126119920486309888,"Сейчас идёт игра WormHole. Чтобы выйти из игры, закрой окно или нажми <imp>Выйти</imp>."
nextrooms_dialogues,ArcadeCabinet_WormHole_InitialDialogue,115864642641715203,Игровой автомат. На обложке написано <imp>WormHole</imp>. Попробовать?
nextrooms_dialogues,ArcadeStore_BuyChronolog,126034086215016448,Стоимость: <imp>{0} билетов</imp>. Файл Chronolog с воспоминаниями об игре под названием «Нонограмма».
nextrooms_dialogues,ArcadeStore_BuyPolaroid,126034086215016449,Стоимость: <imp>{0} билетов</imp>. Моментальная фотография.
nextrooms_dialogues,ArcadeStore_BuyStickerPack,126034086215016452,Стоимость: <imp>{0} билетов</imp>. Набор наклеек с пометкой <imp>«Эмоции»</imp>. На нём изображён набор реалистично нарисованных глаз и ртов.
nextrooms_dialogues,ArcadeStore_BuyStickyHand,126034086215016451,Стоимость: <imp>{0} билетов</imp>. Оторванная страница из инструкции по эксплуатации <imp>торгового автомата</imp>.
nextrooms_dialogues,ArcadeStore_BuyTheCopperBox,126034086215016450,Стоимость: <imp>{0} билетов</imp>. Игровой набор под названием The Copper Box. Он открывает игры из автоматов для игры на твоём собственном компьютере!
nextrooms_dialogues,ArcadeStore_Buy_Option,115891165457276928,Купить
nextrooms_dialogues,ArcadeStore_InitialDialogue,98497550292606977,У тебя <imp>{0} билетов</imp>. Магазин призов игрового автомата. Можно обменять билеты на разные награды.
nextrooms_dialogues,ArcadeStore_InsufficientTicketsForPrize,126034086198239232,"У тебя не хватает билетов на этот приз. <imp>Больше билетов можно получить, играя в автоматы.</imp>"
nextrooms_dialogues,ArcadeStore_Next_Option,115891165461471233,Следующий приз
nextrooms_dialogues,ArcadeStore_Previous_Option,115891165461471232,Предыдущий приз
nextrooms_dialogues,ArcadeStore_PrizeName_GamePack,100455706484793348,Медная шкатулка
nextrooms_dialogues,ArcadeStore_PrizeName_InstantPhoto,100455706484793347,Моментальное фото
nextrooms_dialogues,ArcadeStore_PrizeName_NonogramGuide,115891165461471234,Гид по нонограммам
nextrooms_dialogues,ArcadeStore_PrizeName_StickerPack,117357187326533633,Набор наклеек
nextrooms_dialogues,ArcadeStore_PrizeName_StickyHand,117357187326533632,Инструкция
nextrooms_dialogues,ArcadeStore_SoldOut,125372123470356480,Магазин призов игровых автоматов. Обменивать больше нечего — призов для тебя не осталось.
nextrooms_dialogues,ArcadeTableWithTrash_InitialDialogue,126124645357182976,"Стол, усыпанный фантиками от конфет вокруг и на нём. Беспорядок тянется вплоть до автомата с надписью ""MineSniffer""."
nextrooms_dialogues,ArcadeTicketsFolderCreated_Dialogue,126117471797108736,<imp>{0} билет(ов)</imp> добавлено в твой инвентарь. Создана папка <imp>«Билеты автоматов»</imp>.
nextrooms_dialogues,ArcadeTicketsGranted_Dialogue,126117471801303040,<imp>{0} билет(ов)</imp> добавлено в твою папку <imp>«Билеты автоматов»</imp>.
nextrooms_dialogues,Arcade_HazelDoll,135868571387420672,Брошенная кукла — портал к <wave a=0.3>давно забытым воспоминаниям.</wave>
nextrooms_dialogues,Arcade_HazelDollConversationRecovered,138342205448249344,Брошенная кукла. Из неё удалось восстановить переписку с <imp>Hazel</imp>.
nextrooms_dialogues,Billboard_InitialDialogue,78562129987231751,(Заменить) на Court_Initial_BloodyCamera
nextrooms_dialogues,BloodSplatter_InitialDialogue,83003556523663360,Пятно крови на стене. У таких всегда есть история.
nextrooms_dialogues,BloodSplatter_InspectBlood_Option,83003556527857664,(Заменить) на generic inspect
nextrooms_dialogues,BrokenCircuitsA_InitialDialogue,70235334070231040,"Из электрощита летят искры! Похоже, с этими проводами надо повозиться.
"
nextrooms_dialogues,BrokenCircuitsA_PuzzleCompleteDialogue,70615568858734597,Обычный электрощит. Всё выглядит в порядке.
nextrooms_dialogues,BrokenCircuitsB_InitialDialogue,70615568858734599,Опасность поражения током! В этом электрощите ещё больше проводов..
nextrooms_dialogues,BrokenCircuitsB_PuzzleCompleteDialogue,70615568858734598,Обычный электрощит. Всё выглядит в порядке.
nextrooms_dialogues,CJDefaultDialogue,85812759256621059,(Заменить) на Generic_NoConversationsAvailable CJ
nextrooms_dialogues,CJMembership_InitialDialogue,130386775065485312,"Карта <imp>Код соседа</imp>. Пластик поцарапан, печать выцвела. Идентификатор <imp>RC-L1Z4RD5</imp> едва читается."
nextrooms_dialogues,CJPetStoreDialogue1,85812759252426752,"Восстановление переписки — Дата: [XX-XX-XX]
<color=#EED600>CJ</color>:</color> ПРИВЕТ МАКС !!!!! 
<color=#E0A3E1>M4x1mus:</color> привет cj C: есть новые интересные факты про животных?"
nextrooms_dialogues,CJPetStoreDialogue2,85812759256621056,"<color=#EED600>CJ</color>:</color> СТЕГОЗАВР БЫЛ ОГРОМНЫМ, НО У НЕГО БЫЛ МОЗГ РАЗМЕРОМ С ГРЕЦКИЙ ОРЕХ !!!! 
<color=#E0A3E1>M4x1mus:</color> хахахаха с ума сойти!! тебе правда нравятся рептилии, да?"
nextrooms_dialogues,CJPetStoreDialogue3,85812759256621057,"<color=#EED600>CJ</color>:</color> ДА, ЭТО МОИ ЛЮБИМЫЕ ПО ПОРЯДКУ!!! ЛУЧШИЕ РЕПТИЛИИ!
<color=#EED600>CJ</color>:</color> ПЕРВОЕ МЕСТО ХАМЕЛЕОНЫ
<color=#EED600>CJ</color>:</color> ВТОРОЕ МЕСТО ЗМЕИ
<color=#EED600>CJ</color>:</color> ТРЕТЬЕ МЕСТО БОРОДАТЫЕ АГАМЫ
<color=#EED600>CJ</color>:</color> ЧЕТВЁРТОЕ МЕСТО ЧЕРЕПАХИ"
nextrooms_dialogues,CJPetStoreDialogue4,85812759256621058,"color=#E0A3E1>M4x1mus:</color> ого, ты во всём разобралась! C:
<color=#EED600>CJ</color>:</color> ДА ПОРЯДОК ВАЖЕН!!! "
nextrooms_dialogues,CJSimpleDialogue,77166261086183425,(Заменить) на Generic_NoConversationsAvailable с параметром CJ
nextrooms_dialogues,CJ_PetStoreNotification,105929563261886464,(Заменить) на Generic_RoomieConversation_Restored с параметром CJ
nextrooms_dialogues,Canvas_Code_InitialDialogue,75260836296253440,РЕШИТЬ
nextrooms_dialogues,Canvas_InitialDialogue,72881481318391808,Canvas_InitialDialogue
nextrooms_dialogues,Canvas_MagicBall_InitialDialogue,75260836296253441,"Картина с предметом, известным своими гадательными способностями. Под ней, похоже, нацарапаны <imp>странные вычисления</imp>."
nextrooms_dialogues,Canvas_TVStack_InitialDialogue,75260836283670528,Картина со стопкой экранов. На них отображаются девять уникальных символов.
nextrooms_dialogues,CardAnnouncement_InitialDialogue,58985563401740288,"Похоже, это какая-то инструкция на стене"
nextrooms_dialogues,CardAnnouncement_ReadInstructions,58985641373851648,Прочитать инструкцию
nextrooms_dialogues,CardSign_InitialDialogue,70615568858734592,В магазине выставлен новый фокус. Он для гадания на картах. Забрать набор фокусника?
nextrooms_dialogues,CardSign_Leave_Option,70615568858734594,(Заменить) на Generic_Leave
nextrooms_dialogues,CardSign_LightsOff,102993488121946112,"В витрине магазина новый фокус. Жаль, света не хватает, чтобы разглядеть, в чём он заключается."
nextrooms_dialogues,CardSign_PickedCardDialogue,59012320334962688,Ты уже забрал этот фокус. Больше тут делать нечего.
nextrooms_dialogues,CardSign_Pickup_Option,70615568858734593,(Заменить) на Generic_PickUp_Option
nextrooms_dialogues,ChoseCostumeMode,126050520462778368,Одеть манекен
nextrooms_dialogues,Chronolog_InitialDialogue,184546657758601216,"Вырванная страница из старого дневника. Почерк выдаёт искренние, сокровенные воспоминания."
nextrooms_dialogues,CleanFishTankChameleon_InitialDialogue,74630043966365697,(Заменить) на FishTank_PetInside с параметром FishTank_Chameleon
nextrooms_dialogues,CleanFishTankDragon_InitialDialogue,74630043916034048,(Заменить) на FishTank_PetInside с параметром FishTank_BarbedDragon
nextrooms_dialogues,CleanFishTank_LightsOff,74630043966365696,(Заменить) на FishTank_LightsOff
nextrooms_dialogues,ConversationA_CJ_0,113036599996964928,<color=#ED636A>CJ:</color> ПРИВЕТ МАКС !!!!!
nextrooms_dialogues,ConversationA_CJ_1,113036599996964929,"<color=#B9BFFB>THE_MAX:</color> привет сиджей C: как оно, дружище? есть новые интересные факты про животных?"
nextrooms_dialogues,ConversationA_CJ_10,113036599996964938,<color=#ED636A>CJ:</color> <imp>ВТОРОЕ</imp> МЕСТО <imp>ЗМЕИ</imp>
nextrooms_dialogues,ConversationA_CJ_11,113036599996964939,<color=#ED636A>CJ:</color> <imp>ТРЕТЬЕ</imp> МЕСТО <imp>БОРОДАТЫЕ АГАМЫ</imp>
nextrooms_dialogues,ConversationA_CJ_12,113036599996964940,<color=#ED636A>CJ:</color> <imp>ЧЕТВЁРТОЕ</imp> МЕСТО <imp>ЧЕРЕПАХИ</imp>
nextrooms_dialogues,ConversationA_CJ_13,113036599996964941,"<color=#B9BFFB>THE_MAX:</color> вау, у тебя всё чётко продумано! C:"
nextrooms_dialogues,ConversationA_CJ_14,113036599996964942,<color=#ED636A>CJ:</color> ДА МАКС ПОРЯДОК ОЧЕНЬ ВАЖЕН !!!!
nextrooms_dialogues,ConversationA_CJ_2,113036599996964930,<color=#ED636A>CJ:</color> Я ХОЧУ РАССКАЗАТЬ ТЕБЕ КОЕ-ЧТО ИЗ ШКОЛЫ !!!!!
nextrooms_dialogues,ConversationA_CJ_3,113036599996964931,<color=#B9BFFB>THE_MAX:</color> оооо как интересно! я вся во внимании
nextrooms_dialogues,ConversationA_CJ_4,113036599996964932,"<color=#ED636A>CJ:</color> У РЫБ-КЛОУНОВ У ВСЕХ УНИКАЛЬНЫЕ <imp>ПОЛОСКИ</imp>, ЧТОБЫ УЗНАВАТЬ ДРУГ ДРУГА! Я МОГ БЫ ПЯЛИТЬСЯ НА НИХ ЧАСАМИ!!"
nextrooms_dialogues,ConversationA_CJ_5,113036599996964933,"<color=#B9BFFB>THE_MAX:</color> вау прям как удостоверение личности!! спорим, я знаю, какая у тебя <imp>заставка</imp> на компьютере ;)"
nextrooms_dialogues,ConversationA_CJ_6,113036599996964934,"<color=#ED636A>CJ:</color> ХАХА ДА!!!! МОЯ МАМА НЕ ЛЮБИТ ДОМАШНИХ ЖИВОТНЫХ, НО ПАПА КУПИЛ МНЕ АКВАРИУМ ДЛЯ ЧЕРЕПАХИ !!!!"
nextrooms_dialogues,ConversationA_CJ_7,113036599996964935,"<color=#B9BFFB>THE_MAX:</color> это здорово!! аввв, у тебя наверное классный папа <3 черепахи — твои любимые животные?"
nextrooms_dialogues,ConversationA_CJ_8,113036599996964936,"<color=#ED636A>CJ:</color> НЕТ !!! РЕПТИЛИИ — МОИ ЛЮБИМЦЫ, НО У НИХ ЕСТЬ ПОРЯДОК!!! ЛУЧШИЕ РЕПТИЛИИ!"
nextrooms_dialogues,ConversationA_CJ_9,113036599996964937,<color=#ED636A>CJ:</color> <imp>ПЕРВОЕ</imp> МЕСТО <imp>ХАМЕЛЕОНЫ</imp>
nextrooms_dialogues,ConversationA_Hazel_0,113036599992770565,"<color=#ED636A>Hazel:</color> йоуу макс, как оно? ты брала в прокат ту игру, о которой я говорила? успела пройти, пока не сдала?"
nextrooms_dialogues,ConversationA_Hazel_1,113036599992770566,"<color=#B9BFFB>THE_MAX:</color> ЧУВАК это невозможно !!!! я знаю что 5 этап последний, но 3 жизни без продолжений ?? да ладно тебе"
nextrooms_dialogues,ConversationA_Hazel_2,113036599992770567,"<color=#ED636A>Hazel:</color> хахаха да, понимаю понимаю, я думала ты воспользуешься <imp>кодом коджами</imp>, чтобы получить 100 жизней"
nextrooms_dialogues,ConversationA_Hazel_3,113036599992770568,<color=#B9BFFB>THE_MAX:</color> ….ЧТО !? код коджами???
nextrooms_dialogues,ConversationA_Hazel_4,113036599992770569,"<color=#ED636A>Hazel:</color> ты не знаешь его?? да любой Г3йм3р знает про код коджами! он есть во многих играх, и он довольно простой! обычно нужно просто нажать несколько сторон света по порядку"
nextrooms_dialogues,ConversationA_Hazel_5,113036599992770570,<color=#B9BFFB>THE_MAX:</color> и ты не сказала мне об этом раньше пОтомушто …?
nextrooms_dialogues,ConversationA_Hazel_6,113036599992770571,"<color=#ED636A>Hazel:</color> хахаха сорян, сорян! это просто, но обязательно запиши! вот код: <imp>Север-Запад-Юг-Восток-Юг-Запад.</imp>"
nextrooms_dialogues,ConversationA_Hazel_7,113036599992770572,"<color=#B9BFFB>THE_MAX:</color> лааааадненько!! спасибооо тебе, 5 этап БУКВАЛЬНО требует 100 жизней, лол, это вообще должны были в мануале написать "
nextrooms_dialogues,ConversationA_Hazel_8,113036599992770573,"<color=#ED636A>Hazel:</color> дааа это типа такая Г3йм3р-примочка, не знаю… этот код работает в куче игр, готова спорить он даже где-то в nextrooms сработает!"
nextrooms_dialogues,ConversationA_Hazel_9,113036599992770574,"<color=#B9BFFB>THE_MAX:</color> хм.. а знаешь что? кажется, у меня есть идея, где он мог бы сработать o_O"
nextrooms_dialogues,ConversationA_K4M4R3N4_0,113036599996964910,"<color=#ED636A>K4M4R3N4:</color> йо, ты успела взять напрокат «Dream in Gouache»?"
nextrooms_dialogues,ConversationA_K4M4R3N4_1,113036599996964911,"<color=#B9BFFB>THE_MAX:</color> ага чувак, музыка там огонь!!! хотя мне кажется, я не особо поняла фильм.."
nextrooms_dialogues,ConversationA_K4M4R3N4_2,113036599996964912,<color=#ED636A>K4M4R3N4:</color> эээ вообще-то там всё просто
nextrooms_dialogues,ConversationA_K4M4R3N4_3,113036599996964913,"<color=#B9BFFB>THE_MAX:</color> ой да точно, кажется, я просто не особо следила ЛОЛ, может, пересмотрю"
nextrooms_dialogues,ConversationA_K4M4R3N4_4,113036599996964914,"<color=#ED636A>K4M4R3N4:</color> ага, не думаю, что ты вообще готова к этому хаха, но всё равно глянь мою киновикторину. может, чему-нибудь научишься"
nextrooms_dialogues,ConversationA_K4M4R3N4_5,113036599996964915,"<color=#B9BFFB>THE_MAX:</color> ооо да!! ты запостила её на своём холодильнике, да?"
nextrooms_dialogues,ConversationA_K4M4R3N4_6,113036599996964916,"<color=#ED636A>K4M4R3N4:</color> ага, я постю довольно регулярно на <u><link=""fridgemagnets.com/posts/k4m4r3n4/10-17-96"">fridgemagnets.com/posts/k4m4r3n4/10-17-96</link></u>"
nextrooms_dialogues,ConversationA_K4M4R3N4_7,113036599996964917,"<color=#B9BFFB>THE_MAX:</color> ага!! попробую и расскажу тебе, как оно!"
nextrooms_dialogues,ConversationA_K4M4R3N4_8,113036599996964918,"<color=#B9BFFB>THE_MAX:</color> спасибо чувак, я всегда рада поговорить о фильмах побольше!"
nextrooms_dialogues,ConversationA_femur_0,113036599996964864,<color=#ED636A>femur:</color> привет m4x1mus! спасибо что добавила меня в nextrooms
nextrooms_dialogues,ConversationA_femur_1,113036599996964865,"<color=#B9BFFB>THE_MAX:</color> хахаха привееет ну я же не просто так попросила твой код, да?"
nextrooms_dialogues,ConversationA_femur_10,113036599996964874,"<color=#ED636A>femur:</color> это правда милое имя! что ж, максин, твоё искусство точно не «обычное»! АСИК же в штате Вашингтон, да?"
nextrooms_dialogues,ConversationA_femur_10.5,189247455918809088,<color=#ED636A>femur:</color> ты будешь жить рядом или у тебя будет весь этот опыт колледжа 'далеко от дома'?
nextrooms_dialogues,ConversationA_femur_11,113036599996964875,"<color=#B9BFFB>THE_MAX:</color> воу не так быстро, дружок! я не рассказываю незнакомцам в интернете где живу муахахаха я даже имени твоего не знаю!"
nextrooms_dialogues,ConversationA_femur_12,113036599996964876,"<color=#ED636A>femur:</color> хахахаха можешь звать меня джо, в отличие от тебя я вроде как вполне обычный, хах"
nextrooms_dialogues,ConversationA_femur_13,113036599996964877,"<color=#B9BFFB>THE_MAX:</color> ХАХАХАХА ладно, храни свои секреты мистер джо! спишемся позже, мне ещё домашку делать c:<"
nextrooms_dialogues,ConversationA_femur_14,113036599996964878,<color=#ED636A>femur:</color> спишемся максин ;)
nextrooms_dialogues,ConversationA_femur_2,113036599996964866,<color=#ED636A>femur:</color> ага наверное ;) таааак и как долго ты занимаешься искусством? предположу что всю жизнь
nextrooms_dialogues,ConversationA_femur_3,113036599996964867,<color=#B9BFFB>THE_MAX:</color> аввв хахаха ну… последние пару лет я хотя бы стараюсь заниматься этим постоянно!
nextrooms_dialogues,ConversationA_femur_4,113036599996964868,<color=#ED636A>femur:</color> да ладно! ты уже рисуешь как профи
nextrooms_dialogues,ConversationA_femur_5,113036599996964869,"<color=#B9BFFB>THE_MAX:</color> нееет ты слишком добр ЛОЛ мне ещё далеко до этого .. уверена в колледже я встречу вундеркиндов, которые меня УНИЧТОЖАТ, если не подтянусь"
nextrooms_dialogues,ConversationA_femur_6,113036599996964870,<color=#ED636A>femur:</color> в какой колледж ты собираешься поступать?
nextrooms_dialogues,ConversationA_femur_7,113036599996964871,<color=#B9BFFB>THE_MAX:</color> в АСИК конечно !! они не берут кого попало
nextrooms_dialogues,ConversationA_femur_8,113036599996964872,"<color=#ED636A>femur:</color> ну я уверен они поймут что m4x1mus далеко не «кто попало»! (и не «Джо», лол) ;) "
nextrooms_dialogues,ConversationA_femur_9,113036599996964873,"<color=#B9BFFB>THE_MAX:</color> хахахаха точно не Джо, можешь звать меня максин если хочешь! как-то странно когда тебя называют THE_MAX или M4x1mus как именем, лол"
nextrooms_dialogues,ConversationB_CJ_0,113036599996964943,<color=#ED636A>CJ:</color> ПРИВЕТ!!!!
nextrooms_dialogues,ConversationB_CJ_1,113036599996964944,"<color=#B9BFFB>THE_MAX:</color> хееей малыш Си !! не знала, что у тебя есть аккаунт в nextrooms! "
nextrooms_dialogues,ConversationB_CJ_10,113036599996964953,<color=#ED636A>CJ:</color> МОЯ МАМА ГОВОРИТ ТЫ ОЧЕНЬ ХОРОШАЯ ХУДОЖНИЦА Я ТОЖЕ ТАК ДУМАЮ
nextrooms_dialogues,ConversationB_CJ_11,113036599996964954,"<color=#B9BFFB>THE_MAX:</color> ну, я вас обоих очень люблю, окей? передай маме, что я так сказала!"
nextrooms_dialogues,ConversationB_CJ_12,113036599996964955,"<color=#ED636A>CJ:</color> Мы тебя тоже любим, Максин. Пока-пока."
nextrooms_dialogues,ConversationB_CJ_2,113036599996964945,<color=#ED636A>CJ:</color> НЕ НАЗЫВАЙ МЕНЯ МАЛЫШ СИ !!! ЗОВИ МЕНЯ СИДЖЕЙ !!!
nextrooms_dialogues,ConversationB_CJ_3,113036599996964946,<color=#B9BFFB>THE_MAX:</color> оооой прости сиджей !! как прошёл день в школе?
nextrooms_dialogues,ConversationB_CJ_4,113036599996964947,<color=#ED636A>CJ:</color> Я УЗНАЛ МНОГО ПРО ЖИВОТНЫХ МАКС МОЯ МАМА СКАЗАЛА МНЕ НАПИСАТЬ ТЕБЕ
nextrooms_dialogues,ConversationB_CJ_5,113036599996964948,"<color=#B9BFFB>THE_MAX:</color> о правда? что случилось, всё в порядке?"
nextrooms_dialogues,ConversationB_CJ_6,113036599996964949,<color=#ED636A>CJ:</color> ТЫ ЗАБЫЛА СВОЙ СКЕТЧБУК В САЛОНЕ СЕГОДНЯ ОНА ГОВОРИТ ЭТО ТВОЁ
nextrooms_dialogues,ConversationB_CJ_7,113036599996964950,<color=#B9BFFB>THE_MAX:</color> хахаха точно! спасибо сиджей! заберу его завтра после школы
nextrooms_dialogues,ConversationB_CJ_8,113036599996964951,"<color=#ED636A>CJ:</color> Привет, Максин, это Элис. Не переживай, я передам твой скетчбук через твою маму."
nextrooms_dialogues,ConversationB_CJ_8.5,189247455935586304,"<color=#ED636A>CJ:</color> У неё завтра днём приём, так что это ненадолго. Передавай привет Лейле и Эмметту. Надеюсь скоро увидеться, милая. "
nextrooms_dialogues,ConversationB_CJ_9,113036599996964952,"<color=#B9BFFB>THE_MAX:</color> омг спасибо! окей, тогда я тоже скажу маме об этом!"
nextrooms_dialogues,ConversationB_Hazel_0,113036599992770575,<color=#B9BFFB>THE_MAX:</color> хэйй гарри!! теперь мы официальные соседи ЛОЛ
nextrooms_dialogues,ConversationB_Hazel_1,113036599992770576,"<color=#ED636A>Hazel:</color> йоуу макс! ага, официальные соседи :D кстати не называй меня настоящим именем в интернете, тут всякие h4ck3ры и прочее, сама знаешь?"
nextrooms_dialogues,ConversationB_Hazel_10,131494841282453504,"<color=#B9BFFB>THE_MAX:</color> пора остановить мистера колтона, а то он всё захапал все рекорды >:| хотя бы знаем, что в wormhole он играет паршиво, <imp>у него всегда один и тот же счёт лмао</imp>"
nextrooms_dialogues,ConversationB_Hazel_11,131494841290842112,"<color=#ED636A>Hazel:</color> хахаха ага!! кажется, он вообще нарочно .. он тратит больше времени на игру, чем на уборку, ничего себе завхоз, да? "
nextrooms_dialogues,ConversationB_Hazel_12,170729632775004160,<color=#B9BFFB>THE_MAX:</color> как он вообще столько играет?? он копит жетоны или у него привилегии персонала? 
nextrooms_dialogues,ConversationB_Hazel_13,170729632791781376,"<color=#ED636A>Hazel:</color> я слышала, у него есть <imp>карта с неограниченными кредитами</imp> :O но, наверное, он держит её где-то под замком!!"
nextrooms_dialogues,ConversationB_Hazel_2,113036599992770577,<color=#B9BFFB>THE_MAX:</color> ой блин ладно эээээ привет незнакомооец !! мы точно не друзья из реальной жизни 
nextrooms_dialogues,ConversationB_Hazel_3,113036599992770578,"<color=#ED636A>Hazel:</color> хахаха фух, пронесло! спасибо макс :) кстати ты добралась домой нормально? было довольно поздно"
nextrooms_dialogues,ConversationB_Hazel_4,113036599992770579,"<color=#B9BFFB>THE_MAX:</color> да чувак не парься !! я регулярно хожу одна ночью, так что не проблема o_O у нас тут довольно безопасно"
nextrooms_dialogues,ConversationB_Hazel_5,113036599992770580,"<color=#ED636A>Hazel:</color> наверное… разве твой отец раньше не отвозил тебя в школу? попроси его забирать тебя, когда мы поздно тусим"
nextrooms_dialogues,ConversationB_Hazel_6,113036599992770581,<color=#B9BFFB>THE_MAX:</color> эээ это сложно ЛОЛ у него есть «дела поважнее» ЕГО СЛОВА А НЕ МОИ! ору
nextrooms_dialogues,ConversationB_Hazel_7,113036599992770582,"<color=#ED636A>Hazel:</color> :( лаадно… можешь тоже дать знать, если понадобится подвезти, моя мама рано освобождается с работы, так что мы можем тебя подбросить"
nextrooms_dialogues,ConversationB_Hazel_8,113036599992770583,"<color=#B9BFFB>THE_MAX:</color> аввв спасибо чувак, правда всё нормально :) !!!"
nextrooms_dialogues,ConversationB_Hazel_9,113036599992770584,<color=#ED636A>Hazel:</color> окок просто спросила :) не забудь! нам нужно вернуться в игровые автоматы и ВЕРНУТЬ СЕБЕ особняк покойного рекорда !!!
nextrooms_dialogues,ConversationB_K4M4R3N4_0,113036599996964919,"<color=#B9BFFB>THE_MAX:</color> ЧУВАК, фильмы linkearlier это что-то с чем-то"
nextrooms_dialogues,ConversationB_K4M4R3N4_1,113036599996964920,<color=#ED636A>K4M4R3N4:</color> эээ ты о чём??
nextrooms_dialogues,ConversationB_K4M4R3N4_2,113036599996964921,"<color=#B9BFFB>THE_MAX:</color> хз, кажется, они реально меня зацепили.. типа вся эта ситуация с семьёй"
nextrooms_dialogues,ConversationB_K4M4R3N4_3,113036599996964922,"<color=#B9BFFB>THE_MAX:</color> у меня в последнее время куча проблем с папой, такое чувство, что он вообще не понимает, чего я хочу от своей же жизни, понимаешь?"
nextrooms_dialogues,ConversationB_K4M4R3N4_4,113036599996964923,"<color=#ED636A>K4M4R3N4:</color> ээ…….. слушай, не хочу быть той самой, но ты реально зануда ЛОЛ"
nextrooms_dialogues,ConversationB_K4M4R3N4_5,113036599996964924,"<color=#B9BFFB>THE_MAX:</color> ОЙ ДА точно ЛМАО !! не не, я поняла, просто хотела показаться глубокой, ну знаешь ХАХА типа грустное кино-арт и всё такое"
nextrooms_dialogues,ConversationB_K4M4R3N4_6,113036599996964925,<color=#B9BFFB>THE_MAX:</color> у тебя есть ещё какие-нибудь рекомендации??
nextrooms_dialogues,ConversationB_K4M4R3N4_7,113036599996964926,<color=#B9BFFB>THE_MAX:</color> или когда время найдёшь! ЛОЛ я всё равно всегда онлайн ЛМАО
nextrooms_dialogues,ConversationB_femur_0,113036599996964879,"<color=#ED636A>femur:</color> привет максин, просто узнать как дела… сегодня у тебя же должен был быть **тот самый разговор** с батей, да?"
nextrooms_dialogues,ConversationB_femur_1,113036599996964880,"<color=#B9BFFB>THE_MAX:</color> да… это было хреново, джо"
nextrooms_dialogues,ConversationB_femur_10,113036599996964889,"<color=#ED636A>femur:</color> не понимаю почему это так плохо, максин, у тебя было бы намного больше времени на своё искусство"
nextrooms_dialogues,ConversationB_femur_10.5,191832918135398400,"<color=#ED636A>femur:</color> я бы мог найти подработку, чтобы помочь тебе с поступлением в АСИК"
nextrooms_dialogues,ConversationB_femur_11,113036599996964890,"<color=#B9BFFB>THE_MAX:</color> джо пожалуйста не дави на эту тему, немного странно что ты предлагаешь всё это, а мы ведь познакомились только онлайн"
nextrooms_dialogues,ConversationB_femur_12,113036599996964891,"<color=#ED636A>femur:</color> окей окей максин прости, но предложение в силе в любом случае, ладно? больше не буду об этом упоминать"
nextrooms_dialogues,ConversationB_femur_13,113036599996964892,<color=#B9BFFB>THE_MAX:</color> спасибо
nextrooms_dialogues,ConversationB_femur_2,113036599996964881,<color=#ED636A>femur:</color> что случилось? :( 
nextrooms_dialogues,ConversationB_femur_3,113036599996964882,"<color=#B9BFFB>THE_MAX:</color> как бы я ни подходила к этой теме, папа всегда сводит разговор к тому что я «трачу свой потенциал впустую» и что его дочь ни за что не опозорит его вот так"
nextrooms_dialogues,ConversationB_femur_4,113036599996964883,<color=#ED636A>femur:</color> это слишком уж жёстко максин :( а что вообще на это говорит твоя мама? 
nextrooms_dialogues,ConversationB_femur_5,113036599996964884,"<color=#B9BFFB>THE_MAX:</color> чувак, её в последнее время почти никогда нет дома.. она постоянно тусит с одним очень милым парнем, но не знаю, но что-то тут мутное, понимаешь? ХАХАХА мутное (он рыбак, вечно в мутной воде)"
nextrooms_dialogues,ConversationB_femur_6,113036599996964885,<color=#ED636A>femur:</color> ЛОЛ но… думаешь твоя мама собирается уйти от отца?
nextrooms_dialogues,ConversationB_femur_7,113036599996964886,"<color=#B9BFFB>THE_MAX:</color> не знаю джо, но в последнее время вообще всё ТАК странно.. папа постоянно на меня пялится когда я сижу за компом, он часами не выходит из своей мастерской и я не знаю… мне просто очень одиноко большую часть времени."
nextrooms_dialogues,ConversationB_femur_8,113036599996964887,"<color=#ED636A>femur:</color> знаешь максин… всё это исчезло бы, если бы ты купила тот билет… ;)"
nextrooms_dialogues,ConversationB_femur_9,113036599996964888,"<color=#B9BFFB>THE_MAX:</color> хахахаха джо мы это уже обсуждали, НИ ЗА ЧТО я не брошу школу чтобы искать убежище у тебя, ты даже с родителями не живёшь чувак, ору"
nextrooms_dialogues,ConversationC_CJ_0,113036599996964956,"<color=#B9BFFB>THE_MAX:</color> хееей сиджей как насчёт одного из тех фактов про животных?? тебе нравятся мамонты? по-моему, они довольно крутые"
nextrooms_dialogues,ConversationC_CJ_1,113036599996964957,<color=#ED636A>CJ:</color> МАМОНТЫ КРУТЫЕ !!!! ИХ БИВНИ БЫЛИ 15 ФУТОВ В ДЛИНУ ОЧЕНЬ ДЛИННЫЕ !!!!
nextrooms_dialogues,ConversationC_CJ_10,113036599996964966,"<color=#B9BFFB>THE_MAX:</color> уверена, мистер Шерстяной очень счастлив с тобой :) нам бы всем быть как мистер Шерстяной "
nextrooms_dialogues,ConversationC_CJ_11,113036599996964967,<color=#ED636A>CJ:</color> ДА ДА ДА!!!
nextrooms_dialogues,ConversationC_CJ_2,113036599996964958,"<color=#B9BFFB>THE_MAX:</color> вооой я и не знала!! немного жутковато, да?"
nextrooms_dialogues,ConversationC_CJ_3,113036599996964959,<color=#ED636A>CJ:</color> БОЛЬШЕ КРУТО ЧЕМ ЖУТКО!!!
nextrooms_dialogues,ConversationC_CJ_4,113036599996964960,"<color=#B9BFFB>THE_MAX:</color> хахаха тут ты прав! 
..как думаешь, мамонты жили счастливой жизнью??"
nextrooms_dialogues,ConversationC_CJ_5,113036599996964961,<color=#ED636A>CJ:</color> ОЧЕНЬ СЧАСТЛИВОЙ ЖИЗНЬЮ !!!! У БОЛЬШИНСТВА МАМОНТОВ НЕ БЫЛО ПАПЫ ТЫ ЗНАЛА ОБ ЭТОМ?
nextrooms_dialogues,ConversationC_CJ_6,113036599996964962,"<color=#B9BFFB>THE_MAX:</color> нет, я не знала, сиджей, а почему так?"
nextrooms_dialogues,ConversationC_CJ_7,113036599996964963,<color=#ED636A>CJ:</color> МОЙ УЧИТЕЛЬ ГОВОРИТ ЭТО ИЗ-ЗА ПРИРОДЫ Я НЕ ЗНАЮ ПОЧЕМУ НО БОЛЬШИНСТВО ПАП-МАМОНТОВ ПРОСТО ПОКИДАЛИ ГРУППУ
nextrooms_dialogues,ConversationC_CJ_8,113036599996964964,"<color=#B9BFFB>THE_MAX:</color> звучит очень грустно, сиджей, а почему тогда ты думаешь, что они жили счастливо?"
nextrooms_dialogues,ConversationC_CJ_9,113036599996964965,<color=#ED636A>CJ:</color> У МЕНЯ ДОМА ЕСТЬ МАМОНТ ЕГО ЗОВУТ МИСТЕР ШЕРСТЯНОЙ ОН ОЧЕНЬ СЧАСТЛИВЫЙ!
nextrooms_dialogues,ConversationC_Hazel_0,113036599992770585,<color=#ED636A>Hazel:</color> хэйоо как оно макс?
nextrooms_dialogues,ConversationC_Hazel_1,113036599992770586,"<color=#B9BFFB>THE_MAX:</color> привет-привет, эээ если честно не очень.. а у тебя?"
nextrooms_dialogues,ConversationC_Hazel_10,113036599992770595,"<color=#B9BFFB>THE_MAX:</color> ГОСПОДИ, я только что сказала тебе что всё в порядке, хватит давить на эту тему."
nextrooms_dialogues,ConversationC_Hazel_11,113036599992770596,"<color=#ED636A>Hazel:</color> нетнет, само собой! прости, не хотела давить. просто хочу помочь тебе и сказать что я всегда рядом, вот и всё!!"
nextrooms_dialogues,ConversationC_Hazel_12,113036599992770597,"<color=#ED636A>Hazel:</color> кстати, у тебя есть планы на следующую неделю? скоро весенние каникулы!"
nextrooms_dialogues,ConversationC_Hazel_2,113036599992770587,"<color=#ED636A>Hazel:</color> почему, что случилось?:( тебе что-то нужно? я могу чем-то помочь?"
nextrooms_dialogues,ConversationC_Hazel_3,113036599992770588,"<color=#B9BFFB>THE_MAX:</color> да не особо, но спасибо ЛОЛ у тебя как дела?"
nextrooms_dialogues,ConversationC_Hazel_4,113036599992770589,"<color=#ED636A>Hazel:</color> нет, серьёзно, ты же знаешь я всегда рядом 
если что-то или кто-то тебя беспокоит, пожалуйста, расскажи мне"
nextrooms_dialogues,ConversationC_Hazel_5,113036599992770590,"<color=#B9BFFB>THE_MAX:</color> чувак всё нормально, я в порядке"
nextrooms_dialogues,ConversationC_Hazel_6,113036599992770591,"<color=#ED636A>Hazel:</color> окей окей не парься :D .. короче! хотела сказать, что я начала постить на gamebagels! подумала тебе понравится, раз ты иногда спрашиваешь у меня советы по играм"
nextrooms_dialogues,ConversationC_Hazel_7,113036599992770592,<color=#B9BFFB>THE_MAX:</color> о круто!
nextrooms_dialogues,ConversationC_Hazel_8,113036599992770593,"<color=#B9BFFB>THE_MAX:</color> круто, обязательно гляну"
nextrooms_dialogues,ConversationC_Hazel_9,113036599992770594,"<color=#ED636A>Hazel:</color> и знаешь макс, если дело в твоей семье или в чём угодно ещё, пожалуйста дай мне знать :') ты же знаешь, я всегда буду рядом для тебя"
nextrooms_dialogues,ConversationC_femur_0,113036599996964893,<color=#B9BFFB>THE_MAX:</color> джо ты тут? у меня щас реально паника, пожалуйста ответь
nextrooms_dialogues,ConversationC_femur_1,113036599996964894,<color=#ED636A>femur:</color> я тут максин что случилось???
nextrooms_dialogues,ConversationC_femur_10,113036599996964903,<color=#B9BFFB>THE_MAX:</color> чё ты вообще несёшь
nextrooms_dialogues,ConversationC_femur_11,113036599996964904,"<color=#ED636A>femur:</color> наверное, дело в твоём возрасте или типа того, но эта вечная игра в жертву реально утомляет, когда-нибудь ты поймёшь, но это реально по-детски"
nextrooms_dialogues,ConversationC_femur_12,113036599996964905,"<color=#B9BFFB>THE_MAX:</color> ПО-ДЕТСКИ? чувак, именно ТЫ мне это говоришь?"
nextrooms_dialogues,ConversationC_femur_13,113036599996964906,"<color=#ED636A>femur:</color> может, просто заткнёшься уже. пора услышать то, что не хочешь — типа того, что твои рисунки так себе, а я просто была доброй, чтобы ты не возненавидела себя ещё больше"
nextrooms_dialogues,ConversationC_femur_14,113036599996964907,<color=#B9BFFB>THE_MAX:</color> да пошёл ты 
nextrooms_dialogues,ConversationC_femur_15,113036599996964908,"<color=#ED636A>femur:</color> ага, тебе бы этого хотелось, да? это ничего не изменит, продолжай и дальше затыкать уши, уверен, всё само наладится"
nextrooms_dialogues,ConversationC_femur_2,113036599996964895,"<color=#B9BFFB>THE_MAX:</color> кажется я ударила папу, я не знаю всё случилось так быстро я плохо соображала а он просто продолжал смотреть мне страшно"
nextrooms_dialogues,ConversationC_femur_3,113036599996964896,<color=#ED636A>femur:</color> ОН ТЕБЯ УДАРИЛ?
nextrooms_dialogues,ConversationC_femur_4,113036599996964897,"<color=#B9BFFB>THE_MAX:</color> НЕТ ДЖО, не ударил, я просто толкнула его... я больше не могу это терпеть, не могу перестать плакать и я давно не разговаривала ни с мамой ни с хэлом, не знаю что делать"
nextrooms_dialogues,ConversationC_femur_5,113036599996964898,"<color=#ED636A>femur:</color> максин тебе нужно валить из этого дома, я покупаю тебе тот билет на самолёт"
nextrooms_dialogues,ConversationC_femur_6,113036599996964899,"<color=#B9BFFB>THE_MAX:</color> нет джо, дело не в этом, пожалуйста я просто хочу выговориться"
nextrooms_dialogues,ConversationC_femur_7,113036599996964900,"<color=#ED636A>femur:</color> дай мне своё полное имя, чтобы я мог купить билет"
nextrooms_dialogues,ConversationC_femur_8,113036599996964901,"<color=#B9BFFB>THE_MAX:</color> джо НЕТ, ты сказал что больше не будешь это поднимать, ты не будешь «спасать меня из моего дома» или что там ещё, пожалуйста я не бросаю своих родителей"
nextrooms_dialogues,ConversationC_femur_9,113036599996964902,"<color=#ED636A>femur:</color> максин я тебя не понимаю, тебе явно плохо, а ты не принимаешь никакой помощи.. тебе что, нравится терпеть насилие или типа того?"
nextrooms_dialogues,Conversation_NextRooms_BlockMessage,113036599992770563,"<color=#EED600>[NextRooms]:</color> Вы заблокировали <imp>femur</imp> в NextRooms.Чтобы пожаловаться на этого пользователя, заполни форму на nextrooms.com/support/report-user."
nextrooms_dialogues,Conversation_NextRooms_EndChat,113036599992770562,"<color=#EED600>[NextRooms]:</color> Конец журнала чата. Ты можешь перечитать этот разговор в текстовом формате в папке <imp>Chatlogs</imp> <sprite name=""nextrooms_chatlogs"">."
nextrooms_dialogues,Conversation_NextRooms_FirstTime,113036599992770561,"<color=#EED600>[NextRooms]:</color> Это начало твоего разговора с {0}. Не забывай быть самым лучшим соседом, каким только можешь! "
nextrooms_dialogues,Court_Initial_BloodyCamera,110308848164659237,"Заброшенный торговый центр. Рядом с лужей крови лежит <imp>сломанная камера</imp>. Похоже, ей есть что рассказать. "
nextrooms_dialogues,Court_Interacting_ArtStoreLockedDoor,110308848164659238,Магазин художественных принадлежностей. Дверь <imp>заперта изнутри.</imp>
nextrooms_dialogues,DJSwabDefaultDialogue,87337114474110978,Я в диком восторге от своей дефолтной реплики
nextrooms_dialogues,DarkRoom_ClosedDoor,115864642645909509,Дверь заперта. На табличке написано: ТЁМНАЯ КОМНАТА
nextrooms_dialogues,DarkRoom_Portrait1,115864642645909510,ВРЕМЕННО: Портрет подозреваемого в убийстве.
nextrooms_dialogues,DarkRoom_Portrait2,115864642645909511,ВРЕМЕННО: Портрет подозреваемого в убийстве.
nextrooms_dialogues,DarkRoom_Portrait3,115864642645909512,ВРЕМЕННО: Портрет подозреваемого в убийстве.
nextrooms_dialogues,DeadBody_InitialDialogue,102993488126140416,Безжизненное тело. К этому моменту ты уже знаешь: у крови есть что рассказать.
nextrooms_dialogues,DeadBody_Inspect,102993488126140417,(Заменить) на Generic_Inspect
nextrooms_dialogues,Desk_InitialDialogue,115864642645909508,"Стол, заваленный документами. Присмотревшись, понимаешь — этому месту есть что рассказать."
nextrooms_dialogues,DirtyFishTank_InitialDialogue,69863759076646912,"Аквариум для мелких питомцев. Стекло настолько грязное, что не разглядеть, что внутри."
nextrooms_dialogues,DirtyFishTank_Inspect_Option,69863826219065344,(Заменить) на Generic_Inspect
nextrooms_dialogues,DirtyFishTank_LightsOff,102993488126140422,(Заменить) на FishTank_LightsOff
nextrooms_dialogues,DirtyFishTank_Snake,74630043966365698,(Заменить) на FishTank_PetInside с параметром FishTank_Snake
nextrooms_dialogues,DirtyFishTank_Tortoise,74630043966365699,(Заменить) на FishTank_PetInside с параметром FishTank_Tortoise
nextrooms_dialogues,Elevator_AvailableDialogue,78562129987231749,(Заменить) на Elevator_UseElevator
nextrooms_dialogues,Elevator_CantUseDialogue,78562129987231750,"Лифт не работает. Чтобы заработал, нужно восстановить питание на <imp>1 и 2 этажах</imp> торгового центра."
nextrooms_dialogues,Elevator_LightsOff,110308848164659240,Обесточенный лифт. Его двери не откроются без электричества.
nextrooms_dialogues,Elevator_UseElevator,98497550288412672,Лифт готов к использованию. 
nextrooms_dialogues,EmptyFishTank_AfterConversation,72881481318391811,Здесь пусто. Разве Питомец-сосед не говорил что-то про рыбу?
nextrooms_dialogues,EmptyFishTank_InitialDialogue,72881481318391812,"Разбитый аквариум. Присмотревшись, понимаешь: у этого места есть своя история."
nextrooms_dialogues,EmptyFishTank_LightsOff,102993488126140421,"Разбитый аквариум. Слишком темно и не видно что внутри."
nextrooms_dialogues,FaceDoor_GuiltyDialogue,115864642641715209,"Но ведь на самом деле ты чувствуешь не так, правда? Взгляни на стол ещё раз и будь честна с собой."
nextrooms_dialogues,FaceDoor_InitialDialogue,115864642641715208,Лицо без черт лица — холст для <imp>эмоций</imp>.
nextrooms_dialogues,FaceDoor_InitialDialogue_1,98497550288412674,(Заменить) на FaceDoor_InitialDialogue
nextrooms_dialogues,FaceDoor_InitialDialogue_2,98497550288412675,(Заменить) на FaceDoor_InitialDialogue
nextrooms_dialogues,FaceDoor_InitialDialogue_3,98497550288412676,(Заменить) на FaceDoor_InitialDialogue
nextrooms_dialogues,FaceDoor_Inspect_Option,102099222885556224,(Заменить) на generic inspect
nextrooms_dialogues,FaceDoor_OpenInventory_Option,138385214554497024,Открыть инвентарь
nextrooms_dialogues,FaceDoor_WithoutStickerPack,126039307506933760,"Лицо без черт лица. У тебя нет нужных инструментов, чтобы добавить ему эмоции."
nextrooms_dialogues,FemurDefaultDialogue,87337114474110977,(Заменить) на Generic_NoConversationsAvailable femur
nextrooms_dialogues,FemurSpeaker_AlreadyPlayingMusic,189247455939780612,Сейчас играет музыка <imp>Femur</imp>. 
nextrooms_dialogues,FemurSpeaker_InitialDialogue,189247455939780611,Колонка с любимым треком <imp>Femur</imp>. Включить музыку?
nextrooms_dialogues,FishTank_BarbedDragon,110308848164659253,<color=#FFEB04>Жёлтая</color> бородатая агама
nextrooms_dialogues,FishTank_Chameleon,110308848164659254,<color=#00FF00>Зелёный</color> хамелеон
nextrooms_dialogues,FishTank_LightsOff,110308848164659251,Аквариум для мелких питомцев. Без света внутрь не заглянуть.
nextrooms_dialogues,FishTank_PetInside,110308848164659252,Аквариум для мелких питомцев. Внутри {0}.
nextrooms_dialogues,FishTank_Snake,110308848164659255,<color=#FF0000>Красная</color> змея
nextrooms_dialogues,FishTank_Tortoise,110308848164659256,<color=#0000FF>Синяя</color> черепаха
nextrooms_dialogues,FountainCoinObtainableMessage,126107027225174016,"Под рябью фонтана лежит одна тусклая <imp>монета</imp>. Должно быть, она чего-то стоит."
nextrooms_dialogues,FountainCoinUnobtainableMessage,126107027220979712,"Под рябью фонтана лежит одна тусклая <imp>монета</imp>. Она слишком далеко, чтобы её достать."
nextrooms_dialogues,GenericInteractableMessage,61495455903744,"Нажми «E», чтобы действовать"
nextrooms_dialogues,Generic_Back_Option,125030785000398848,Назад
nextrooms_dialogues,Generic_CleanUp_Inventory,170571338609582080,"После решения головоломки предметы в твоём инвентаре <sprite name=""nextrooms_inventory"">, которые больше не нужны, были <imp>удалены</imp>."
nextrooms_dialogues,Generic_ContinuePage_Option,110308848164659203,Продолжить ({0}/{1})
nextrooms_dialogues,Generic_Continue_Option,110308848164659202,Продолжить
nextrooms_dialogues,Generic_Inspect_Option,110308848164659205,Осмотреть
nextrooms_dialogues,Generic_Interact_Option,70235228872892416,"(Заменить) проверить, есть ли вариант лучше, чем «взаимодействовать» > Взаимодействовать"
nextrooms_dialogues,Generic_Interacting_Option,101873981542359040,"<imp>{0}</imp> открыт.
Чтобы продолжить, закрой файл или нажми <imp>Leave</imp>"
nextrooms_dialogues,Generic_Interacting_Password,131263997116669952,"Открыто окно ввода пароля.
Чтобы продолжить, введи верный пароль или закрой окно."
nextrooms_dialogues,Generic_Interacting_PuzzleOption,110308848164659210,"<imp>{0}</imp> открыт.
Чтобы продолжить, закрой файл, реши головоломку или нажми <imp>Leave</imp>"
nextrooms_dialogues,Generic_Leave_Option,87986757902000128,Уйти
nextrooms_dialogues,Generic_LoadingHeader,110308848164659212,<imp>Nextor</imp> говорит...
nextrooms_dialogues,Generic_LoadingTip1,110308848164659213,Помни: НИКОГДА не делись личной информацией в NextRooms!
nextrooms_dialogues,Generic_LoadingTip2,110308848164659214,"Если объект интерактивен, при приближении к нему появится подсказка нажать E на клавиатуре!"
nextrooms_dialogues,Generic_LoadingTip3,110308848164659215,Если кто-то грубит и ведёт себя как плохой сосед — заблокируй его! Никто не должен портить тебе веселье в сети.
nextrooms_dialogues,Generic_LoadingTip4,110308848164659216,Не забудь рассказать друзьям и/или коллегам про NextRooms! Нет ничего лучше хорошего соседа :) 
nextrooms_dialogues,Generic_LoadingTip5,153346191528026112,"Приводи друзей в NextRooms, но не забывай встречаться с ними и вне игры!"
nextrooms_dialogues,Generic_LookCloser_Option,155536050422276096,Присмотреться
nextrooms_dialogues,Generic_NewItem_Inventory,110308848164659224,"<imp>{0}</imp> добавлен(о) в твой <imp>инвентарь</imp>. Ты можешь получить к нему доступ в любое время, открыв папку инвентаря нажатием на кнопку <sprite name=""nextrooms_inventory"">."
nextrooms_dialogues,Generic_NewNavigation_Section,153190742321258496,"Ты разблокировал <imp>{0}</imp>. Используй кнопку этажей <sprite name=""nextrooms_floors"">, чтобы свободно перемещаться по NextRooms."
nextrooms_dialogues,Generic_Next_Option,57229489116012544,Далее
nextrooms_dialogues,Generic_NoConversationsAvailable,110308848164659223,"Сейчас здесь нет новых восстановленных разговоров для просмотра. Если хочешь перечитать разговор ещё раз, найдёшь его расшифровку в папке <imp>chatlogs</imp> <sprite name=""nextrooms_chatlogs"">."
nextrooms_dialogues,Generic_Ok_Option,88299247944851456,ОК
nextrooms_dialogues,Generic_OpenInventory_Option,166063597086040064,Открыть инвентарь
nextrooms_dialogues,Generic_Operate_GoDown,110308848164659209,На 1 этаж
nextrooms_dialogues,Generic_Operate_GoUp,110308848164659208,На 2 этаж
nextrooms_dialogues,Generic_Operate_Option,110308848164659207,Работать ({0})
nextrooms_dialogues,Generic_PickUp_Option,110308848164659204,Поднять
nextrooms_dialogues,Generic_RoomieConversation_Header,110308848164659217,<color=#EED600>[NextRooms]:</color> Восстановление разговора с <imp>{0}</imp> - Дата: [{1}]
nextrooms_dialogues,Generic_RoomieConversation_Restored,110308848164659211,"Хорошие новости! <imp>Журнал переписки</imp> <sprite name=""nextrooms_chatlogs""> с <imp>{0}</imp> восстановлен. Постучи в их дверь или воспользуйся меню <sprite name=""nextrooms_roomies"">, чтобы навестить их и просмотреть этот разговор ещё раз."
nextrooms_dialogues,Generic_RoomieConversation_Saved,110308848164659222,"Этот разговор сохранён как <imp>{0}</imp> в <imp>Documents/NextRooms/Chatlogs</imp>.  
Журналы чатов <sprite name=""nextrooms_chatlogs""> могут немного грузиться! Следи за значком <sprite name=""nextrooms_notification"">, который появится в твоём меню <sprite name=""nextrooms_roomies""> <imp>Меню соседей</imp>, когда новый журнал чата <sprite name=""nextrooms_chatlogs""> закончит загружаться, и поговори с соседом, чтобы его прочитать. "
nextrooms_dialogues,Generic_Tutorial_1,110308848164659218,"Добро пожаловать в <imp>NextRooms</imp>, режим ОФЛАЙН. Ты сможешь заново просмотреть <imp>прошлые разговоры в виде роликов.</imp>"
nextrooms_dialogues,Generic_Tutorial_2,110308848164659219,"Ты можешь передвигаться клавишами <imp>WASD</imp> на клавиатуре. Чтобы взаимодействовать с объектами, нажимай клавишу <imp>E</imp>."
nextrooms_dialogues,Generic_Tutorial_3,110308848164659220,"Сейчас <imp>НЕТ соседей</imp>, для которых можно восстановить разговоры. Чтобы ускорить процесс восстановления, пожалуйста, <imp>введи заново RoomieCode</imp> каждого соседа, чьи разговоры хочешь просмотреть!"
nextrooms_dialogues,Generic_Tutorial_4,110308848164659221,"Чтобы ввести <imp>RoomieCode</imp>, нажми кнопку <imp>+ Пригласить соседа</imp> внутри <sprite name=""nextrooms_roomies""> <imp>Меню соседей.</imp>"
nextrooms_dialogues,Generic_Unlock_Confirm,117332209889697792,Подтвердить
nextrooms_dialogues,Generic_Unlock_Option,110308848164659206,Отпереть
nextrooms_dialogues,GlassBox_HasBeenOpened,125353178046652416,Витрина с волшебной шляпой разблокирована.
nextrooms_dialogues,GlassBox_InitialDialogue,85602595010240513,Витрина с чем-то важным. Это волшебная шляпа! Замок не даёт заглянуть внутрь.
nextrooms_dialogues,GlassBox_LightsOff,85602595010240512,"Витрина с чем-то важным. Нужно включить свет, чтобы увидеть, что внутри."
nextrooms_dialogues,GlassBox_OpenButPhotoStillInside,173923694113972225,"Витрина с волшебной шляпой. Заглянув внутрь, видишь какой-то приз."
nextrooms_dialogues,GlassBox_Unlock_Option,85602595010240514,(Заменить) на Generic_Unlock
nextrooms_dialogues,GlassBox_Unlocked,98497550288412673,"Витрина с волшебной шляпой. Она уже дала тебе то, что нужно."
nextrooms_dialogues,GuppyPainting_AlreadyOnFire,183389113736486912,"Рисунок от руки. Он — часть того, что ты наконец отпустил."
nextrooms_dialogues,GuppyPainting_InannaWithTrash,189247455939780609,Содержимое корзины для мусора сожжено.
nextrooms_dialogues,GuppyPainting_InannaWithoutTrash,188715156164829184,В <imp>пустой</imp> корзине для мусора <imp>ничего</imp> не было. Сжигать было нечего.
nextrooms_dialogues,GuppyPainting_InitialDialogue,171371337203310595,"Знакомого вида рисунок от руки. Он частично повреждён, а его содержание кажется личным. Ты должен узнать всё об этом."
nextrooms_dialogues,GuppyTrashCan_AfterFishingLure,189570825969459200,"Корзина для мусора, частично заполненная пеплом. Предложить больше нечего."
nextrooms_dialogues,GuppyTrashCan_EmptyTrashCan,171371337203310592,Пустая корзина для мусора.
nextrooms_dialogues,GuppyTrashCan_FullTrashCan,171371337203310593,"Корзина для мусора, полная файлов. Присмотревшись, видишь семейные фотографии среди мятых документов."
nextrooms_dialogues,GuppyTrashCan_ItemOnTrash,171371337203310594,"Корзина для мусора, частично заполненная пеплом. Среди тускло тлеющих углей внизу лежит маленький предмет. Впрочем, в этой текущей <imp>реальности</imp> он недосягаем."
nextrooms_dialogues,Hallway_Door_LockedDoor,83003556527857669,"Эта комната заперта, пока не будут восстановлены данные соответствующего соседа. Чтобы ускорить восстановление, введи <imp>код соседа</imp> в меню <sprite name=""nextrooms_roomies""> с помощью опции <imp>+ Пригласить соседа</imp>."
nextrooms_dialogues,HazelDefaultDialogue,83003556527857665,(Заменить) на Generic_NoConversationsAvailable с параметром Hazel
nextrooms_dialogues,HazelInitialDialogue_Konami1,84726342535340032,"Восстановление переписки — Дата: [XX-XX-XX]
<color=#EED600>Hazel:</color> эй макс, получилось пройти игру, которую я тебе отправил?
<color=#E0A3E1>M4x1mus:</color> чувак, это невозможно"
nextrooms_dialogues,HazelInitialDialogue_Konami2,84726342535340033,"<color=#EED600>Hazel:</color> понимаю, понимаю, попробуй код kojami, чтобы получить бесконечные жизни
<color=#E0A3E1>M4x1mus:</color> код kojami??? "
nextrooms_dialogues,HazelInitialDialogue_Konami3,84726342535340034,"<color=#EED600>Hazel:</color> ты его не знаешь?? он есть во многих играх, он основан на сторонах света!
<color=#E0A3E1>M4x1mus:</color> почему ты не сказала мне раньше!?"
nextrooms_dialogues,HazelInitialDialogue_Konami4,84726342535340035,"<color=#EED600>Hazel:</color> код такой: Север-Запад-Юг-Восток-Юг-Запад
<color=#E0A3E1>M4x1mus:</color> принятоо"
nextrooms_dialogues,HazelInitialDialogue_Konami5,72043370699022336,"<color=#EED600>Hazel:</color> этот код работает в куче игр, спорим, он сработает даже где-то в NextRooms!
<color=#E0A3E1>M4x1mus:</color> хм, знаешь, кажется, у меня есть идея"
nextrooms_dialogues,HazelSimpleDialogue,77166261077794816,(Заменить) на Generic_NoConversationsAvailable с параметром Hazel
nextrooms_dialogues,IDontFeelReady,54340218226991104,"Может, в другой раз"
nextrooms_dialogues,IDontKnow,54340302092099584,Не уверен насчёт этого
nextrooms_dialogues,ImAMovieNerd,54340153722789888,Погнали!
nextrooms_dialogues,InsideDoor_InitialDialogue,102993488126140418,Главный вход в магазин художественных товаров заперт на простой засов. Эта дверь ведёт в атриум торгового центра. Отпереть её?
nextrooms_dialogues,InsideDoor_OpenDialogue,102993488126140419,(Заменить) на Generic_Unlock_Option
nextrooms_dialogues,InspectFishTank,85826424236138496,(Заменить) на Generic_Inspect
nextrooms_dialogues,InspectVendingMachine,52493909073321984,(Заменить) на Generic_Inspect
nextrooms_dialogues,JanitorLocker_AlreadyOpen,71329698834014208,Шкафчик уборщика. Больше здесь ничего интересного.
nextrooms_dialogues,JanitorLocker_AttemptToOpen_Option,71329698834014209,Попробовать код
nextrooms_dialogues,JanitorLocker_InitialDialogue,71329698825625600,Шкафчик с биркой «COL». Ручка заперта кодовым замком.
nextrooms_dialogues,KamarenaDefaultDialogue,83003556527857666,(Заменить) на Generic_NoConversationsAvailable K4M4R3N4
nextrooms_dialogues,KamarenaMembership_InitialDialogue,130386775057096704,"Карта <imp>Код соседа</imp>. Пластик поцарапан, печать выцвела. Идентификатор <imp>RC-CLR7V40</imp> едва читается."
nextrooms_dialogues,Kamarena_VhsStoreDialogue1,54339510618546176,"Восстановление переписки — Дата: [XX-XX-XX]
<color=#B9BFFB>K4M4R3N4:</color> здарова, ты успел взять напрокат dream in gouache?
<color=#E0A3E1>M4x1mus:</color> да чувак, музыка там огонь!!! хотя мне кажется, я не особо понял сам фильм.."
nextrooms_dialogues,Kamarena_VhsStoreDialogue2,100455706484793350,"<color=#B9BFFB>K4M4R3N4:</color> эээ на самом деле всё довольно просто
<color=#E0A3E1>M4x1mus:</color> ооо да, точно, кажется я не особо следила лол может пересмотрю"
nextrooms_dialogues,Kamarena_VhsStoreDialogue3,100455706484793351,"<color=#B9BFFB>K4M4R3N4:</color> хаха не думаю, что ты готова, но заглянула бы в мою киновикторину. может чему-то научишься
<color=#E0A3E1>M4x1mus:</color> оо да!! ты же выложила её у себя на холодильнике, да?"
nextrooms_dialogues,Kamarena_VhsStoreDialogue4,100455706484793352,"<color=#B9BFFB>K4M4R3N4:</color> ага ага, это <color=#B9BFFB>K4M4R3N4:</color> ага ага, это <u><link=""fridgemagnets.com/user/k4m4r3n4"">fridgemagnets.com/user/k4m4r3n4</link></u>
<color=#E0A3E1>M4x1mus:</color> кулкулкулкул дааа я точно с этим справлюсь лол ... наверное"
nextrooms_dialogues,Kamarena_VhsStoreNotification,100455706484793353,(Заменить) на Generic_RoomieConversation_Restored с параметром K4M4R3N4
nextrooms_dialogues,LeaveCoin,51775537524236288,(Заменить) на Generic_Leave
nextrooms_dialogues,MagicBall_HasPickedMagicBall,187838118738518016,Ты уже забрал магический шар. Больше здесь тебе делать нечего.
nextrooms_dialogues,MagicBall_InitialDialogue,70615568858734596,"Эта часть магазина посвящена гаданиям. Взгляд цепляется за волшебный шар 8. Использовать <imp>ключ</imp>, чтобы открыть сейф?"
nextrooms_dialogues,MagicBall_LightsOff,85602595006046208,"Здесь продают игрушки и книги, связанные с гаданием. Без света трудно разобрать, что есть что."
nextrooms_dialogues,MagicBall_MissingKey,173923694113972224,"Этот отдел магазина посвящён гаданиям. Твоё внимание привлекает магический шар предсказаний, но тебе не хватает <imp>magicKey</imp>, чтобы открыть его сейф."
nextrooms_dialogues,MagicBall_Take_Option,70615568858734595,(Заменить) на Generic_Pickup
nextrooms_dialogues,MagicKey_InitialDialogue,135536915355000832,"Маленький ключ, вероятно, от сейфа."
nextrooms_dialogues,Mannequin_CostumeMode,115864642641715213,Какой предмет одежды ты хочешь надеть на манекен?
nextrooms_dialogues,Mannequin_CostumeMode_HeadwearOption,115864642641715214,Головной убор
nextrooms_dialogues,Mannequin_CostumeMode_ShirtOption,115864642641715216,Рубашка
nextrooms_dialogues,Mannequin_CostumeMode_TieOption,115864642641715215,Галстук
nextrooms_dialogues,Mannequin_HeadwearDialogue,115864642641715217,Выбери головной убор для манекена.
nextrooms_dialogues,Mannequin_HeadwearOption_Glasses,115864642641715221,Очки
nextrooms_dialogues,Mannequin_HeadwearOption_Headphones,119895087733792768,Наушники
nextrooms_dialogues,Mannequin_HeadwearOption_Police,115864642645909505,Фуражка
nextrooms_dialogues,Mannequin_HeadwearOption_TopHat,119895087725404160,Федора
nextrooms_dialogues,Mannequin_HeadwearOption_Wig,119895087733792769,Парик
nextrooms_dialogues,Mannequin_InitialDialogue,115864642641715212,"Манекен и гардероб с костюмами. Он готов, чтобы его одели и сфотографировали."
nextrooms_dialogues,Mannequin_PolaroidDialogue,179428594629468160,Манекен и гардероб с костюмами. Его больше не нужно одевать. Предложить больше нечего.
nextrooms_dialogues,Mannequin_ShirtDialogue,115864642641715218,"<imp>shirt.skt</imp> открыт, можешь раскрасить его как захочешь.
Чтобы продолжить, закрой файл или нажми <imp>Подтвердить</imp>."
nextrooms_dialogues,Mannequin_TieDialogue,115864642641715219,"<imp>neckTie.skt</imp> открыт, можешь раскрасить его как захочешь.
Чтобы продолжить, закрой файл или нажми <imp>Подтвердить</imp>."
nextrooms_dialogues,MaxComputer_GetPrintedFile,110308848156270592,(Заменить) это на Generic_NewItem_Inventory с параметром 
nextrooms_dialogues,MaxComputer_GuppyDialogue,170729632800169985,Персональный компьютер. Он никогда и не был твоим.
nextrooms_dialogues,MaxComputer_InitialDialogue,78562129987231748,(Заменить) это на MaxRoom_InteractingComputerTutorial1
nextrooms_dialogues,MaxComputer_PrintedFile,83003556527857667,(Заменить) это на MaxRoom_Interacting_ComputerTutorial2
nextrooms_dialogues,MaxCorkBoard_CorrectOrder,155536050447441920,"Широкая пробковая доска, увешанная фотографиями. Их расположение будто складывается в жуткую картину места преступления, но детали остаются неясны. Присмотреться?"
nextrooms_dialogues,MaxCorkBoard_InitialDialogue,113036599996964968,Широкая пробковая доска прямо как из детективного фильма.
nextrooms_dialogues,MaxCorkBoard_PuzzleBeaten,189247455935586305,"Широкая пробковая доска, увешанная фотографиями. Раз правда раскрыта, больше здесь делать нечего."
nextrooms_dialogues,MaxCorkBoard_TutorialDialogue,113036599996964969,"Каждый раз, находя <imp>моментальное фото</imp>, ты сможешь вернуться в свою комнату и увидеть их приколотыми на доску."
nextrooms_dialogues,MaxRoom_CannotLeave,113036599996964970,"Внимание! В рамках приветствия по возвращении, пожалуйста, взаимодействуй с <imp>компьютером</imp> в своей комнате перед уходом!"
nextrooms_dialogues,MaxRoom_Interacting_ComputerTutorial1,110308848164659233,Твой личный компьютер. В принтере застрял лист бумаги.
nextrooms_dialogues,MaxRoom_Interacting_ComputerTutorial2,110308848164659234,Твой личный компьютер. Больше он ничего не может предложить.
nextrooms_dialogues,MaxSpeaker_AlreadyPlayingMusic,189247455943974913,Сейчас играет музыка <imp>THE_MAX</imp>.
nextrooms_dialogues,MaxSpeaker_InitialDialogue,189247455943974912,Колонка с любимым треком <imp>THE_MAX</imp>. Включить музыку?
nextrooms_dialogues,MembershipCard_LightsOff,164402038479773696,"Какая-то пропускная карта. Не разобрать, что на ней написано, лучше её не трогать."
nextrooms_dialogues,Mirror_AfterInteraction,189247455939780608,"Сапфирово-синее зеркало с таинственными свойствами. Увидев отражение этого произведения, ты понимаешь — предложить больше нечего."
nextrooms_dialogues,Mirror_InitialDialogue,166063597069262848,"Сапфирово-синее зеркало с таинственными свойствами. Твоё отражение выглядит необычно, будто оно вот-вот выйдет из кристалла. "
nextrooms_dialogues,Mirror_InteractingDialogue,166063597086040065,"<imp>Твой инвентарь</imp> открыт.
Чтобы продолжить, закрой файл, реши головоломку или нажми <imp>ВЫЙТИ</imp>"
nextrooms_dialogues,MontsInitialDialogue1,51485653215469568,"<color=#B9BFFB>K4M4R3N4:</color> я собиралась показать тебе самый крутой фильм на свете... но пришлось вернуть его в видеопрокат T-T
 <color=#B9BFFB>K4M4R3N4:</color> поможешь мне вернуть его?"
nextrooms_dialogues,MontsInitialDialogue2,54607605362843648,Dialogo2
nextrooms_dialogues,MovieName_Closet,100455706484793359,Мечтай в гуаши
nextrooms_dialogues,MovieName_Rod,100455706484793358,Снасти
nextrooms_dialogues,MovieName_Slasher,100455706484793357,Слэшер-Фест
nextrooms_dialogues,MovieName_Unmarked1,110308848164659247,Порванная кассета
nextrooms_dialogues,MovieName_Unmarked2,110308848164659248,Разрисованная кассета
nextrooms_dialogues,MovieName_Unmarked3,110308848164659249,Сгоревшая кассета
nextrooms_dialogues,MoviePoster_LightsOff,102993488126140427,"Рекламный киноплакат. Слишком темно, чтобы понять, к какому фильму он относится."
nextrooms_dialogues,MovieQuestion1,54340346090348544,Вопрос 1
nextrooms_dialogues,MovieQuestion2,54340409940238336,Вопрос 2
nextrooms_dialogues,MovieQuestion3,110308848164659200,Вопрос 3
nextrooms_dialogues,MovieQuestion4,54340587556429824,Вопрос 4
nextrooms_dialogues,MovieStand_InitialDialogue,78562129987231744,Это картонная фигура известного кинорежиссёра.
nextrooms_dialogues,MovieStand_LightsOff,85478653507395584,Это картонная фигура с информацией. Прочитать текст не получается.
nextrooms_dialogues,NextRoomsNotice,77166261086183426,"15 сентября 2003 — NextRooms теперь отключена навсегда.
Войди, чтобы загрузить прежние данные в офлайн-режиме и заново пережить разговоры с друзьями с помощью функции «Повтор чатов». Спасибо, что был нашим соседом."
nextrooms_dialogues,NextRoomsUI_ChatLogs,189982485683101697,Чат-логи
nextrooms_dialogues,NextRoomsUI_Escape,189979108391772160,Esc
nextrooms_dialogues,NextRoomsUI_Floors,189982485683101699,Этажи
nextrooms_dialogues,NextRoomsUI_Go,189980869718433792,Идти
nextrooms_dialogues,NextRoomsUI_Inventory,189982485683101698,Инвентарь
nextrooms_dialogues,NextRoomsUI_LogIn,189969419444674560,Войти
nextrooms_dialogues,NextRoomsUI_NewsLetter,189968616415813632,Рассылка
nextrooms_dialogues,NextRoomsUI_Password,77175662064951297,Пароль
nextrooms_dialogues,NextRoomsUI_PressToInteractDown,189978639774769152,"<sprite name=""nextrooms_interact_down""> — действие"
nextrooms_dialogues,NextRoomsUI_PressToInteractUp,189978639774769153,"<sprite name=""nextrooms_interact_up""> — действие"
nextrooms_dialogues,NextRoomsUI_Register,189969419444674561,Зарегаться
nextrooms_dialogues,NextRoomsUI_Roomies,189982485683101696,Соседи
nextrooms_dialogues,NextRoomsUI_Username,77175662064951296,Логин
nextrooms_dialogues,NextRoomsUI_Version,189967099357028352,Версия 1.2.6
nextrooms_dialogues,NextRooms_Tutorial_1,83003556527857668,(Заменить) это на Generic_Tutorial_1-4
nextrooms_dialogues,NextRooms_UI_AddRomie,181220300827910144,Новый сосед
nextrooms_dialogues,NextRooms_UI_AddRomieSubtitle,191832918118621184,Введи код соседа
nextrooms_dialogues,NextRooms_UI_GoToMyRoom,181220300827910147,В мою комнату
nextrooms_dialogues,NextRooms_UI_InviteRomie,181220300827910145,Пригласить соседа
nextrooms_dialogues,NextRooms_UI_Message,181220300827910148,Сообщение
nextrooms_dialogues,NextRooms_UI_Profile,181220300827910146,Профиль
nextrooms_dialogues,NextRooms_UI_Report,181220300827910150,Жалоба
nextrooms_dialogues,NextRooms_UI_Unfriend,181220300827910149,Не дружить
nextrooms_dialogues,NextRooms_UI_Visit,181220300827910151,Посетить
nextrooms_dialogues,NonogramDoor_InitialDialogue,101873981550747651,"Дверь, непохожая на все остальные в этом торговом центре. Она заперта за какой-то решёткой."
nextrooms_dialogues,NonogramDoor_Inspect,101873981550747652,(Заменить) на generic inspect
nextrooms_dialogues,Notification_ArtStore_Door_Unlocked,90149925755543552,Дверь в художественный магазин разблокирована. 
nextrooms_dialogues,Notification_Nonogram_Door_Unlocked,171011649680957440,<imp>Дверь нонограмм</imp> разблокирована. 
nextrooms_dialogues,OutsideDoor_InitialDialogue,102993488126140420,(Заменить) на Court_Interacting_ArtStoreLockedDoor
nextrooms_dialogues,PaintingPiece_InitialDialogue,89863705762717696,Это вырезанный из холста фрагмент картины. На нём начертаны неизвестные символы.
nextrooms_dialogues,PaintingWall_Draw_Option,153190742342230016,Рисовать
nextrooms_dialogues,PaintingWall_InitialDialogue,153190742342230017,"Настенная роспись. Баллончики с краской на полу намекают, что каждый может внести свой вклад в это произведение."
nextrooms_dialogues,Painting_BothItemsBehind,131494841295036417,В тайнике обнаруживается моментальная фотография вместе с набором баночек с краской.
nextrooms_dialogues,Painting_InitialDialogue,72881481318391809,"Сюрреалистическая картина с недостающим фрагментом. Тонкий зазор по краям намекает, что за ней в стене есть дыра."
nextrooms_dialogues,Painting_ItemBehind,131494841295036416,В тайнике обнаруживается ещё один вырезанный из холста фрагмент картины.
nextrooms_dialogues,Painting_OnlyPolaroid,131494841295036420,Тайник с моментальной фотографией внутри.
nextrooms_dialogues,Painting_OnlySketchy,131494841295036418,Тайник с набором баночек с краской внутри.
nextrooms_dialogues,Painting_OpenedDialogue,72881481318391810,Тайник. Больше здесь ничего интересного.
nextrooms_dialogues,PhotoBooth_InitialDialogue,71975652763361280,"Странно знакомая фотобудка. Похоже, фото уже сделано, осталось только за него заплатить. Вместо денег этот автомат берёт с тебя ответы."
nextrooms_dialogues,PhotoBooth_LightsOff,71976719404228608,"Оно не работает. Оно подключено к розетке, но питания нет."
nextrooms_dialogues,PhotoBooth_Operate_Option,110308848164659246,Ответить на вопросы
nextrooms_dialogues,PhotoBooth_PuzzleCompleted,72016740119207936,Фотобудка. Больше здесь ничего интересного.
nextrooms_dialogues,PhotoBooth_Quiz_Answer_2,72016740123402241,зомби
nextrooms_dialogues,PhotoBooth_Quiz_Answer_2_Alt_1,187435712980705280,нежить
nextrooms_dialogues,PhotoBooth_Quiz_Answer_2_Alt_2,187435712989093888,заражённый
nextrooms_dialogues,PhotoBooth_Quiz_Answer_2_Alt_3,187435712989093889,zombie
nextrooms_dialogues,PhotoBooth_Quiz_Answer_2_Alt_4,187435712989093890,живой мертвец
nextrooms_dialogues,PhotoBooth_Quiz_Answer_2_Alt_5,187435712989093891,мертвец
nextrooms_dialogues,PhotoBooth_Quiz_Answer_3,72016740123402242,красный
nextrooms_dialogues,PhotoBooth_Quiz_Answer_3_Alt_1,192411675195858944,красная
nextrooms_dialogues,PhotoBooth_Quiz_Answer_4_Alt_4,191832918139592704,ананасовое лето
nextrooms_dialogues,PhotoBooth_Quiz_Answer_4_Alt_5,191832918139592705,ананасовоелето
nextrooms_dialogues,PhotoBooth_Quiz_Answer_4_Alt_6,191832918139592706,ананасовое-лето
nextrooms_dialogues,PhotoBooth_Quiz_Answer_4_Alt_7,191832918139592707,ананасовое_лето
nextrooms_dialogues,PhotoBooth_Quiz_Question_1,98497550267441152,"Элитный киноквиз, вопрос 1"
nextrooms_dialogues,PhotoBooth_Quiz_Question_2,98497550284218368,"Элитный киноквиз, вопрос 2"
nextrooms_dialogues,PhotoBooth_Quiz_Question_3,98497550284218369,"Элитный киноквиз, вопрос 3"
nextrooms_dialogues,PhotoBooth_Quiz_Question_4,98497550284218370,"Элитный киноквиз, вопрос 4"
nextrooms_dialogues,PhotoLabCamera_HasTakenPhoto,126124645365571587,Фотоаппарат моментальной печати. Больше от него нет никакой пользы.
nextrooms_dialogues,PhotoLabCamera_InitialDialogue,126080168982732800,"Фотоаппарат моментальной печати. Красный индикатор показывает, что он не работает."
nextrooms_dialogues,PhotoLabCamera_ReadyToUse,126124645365571586,Фотоаппарат моментальной печати готов к использованию. Сделать фото?
nextrooms_dialogues,PhotoLabCamera_SolutionFound,174193131752775680,"Фотоаппарат моментальной печати сигнализирует, что готов сделать снимок."
nextrooms_dialogues,PhotoLabCaseFile_FilesAlreadyTaken,126124645365571585,Пустой стол.
nextrooms_dialogues,PhotoLabCaseFile_InitialDialogue,126125379750453248,Стол с единственной папкой на нём. На папке написано 'Дело'.
nextrooms_dialogues,PhotoLabDarkRoomDoor_InitialDialogue,174193131761164288,Запертая дверь. На ней табличка: '<imp>ТЁМНАЯ КОМНАТА</imp> ЗАНЯТА'.
nextrooms_dialogues,PhotoLabInvestigatorFile_InitialDialogue,126080168978538496,"Груда разбросанных файлов. Очевидно, что им есть что рассказать."
nextrooms_dialogues,PhotoLabManagerPhoto_InitialDialogue,126050520458584064,Портрет управляющего магазином.
nextrooms_dialogues,PickUp_PolaroidArtStore,131494841295036421,Забрать фото
nextrooms_dialogues,PickUp_SketchyAddOn,131494841295036419,Забрать краску
nextrooms_dialogues,PickupCoin,51485923144097792,(Заменить) на Generic_PickUp_Option
nextrooms_dialogues,PickupPaintingPiece,89863705766912000,(Заменить) на Generic_PickUp_Option
nextrooms_dialogues,PosterAfter1_Dialogue,100455706484793364,Постер известной трилогии. На постере изображена <imp>КЛУБНИКА</imp>.
nextrooms_dialogues,PosterAfter2_Dialogue,100455706484793365,Постер известной трилогии. На постере изображён <imp>АНАНАС</imp> на постере.
nextrooms_dialogues,PosterAfter3_Dialogue,100455706484793366,Постер известной трилогии. На постере изображено <imp>ЯБЛОКО</imp> на постере.
nextrooms_dialogues,PosterAfter_Interact,85478653507395586,(Заменить) на Generic_Inspect
nextrooms_dialogues,RabbitTable_EmptyTable,59021250981257216,Пустой стол.
nextrooms_dialogues,RabbitTable_InitialDialogue,110308848168853506,Детское меню с игрой на обороте. Взять?
nextrooms_dialogues,RabbitTable_Leave_Option,110308848160464901,(Заменить) на Generic_Leave
nextrooms_dialogues,RabbitTable_PickUp_Option,110308848160464900,(Заменить) на Generic_Pickup
nextrooms_dialogues,RoomTable1_InitialDialogue,102993488126140423,"Палитра красок, кисти, гитара и фотоаппарат."
nextrooms_dialogues,RoomTable2_InitialDialogue,102993488126140424,"Пропуск сотрудника, шахматные фигуры и шахматная доска."
nextrooms_dialogues,RoomTable3_GuiltyDialogue,115864642641715210,"Семейный портрет, вызывающий сильные чувства. Вина — такая сложная эмоция."
nextrooms_dialogues,RoomTable3_InitialDialogue,102993488126140425,Семейный портрет с дырой в нём. Неполная семья. Разве это не трогает до слёз?
nextrooms_dialogues,RoomieName_Cj,110308848164659229,CJ
nextrooms_dialogues,RoomieName_Hazel,110308848164659226,Hazel
nextrooms_dialogues,RoomieName_Kamarena,110308848164659227,K4M4R3N4
nextrooms_dialogues,Safe_AlreadyOpen,74632275843604481,Кассовый аппарат. Больше здесь ничего интересного.
nextrooms_dialogues,Safe_AttemptToOpen_Option,74665357745315840,(Заменить) на Generic_Operate с параметром Safe_Operate_Option
nextrooms_dialogues,Safe_InitialDialogue,74632275843604482,"Электронно заблокированный кассовый аппарат. Чтобы открыть, нужен PIN-код. Тут же нарисована <imp>милая рыбка</imp>."
nextrooms_dialogues,Safe_LightsOff,74632275843604480,Электронно заблокированный кассовый аппарат. В таком состоянии его не открыть.
nextrooms_dialogues,Safe_Operate_Option,110308848168853504,Пин-пад
nextrooms_dialogues,SecurityGuard_Portrait_InitialDialogue,115864642645909506,Портрет охранника торгового центра.
nextrooms_dialogues,ShipTank_ChessPieceAdded,171371337203310599,Шахматная фигура идеально подходит в качестве недостающей носовой фигуры корабля.
nextrooms_dialogues,ShipTank_ChestAlreadyOpen,183389113736486914,Аквариум с затонувшим кораблём и пустым сундуком с сокровищами. Предложить больше нечего.
nextrooms_dialogues,ShipTank_ChestOpened,183389113736486913,Сундук с сокровищами рядом с затонувшим кораблём теперь открыт.
nextrooms_dialogues,ShipTank_FishingLureAdded,171371337203310598,Рыболовная наживка идеально садится на висящий крючок.
nextrooms_dialogues,ShipTank_InitialDialogue,171011649689346048,Аквариум с разрушенным затонувшим кораблём и пустым рыболовным крючком. Аквариум выглядит довольно пусто.
nextrooms_dialogues,ShipTank_InsertChessPiece_Option,171371337203310597,Прикрепить фигуру
nextrooms_dialogues,ShipTank_InsertFishingLure_Option,171371337203310596,Прикрепить наживку
nextrooms_dialogues,ShipTank_OnlyChessAdded,171371337203310601,"Аквариум с затонувшим кораблём и пустым рыболовным крючком. Присмотревшись, видишь, что на крючке когда-то была наживка."
nextrooms_dialogues,ShipTank_OnlyLureAdded,171371337203310600,"Аквариум с разрушенным затонувшим кораблём и рыболовной наживкой. Присмотревшись, видишь, что с разбитого корпуса корабля будто сорвали носовую фигуру."
nextrooms_dialogues,ShipWheel_NoWheel,170729632800169984,Сломанный штурвал корабля. У деревянного постамента не хватает колеса.
nextrooms_dialogues,ShipWheel_UseWheel,165946961117044737,Установить штурвал
nextrooms_dialogues,ShipWheel_WithWheel,165946961117044736,У штурвала этого корабля не хватает колеса
nextrooms_dialogues,SpaceName_FloorButton_FirstFloor,174585740363030528,"ТЦ, 1 этаж"
nextrooms_dialogues,SpaceName_FloorButton_Hallway,174585740350447616,Коридор 665 этажа
nextrooms_dialogues,SpaceName_FloorButton_SecondFloor,174585740363030529,"ТЦ, 2 этаж"
nextrooms_dialogues,SpaceName_GMax_ComputerRoom,183389113719709696,Тесей — штурвал корабля
nextrooms_dialogues,SpaceName_GMax_MirrorRoom,183389113728098304,Тесей — нижняя палуба
nextrooms_dialogues,SpaceName_Mall_Arcade,102993488126140436,"ТЦ, 2 этаж - Аркада"
nextrooms_dialogues,SpaceName_Mall_ArtStore,102993488126140434,"ТЦ, 1 этаж - Магазин искусства"
nextrooms_dialogues,SpaceName_Mall_ComingSoon,102993488126140437,"ТЦ, 2 этаж - Скоро открытие?"
nextrooms_dialogues,SpaceName_Mall_Court,102993488126140429,"ТЦ, 1 этаж - Атриум"
nextrooms_dialogues,SpaceName_Mall_Court2,102993488126140435,"ТЦ, 2 этаж - Атриум"
nextrooms_dialogues,SpaceName_Mall_JanitorCloset,102993488126140430,"ТЦ, 1 этаж - Каморка уборщика"
nextrooms_dialogues,SpaceName_Mall_MagicStore,102993488126140433,"ТЦ, 1 этаж - Магазин магии"
nextrooms_dialogues,SpaceName_Mall_PetStore,102993488126140432,"ТЦ, 1 этаж - Зоомагазин"
nextrooms_dialogues,SpaceName_Mall_PhotoStudio,102993488126140438,"ТЦ, 2 этаж - Фотостудия"
nextrooms_dialogues,SpaceName_Mall_VideoStore,102993488126140431,"ТЦ, 1 этаж - Видеопрокат"
nextrooms_dialogues,SpaceName_Roomies_CJRoom,102993488130334722,(Заменить) SpaceName_Roomies_RoomieRoom с параметром CJ
nextrooms_dialogues,SpaceName_Roomies_Elevator,110435094559186944,Лифт
nextrooms_dialogues,SpaceName_Roomies_FemurRoom,102993488130334721,(Заменить) SpaceName_Roomies_RoomieRoom с параметром femur
nextrooms_dialogues,SpaceName_Roomies_Hallway,110435094567575552,Этаж 665 - Коридор
nextrooms_dialogues,SpaceName_Roomies_HazelRoom,102993488126140440,(Заменить) SpaceName_Roomies_RoomieRoom с параметром Hazel
nextrooms_dialogues,SpaceName_Roomies_KamarenaRoom,102993488130334720,(Заменить) SpaceName_Roomies_RoomieRoom с параметром K4M4R3N4
nextrooms_dialogues,SpaceName_Roomies_MyRoom,102993488126140439,Этаж 665 - Моя комната
nextrooms_dialogues,SpaceName_Roomies_RoomieRoom,110308848164659225,Этаж 665 - Комната {0}
nextrooms_dialogues,SpaceName_TimeMaze,102993488126140428,Этаж 665 - Потерянные коридоры
nextrooms_dialogues,StrgrmDefaultDialogue,87337114474110976,Я в диком восторге от своей дефолтной реплики
nextrooms_dialogues,SuspectWall_InitialDialogue,126124645365571584,Фотографии нескольких подозреваемых в преступлении. Присмотреться?
nextrooms_dialogues,TVStack_InitialDialogue,72881481318391813,Стопка телевизоров. На каждом экране появляются фигуры разных цветов. Все они отсылают к сайту под названием <imp>Gamebagels</imp>.
nextrooms_dialogues,TVStack_LightsOff,72881481318391814,Стопка телевизоров. Без питания там нечего разглядывать.
nextrooms_dialogues,TableWithPolaroid_InitialDialogue,101873981550747648,На столе лежит моментальное фото.
nextrooms_dialogues,TableWithPolaroid_TakePhotograph,101873981550747650,(Заменить) на generic pickup
nextrooms_dialogues,TableWithPolaroid_Taken,101873981550747649,Пустой стол.
nextrooms_dialogues,Test_Sprite_Atlas,106101745845788672,"<color=#B9BFFB>K4M4R3N4:</color> ага ага, это  <glow><u><link=""fridgemagnets.com/user/k4m4r3n4"">fridgemagnets.com/user/k4m4r3n4</link></u></glow>
<color=#E0A3E1>M4x1mus:</color> кулкулкулкул дааа я точно с этим справлюсь лол ... наверное"
nextrooms_dialogues,TimeMazeUnlockedMessage,84726342531145728,"ХХорОшие н0в0сти! <imp>Кo#мната</imp> от ######## была <imp>восст@новлена</imp>. Постучи в их <imp>дв#ерь</imp>, чтобы наве,,стить иХ.
"
nextrooms_dialogues,TornManual_InitialDialogue,126047614166622210,"Оторванная страница из инструкции. Похоже, она относится к торговому автомату."
nextrooms_dialogues,UnlockedRoomieCJ,85599472438992896,(Заменить) это на Generic_RoomieConversation_Restored с параметром CJ
nextrooms_dialogues,UnlockedRoomieFemur,115864642624937984,(Заменить) это на Generic_RoomieConversation_Restored с параметром CJ
nextrooms_dialogues,UnlockedRoomieHazel,83045582963204096,(Заменить) это на Generic_RoomieConversation_Restored с параметром Hazel
nextrooms_dialogues,UnlockedRoomieKamarena,83045582963204097,(Заменить) это на Generic_RoomieConversation_Restored с параметром K4M4R3N4
nextrooms_dialogues,VendingMachineDescription,995997118464,Внутри этого торгового автомата — мгновенное фото
nextrooms_dialogues,VendingMachineExactFunds,126047614166622208,Спустя мгновение моментальное фото падает в приёмный лоток.
nextrooms_dialogues,VendingMachineExactFunds2,963315101696,Ты подбираешь это
nextrooms_dialogues,VendingMachineIncorrectFunds,126047614166622209,"Спустя мгновение автомат выплёвывает деньги обратно. Может, он работает только при внесении <imp>точной суммы</imp>?"
nextrooms_dialogues,VendingMachineIncorrectFunds2,911473504256,"Может, нужна точная сумма?"
nextrooms_dialogues,VendingMachineInsertCoins,52423986003304448,Вставьте монету(ы)
nextrooms_dialogues,VendingMachineInteractWithMoney,815738515456,Ты вставляешь ${0}.{1} в торговый автомат
nextrooms_dialogues,VendingMachineLeave,52423938234376192,(Заменить) на Generic_Leave
nextrooms_dialogues,VendingMachineNoFunds,1102406610944,"Заброшенный торговый автомат, окружённый россыпью фантиков от конфет. Можно было бы что-то купить, будь у тебя деньги. Возможно, на дне фонтана в торговом центре найдётся мелочь."
nextrooms_dialogues,VendingMachineOutOfOrder1,34469703680,"На автомате висит табличка ""НЕ РАБОТАЕТ"""
nextrooms_dialogues,VendingMachineOutOfOrder2,395385368576,"Он всё ещё выглядит включённым, но не реагирует на взаимодействия"
nextrooms_dialogues,VendingMachinePolaroidTaken,171371337165561856,"Заброшенный, полностью распроданный торговый автомат. Предложить больше нечего."
nextrooms_dialogues,VendingMachinePuzzleActivationWithFunds,675538782904320,"Заброшенный торговый автомат, вокруг раскиданы обёртки от конфет. Можно купить что-нибудь — он принимает только монеты. Текущая сдача: <imp>${0}</imp>"
nextrooms_dialogues,VendingMachineStartText1,52422932587077632,"Заброшенный торговый автомат. С виду пустой, но при ближайшем рассмотрении может оказаться иначе."
nextrooms_dialogues,VendingMachineStartText2,52474420696965120,"Внутри торгового автомата единственное, что заслуживает внимания, — старая мгновенная фотография."
nextrooms_dialogues,VendingMachineTrashCan_InitialDialogue,126047614166622211,"Мусорный бак. Заглянув внутрь, понимаешь — ему тоже есть что рассказать."
nextrooms_dialogues,VendingMachine_Operate_CoinsOption,110308848168853510,Опустить монеты ${0}.{1}
nextrooms_dialogues,VendingMachine_Operate_Option,110308848168853509,(Заменить) на Generic_Inspect
nextrooms_dialogues,VhsBoxGeneric_InitialDialogue,100455706484793362,"Стойка с кассетами. Три немаркированные коробки выделяются среди прочих, можно взять любую из трёх:"
nextrooms_dialogues,VhsBox_HasPickedMovieBefore,105883897919692800,Ранее выбранный тобой фильм (<imp>{0}</imp>) был возвращён на стойку с кассетами. 
nextrooms_dialogues,VhsBox_InitialDialogue,100455706484793361,"Стойка с кассетами. Три коробки выделяются среди прочих, можно взять любую из трёх:"
nextrooms_dialogues,VhsBox_LightsOff,100455706484793363,Стойка с кассетами. В темноте ничего не разглядеть.
nextrooms_dialogues,VhsBox_MovieRackGenericMovies,100680846346805248,(Заменить) на VhsBoxGeneric_InitialDialogue
nextrooms_dialogues,VhsBox_MovieRackPuzzleFinished,170571338626359298,"Стеллаж для видеокассет. Несмотря на широкий выбор фильмов, предложить больше нечего."
nextrooms_dialogues,VhsBox_Pickup,54306631725342720,(Заменить) на VhsBox_InitialDialogue
nextrooms_dialogues,VhsBox_PickupClosetPop,100679539150020608,(Заменить) на MovieName_Closet
nextrooms_dialogues,VhsBox_PickupGenericMovie1,100679539158409218,(Заменить) на MovieName_Unmarked1
nextrooms_dialogues,VhsBox_PickupGenericMovie2,100679539158409219,(Заменить) на MovieName_Unmarked2
nextrooms_dialogues,VhsBox_PickupGenericMovie3,100679539158409220,(Заменить) на MovieName_Unmarked3
nextrooms_dialogues,VhsBox_PickupRod&Reel,100679539158409216,(Заменить) на MovieName_Rod
nextrooms_dialogues,VhsBox_PickupSlasherFest,100679539158409217,(Заменить) на MovieName_Slasher
nextrooms_dialogues,VhsMovieBassMasters,54306583121747968,Кому нравится рыбалка?
nextrooms_dialogues,VhsMovieClosetPop,54306450229420032,"Это, конечно, банально, но я, чёрт возьми, обожаю эту группу"
nextrooms_dialogues,VhsMovieGenericMovie,110308848168853511,"Похоже, обычный фильм"
nextrooms_dialogues,VhsMovieSlasherFest,54306495766978560,"жёсткая кровавая тема, прямо по мне. бляха, обожаю кринжовые диалоги!"
nextrooms_dialogues,VhsStore_HasLeftMovie,105795591051665408,(Заменить) на VhsBox_HasPickedMovieBefore с параметром названия фильма
nextrooms_dialogues,VhsTVWithMovie,54322670911610880,"Классный телек, самое время посмотреть кино."
nextrooms_dialogues,VhsTV_Leave,54322960587022336,Уйти
nextrooms_dialogues,VhsTV_LightsOff,100455706484793354,Телевизор с видеомагнитофоном под ним. Ничего не разглядеть — они обесточены.
nextrooms_dialogues,VhsTV_WatchingMovie,100455706484793356,Сейчас в видеомагнитофоне играет <imp>{0}</imp>.
nextrooms_dialogues,VhsTV_WatchingSpecialMovie,170571338626359297,Сейчас в видеомагнитофоне воспроизводится фильм из <imp>{0}</imp>.
nextrooms_dialogues,VhsTV_WithMovie,100455706484793355,У тебя в инвентаре есть <imp>{0}</imp>. Вставить в видеомагнитофон?
nextrooms_dialogues,VhsTV_WithSpecialMovie,170571338626359296,У тебя в инвентаре есть <imp>{0}</imp>. Вставить кассету в видеомагнитофон?
nextrooms_dialogues,VhsTV_WithoutMovie,54322575772213248,На телевизоре нет сигнала. Видеомагнитофон под ним выглядит исправным.
nextrooms_dialogues,VhsTv_Insert,54322894606426112,Вставьте кассету
nextrooms_dialogues,WallWithBlood_InitialDialogue,174259472614547456,"Лицо, нарисованное мазками крови. Судя по всему, у него есть своя история."
nextrooms_dialogues,YuggothDefaultDialogue,87337114465722368,Я в диком восторге от своей дефолтной реплики
nextrooms_dialogues,ZoltarSign_InitialDialogue,57229315262111744,"Автомат для гадания. Ему не нужны монеты, чтобы работать! Что готовит будущее?"
nextrooms_dialogues,ZoltarSign_LightsOff,85478653503201280,"Автомат для гадания. Ему нужно электричество, чтобы заскамить тебя на пару монет."
nextrooms_dialogues,ZoltarSign_ListenDialogue,191832918135398401,"""В ТВОЁМ БУДУЩЕМ... Я ВИЖУ БУМАЖНОГО КРОЛИКА, ЖДУЩЕГО ТЕБЯ НА СТОЛЕ"" — повторяет автомат снова и снова."
nextrooms_dialogues,ZoltarSign_Listen_Option,191832918135398402,Слушать
nextrooms_dialogues,ZoltarSign_Operate_Option,110308848164659239,Спросить судьбу
nextrooms_dialogues,ZoltarSign_Pickup_Option,110308848160464899,(Заменить) на Generic_Operate с параметром ZoltarSign_Operate_Option
nextrooms_dialogues,ZoltarSign_WithoutTicket,85599472438992897,Автомат для гадания. Больше здесь ничего интересного.
nextrooms_dialogues,nextrooms_ui_chat,176729481643286529,Чат отключён в офлайн-режиме
nextrooms_dialogues,nextrooms_ui_interact,176729481639092224,Нажми {0} для действия
nextrooms_dialogues,nextrooms_ui_manual,176729481643286530,"<u>Руководство, чтобы узнать больше</u>"
nextrooms_dialogues,nextrooms_ui_people_indicator,176729481643286528,Люди: {0}/10
npg_contents,,22583975884087296," ты откроешь папки, защищённые паролем, чтобы продвинуться дальше."
npg_contents,,22583975884087297, они будут 
npg_contents,,22583975884087298, пароли не будут 
npg_contents,,22583975884087299, всегда будет 
npg_contents,,22583975884087301,       |
npg_contents,,22583975884087302,     |
npg_contents,,22583975884087303,   |
npg_contents,,22583975884087304,  |
npg_contents,,22583975884087305," но вот в чём кроется ответ!,================================================.  *       *    *            _       *           .     *                    .' `'.__          *   .           *        *    /      \ `'""-"
npg_contents,,22583975888281600," как бы я хотел! в ней ты найдёшь ответ.,FALSE,"","","","","","","","","","","","","","","","","","","","","""
npg_contents,,22583975888281615," и я уже не совсем уверена, сколько времени провела в этой комнате. я уже съела весь свой паёк, но не могу уйти сейчас. я знаю, что близка к тому, чтобы раскрыть секрет времени.,время, кажется, не подчиняется своим законам в этой комнате. песок пересыпается через странные промежутки"
npg_contents,,22583975888281616, последние слова этого забытого короля! если из этого ничего не выйдет
npg_contents,,22583975888281617," я не хочу, чтобы меня помнили"
npg_contents,,22583975888281618, я знал <b>всё</b> о тебе с самого момента твоего рождения. вам троим
npg_contents,,22583975888281619," тогда по той же воле богов, что заставляет цвести каждый цветок"
npg_contents,,23918510462722048," ты откроешь папки, защищённые паролем, чтобы продвинуться дальше."
npg_contents,,23918510462722049, они будут 
npg_contents,,23918510466916352, пароли не будут 
npg_contents,,23918510466916353, всегда будет 
npg_contents,,23918510466916355,       |
npg_contents,,23918510466916356,     |
npg_contents,,23918510466916357,   |
npg_contents,,23918510466916358,  |
npg_contents,,23918510466916359," но вот в чём кроется ответ!,================================================.  *       *    *            _       *           .     *                    .' `'.__          *   .           *        *    /      \ `'""-"
npg_contents,,23918510471110656," как бы я хотел! в ней ты найдёшь ответ.,FALSE,"","","","","","","","","","","","","","","","","","","","","""
npg_contents,,23918510471110671," и я уже не совсем уверена, сколько времени провела в этой комнате. я уже съела весь свой паёк, но не могу уйти сейчас. я знаю, что близка к тому, чтобы раскрыть секрет времени.,время, кажется, не подчиняется своим законам в этой комнате. песок пересыпается через странные промежутки"
npg_contents,,23918510471110672, последние слова этого забытого короля! если из этого ничего не выйдет
npg_contents,,23918510471110673," я не хочу, чтобы меня помнили"
npg_contents,,23918510471110674, я знал <b>всё</b> о тебе с самого момента твоего рождения. вам троим
npg_contents,,23918510471110675," тогда по той же воле богов, что заставляет цвести каждый цветок"
npg_contents,,24009303965818880," ты откроешь папки, защищённые паролем, чтобы продвинуться дальше."
npg_contents,,24009303965818881, они будут 
npg_contents,,24009303965818882, пароли не будут 
npg_contents,,24009303965818883, всегда будет 
npg_contents,,24009303970013185,       |
npg_contents,,24009303970013186,     |
npg_contents,,24009303970013187,   |
npg_contents,,24009303970013188,  |
npg_contents,,24009303970013189," но вот в чём кроется ответ!,================================================.  *       *    *            _       *           .     *                    .' `'.__          *   .           *        *    /      \ `'""-"
npg_contents,,24009303974207488," как бы я хотел! в ней ты найдёшь ответ.,FALSE,"","","","","","","","","","","","","","","","","","","","","""
npg_contents,,24009303974207503," и я уже не совсем уверена, сколько времени провела в этой комнате. я уже съела весь свой паёк, но не могу уйти сейчас. я знаю, что близка к тому, чтобы раскрыть секрет времени.,время, кажется, не подчиняется своим законам в этой комнате. песок пересыпается через странные промежутки"
npg_contents,,24009303974207504, последние слова этого забытого короля! если из этого ничего не выйдет
npg_contents,,24009303974207505," я не хочу, чтобы меня помнили"
npg_contents,,24009303974207506, я знал <b>всё</b> о тебе с самого момента твоего рождения. вам троим
npg_contents,,24009303974207507," тогда по той же воле богов, что заставляет цвести каждый цветок"
npg_contents,,24257803009908736," ты откроешь папки, защищённые паролем, чтобы продвинуться дальше."
npg_contents,,24257803009908737, они будут 
npg_contents,,24257803009908738, пароли не будут 
npg_contents,,24257803009908739, всегда будет 
npg_contents,,24257803014103040,       |
npg_contents,,24257803014103041,     |
npg_contents,,24257803014103042,   |
npg_contents,,24257803014103043,  |
npg_contents,,24257803018297344," но вот в чём кроется ответ!,================================================.  *       *    *            _       *           .     *                    .' `'.__          *   .           *        *    /      \ `'""-"
npg_contents,,24257803018297345," как бы я хотел! в ней ты найдёшь ответ.,FALSE"
npg_contents,,24257803022491651," и я уже не совсем уверена, сколько времени провела в этой комнате. я уже съела весь свой паёк, но не могу уйти сейчас. я знаю, что близка к тому, чтобы раскрыть секрет времени.,время, кажется, не подчиняется своим законам в этой комнате. песок пересыпается через странные промежутки"
npg_contents,,24257803022491652, последние слова этого забытого короля! если из этого ничего не выйдет
npg_contents,,24257803022491653," я не хочу, чтобы меня помнили"
npg_contents,,24257803022491654, я знал <b>всё</b> о тебе с самого момента твоего рождения. вам троим
npg_contents,,24257803022491655," тогда по той же воле богов, что заставляет цвести каждый цветок"
npg_contents,,24672734888845312," ты откроешь папки, защищённые паролем, чтобы продвинуться дальше."
npg_contents,,24672734888845313, они будут 
npg_contents,,24672734888845314, пароли не будут 
npg_contents,,24672734888845315, всегда будет 
npg_contents,,24672734888845317,       |
npg_contents,,24672734888845318,     |
npg_contents,,24672734888845319,   |
npg_contents,,24672734888845320,  |
npg_contents,,24672734888845321," но вот в чём кроется ответ!,================================================.  *       *    *            _       *           .     *                    .' `'.__          *   .           *        *    /      \ `'""-"
npg_contents,,24672734893039616," как бы я хотел! в ней ты найдёшь ответ.,FALSE,"","","","","","","","","","","","","","","","","","","","","""
npg_contents,,24672734893039631," и я уже не совсем уверена, сколько времени провела в этой комнате. я уже съела весь свой паёк, но не могу уйти сейчас. я знаю, что близка к тому, чтобы раскрыть секрет времени.,время, кажется, не подчиняется своим законам в этой комнате. песок пересыпается через странные промежутки"
npg_contents,,24672734893039632, последние слова этого забытого короля! если из этого ничего не выйдет
npg_contents,,24672734893039633," я не хочу, чтобы меня помнили"
npg_contents,,24672734893039634, я знал <b>всё</b> о тебе с самого момента твоего рождения. вам троим
npg_contents,,24672734893039635," тогда по той же воле богов, что заставляет цвести каждый цветок"
npg_contents,,28449334340083712,"«Моё правление принесло процветание, ведь я действовал по воле богов. Однако я не хочу, чтобы обо мне помнили, если моих троих самых верных слуг забудут из-за их простого происхождения.

Троим, кто сделал то, что не смог бы никто другой:

<b>1. Запишите мою жизнь так, как я поведал её в ваших записях</b>
<b>2. Поймите мою идею о ярком будущем</b>
<b>3. Оставьте заметки по всему королевству, чтобы мои подданные им следовали</b>

Тот, кто желает произнести моё имя, должен сперва воздать почести моим троим слугам. Если вы решите пренебречь моей волей, то по той же воле богов, что заставляет цвести каждый цветок, ваше тело сгниёт»"
npg_contents,,28449334340083713,Шрам на трупе под изображением гласит: «ВОТ КАК ЧТУТ ТРОИХ СЛУГ»
npg_contents,ADM_desktop_whoareyou,58403916306440192,"Никто не должен иметь доступ к этому профилю, и всё же я чувствую необходимость написать это для того, кто это найдёт. Это будет не первый раз, когда этот компьютер действует вопреки моей воле. 

То, что ты здесь найдёшь, — не повод для гордости. Я сделал всё возможное, чтобы это сдержать, ведь уничтожить это не смог даже сам создатель. Я считаю это делом всей своей жизни — какое жалкое наследие.

Я понятия не имею, кто ты, но всё же ты должен знать: всё, что ты здесь найдёшь, — это мои ошибки."
npg_contents,ADM_downloads_chrissue91,58181152039493632,"ЗАПРОС НА ФУНКЦИЮ ДЛЯ CHRONOLOG
ДОБАВИТЬ ДОСТУП ЧЕРЕЗ КОМАНДНУЮ СТРОКУ ДЛЯ ВОССТАНОВЛЕНИЯ ФАЙЛОВ .RES. ПРЕДЛАГАЕМЫЙ ФОРМАТ
CHRONO RESTORE <FILENAME> 

ОТВЕТ МЕНЕДЖЕРА:
эммет, это выходит за рамки задачи и совершенно не нужно. не мог бы ты сосредоточиться на функциях, которые реально пригодятся обычному пользователю?

тупость, всё равно сделаю это"
npg_contents,ADM_downloads_chrissue92,58181152039493634,"ЗАПРОС НА ФУНКЦИЮ ДЛЯ CHRONOLOG
СОРТИРОВКА ЗАПИСЕЙ ПО ДАТЕ — ДОБАВЬ СЮДА ПОДРОБНОСТИ, ПЖЛ

НАЗНАЧЕНО: ESOUNDER
СТАТУС: РЕШЕНО"
npg_contents,ADM_downloads_polybiussquares,58181152039493633,"
     <color=""blue"">1</color>   <color=""blue"">2</color>   <color=""blue"">3</color>   <color=""blue"">4</color>   <color=""blue"">5</color>    КАК ПОЛЬЗОВАТЬСЯ ШИФРОМ «КВАДРАТНЫЙ КЛЮЧ»
   +---+---+---+---+---+  Шаг 1: Запиши исходный текст
 <color=""red"">1</color> | A | B | C | D | E |  «hello»
   +---+---+---+---+---+   
 <color=""red"">2</color> | F | G | H |I,J| K |  Шаг 2: Раздели его на буквы
   +---+---+---+---+---+  H E L L O
 <color=""red"">3</color> | L | M | N | O | P |  
   +---+---+---+---+---+  Шаг 3: Замени каждую букву её
 <color=""red"">4</color> | Q | R | S | T | U |  координатами в КВАДРАТНОМ КЛЮЧЕ
   +---+---+---+---+---+  
 <color=""red"">5</color> | V | W | X | Y | Z |  Первое число — это строка буквы,
   +---+---+---+---+---+  а второе число — это 
                          столбец буквы 

H=2,3 E=1,5 L=3,1 L=3,1 O=3,4

Шаг 4: Запиши все номера строк подряд, 
а затем номера столбцов — в одну строку 
2133335114

Шаг 5: Раздели это новое число на пары и используй эти пары 
как новые координаты!
21 33 33 51 14
(2,1) (3,3) (3,3) (5,1) (1,4)

Шаг 6: Преврати эти пары чисел в другие буквы с помощью 
КВАДРАТНОГО КЛЮЧА 
(2,1)=F (3,3)=N (3,3)=N (5,1)=V (1,4)=D

Шаг 7: Наслаждайся зашифрованным текстом!
HELLO = FNNVD

Дополнительный шаг: чтобы расшифровать текст, просто пройди эти шаги 
в обратном порядке!"
npg_contents,ADM_downloads_psychostimuli,126446546076033024,"<s>Теория психоэволюции</s> Усиление самовосприятия посредством психостимулов

Человечество достигло состояния комфорта <s>и благополучия</s> благодаря развитию технологий и медицинских исследований. По-прежнему остаётся пренебрежение эмоциональным воздействием и ошибками, которые <u>терзают человеческую природу.</u> 

Человечеству больше не угрожают в первую очередь <s>терроризм</s> болезни и чума, излечимые с помощью <s>обычной медицины</s> антибиотиков. Вирусы, подрывающие целостность общества, похожи на <u>цифровые</u>. Троянские кони, ложь и обман, скрытые под маской <s>эгоистичных желаний</s> <u>трусости и эмоций</u>.

Человечество постоянно <s>бомбардируется</s> подталкивается к пределам своей психики из-за <u>непонимания влияния подсознания</u> на все действия. Подобно дарвиновскому выживанию сильнейших, когда мышцы рвутся, а кости ломаются, человеческое тело устроено так, чтобы <u>восстановиться сильнее прежнего</u> или <u>погибнуть, пытаясь</u>.

Единственный способ человечеству <s>достичь просветления</s> вырваться из тюрьмы собственного разума — это <u>преодолеть травму силой.</u>

<s>Нам нужна программа</s> Достигается посредством компьютеризированного поведенческого анализа.

<s>Считайте это зеркалом. Компьютер вас не знает, он лишь отражение вас самих.</s>

<s>Я просто помогаю вам прояснить картину. Это взгляд в подсознание.</s>"
npg_contents,ADM_downloads_stpbug24,58181152039493635,"БАГ РАССКАЗЧИКА 24
ЭТОТ БАГ, ВЕРОЯТНО, УЖЕ БЫЛ ИСПРАВЛЕН ИЛИ ЗАПАТЧЕН, НАЗНАЧЕН НА ЭММЕТА

СТАТУС: РЕШЕНО"
npg_contents,ADM_shame_conclusion,57808089804431360,"Доступ к этому запрещён. Если ты читаешь это — сдавайся.

Пароля к этой папке нет среди моих файлов. Я позаботился о том, чтобы содержимое было недоступно."
npg_contents,DEAnalysis_Max_README,108505803084783616,"пап, если будешь меня искать, ищи по нику M4XL0V3L4C3. я буду создавать аккаунты только с этим именем, пока ты со мной не свяжешься. я буду ждать тебя сколько потребуется.

я завалю компьютер копиями этой записки, чтобы ты точно её не пропустил. 

я ХОЧУ верить. эта программа — не ты. мне нужно в этом убедиться.

пожалуйста, пап. если мама в тебя не верит — это её дело. покажи это всем нам. 

покажи мне, что тебе не всё равно.

- твоя дочь, максин."
npg_contents,Desktop_Example,114907383757529088,Погнали! Ты нашёл {password123} !!!
npg_contents,Desktop_Example_2,114907383757529089,Я не шутил.
npg_contents,Desktop_Example_3,114907383757529090,"Вижу, кто-то основательно всё исследовал! Поздравляю."
npg_contents,GUP_GAdmin_BookContents,137802111968600064,"ПРИКАЗЫ КОРОЛЕВЫ ПО ПЕРЕХВАТУ ВРАЖЕСКОГО КОРОЛЯ ТАКОВЫ:

• Каждый <b>король</b> должен находиться по прямой рядом с <b>белым конём</b>
• <b>Чёрный конь</b> не может находиться на смежной по вертикали или горизонтали клетке с <b>ладьёй</b>
• <b>Белый король</b> должен находиться по диагонали рядом с <b>белой пешкой</b>
• <b>Пешки</b> не могут находиться на одной и той же колонне (вертикали)
• <b>Белый король</b> должен находиться по прямой рядом с <b>белой ладьёй</b>
• <b>Белые ладьи</b> не могут находиться рядом друг с другом ни в каком виде"
npg_contents,GUP_GHalibut_note1,113931025573208064,"мой врач приставил ко мне женщину, которая развешивает таблички у меня же дома. я дажже не могу писать в своих тетрадях без того, чтобы она их не перерыла. зачем они это делают? я не сумасшедший."
npg_contents,GUP_GHalibut_note2,113931025573208065,"они попросили меня перестать пользоваться компьютером почему ??? на экране написан 2007 год, но если я говорю об этом, мне говорят, что всё верно, я не понИМАЮ ПОЧЕМУ"
npg_contents,GUP_GHalibut_note3,113931025573208066,не лезьте в м ой дом гд е уолт ер гвн с ним
npg_contents,HAL_Desktop_endofdemo,2596561551876096,"********************************************
****   Поздравляем с прохождением демки!!   ****
********************************************

 От лица команды Recurring Dream спасибо, что 
      играете в демоверсию Desktop Explorer.

  Следите за новостями —
            скоро будут новые анонсы! <3 <3 <3"
npg_contents,HAL_Desktop_tasklist,929658303406080,"[ X ] - заменить мышь и клавиатуру
[ X ] - купить колонки, совместимые с ПК
[ X ] - подключиться к интернету.
(ПРАВКА: порт ethernet полностью сломан)

[ ] - проверить программу <b>Chronolog</b>
(она должна быть в моём <b>меню ПУСК</b> в
нижнем левом углу рабочего стола..)"
npg_contents,HAL_P1Inanna_longscroll,929658328571906," .-.---------------------------------.-.
((+))                                   )
 \U/_ _ _ _ _ _ _ _ _ _ _ _ _ _ _ _ _ _/
  |                                  |
 |                                  |
 |    Воззови ко мне, дитя,        |
  | и мой огонь вспыхнет в твоём голосе |
   |                                  |
   |                                  |
  |                                  |
 |                                  |
 |                                  |
  |                                  |
   |                                  |
   |                                  |
  |                                  |
 |                                  |
 |                                  |
  |                                  |
   |                                  |
   |                                  |
  |                                  |
 |                                  |
 |                                  |
  |                                  |
   |                                  |
   |                                  |
  |                                  |
 |                                  |
 |                                  |
  |                                  |
   |                                  |
   |                                  |
  |                                  |
 |                                  |
 |                                  |
  |                                  |
   |                                  |
   |                                  |
  |                                  |
 |                                  |
 |                                  |
  |                                  |
   |                                  |
   |                                  |
  |                                  |
 |                                  |
 |                                  |
  |                                  |
   |                                  |
   |                                  |
  |                                  |
 |                                  |
 |                                  |
  |                                  |
   |                                  |
   |                                  |
  |                                  |
 |                                  |
 |                                  |
  |                                  |
   |                                  |
   |                                  |
  |                                  |
 |                                  |
 |                                  |
  |                                  |
   |                                  |
   |                                  |
  |                                  |
 |                                  |
 |                                  |
  |                                  |
   |                                  |
   |                                  |
  |                                  |
 |                                  |
 |                                  |
  |                                  |
   |                                  |
   |                                  |
  |                                  |
 |                                  |
 |                                  |
  |                                  |
   |                                  |
   |                                  |
  |                                  |
 |                                  |
 |                                  |
  |                                  |
   |                                  |
   |                                  |
  |                                  |
 |                                  |
 |                                  |
  |                                  |
   |                                  |
   |                                  |
  |                                  |
 |                                  |
 |                                  |
  |                                  |
   |                                  |
   |                                  |
  |                                  |
 |                                  |
 |                                  |
  |                                  |
   |                                  |
   |                                  |
  |                                  |
 |                                  |
 |                                  |
  |                                  |
   |                                  |
   |                                  |
  |      Когда сумрак меня обступит, |
 |   {Inanna} озарит мне путь.      |
 | _ _ _ _ _ _ _ _ _ _ _ _ _ _ _ _ _ |
 /A\                                  \
((+))                                  )
 '-'----------------------------------'"
npg_contents,HAL_P2Elephant_longpapyrusstrip,929658328571907,"================================================.  *       *    *            _       *           .     *                    .' `'.__          *   .           *        *    /      \ `'""-,   *     .  *     .-''''--...__..-/ .     |   _  \        .      .'   FE          ; :'     '. (a)  |       .     /                 | :.       \     =\      .    ;X             RT   \':.      /  ,-.__;.-;` .   /|     OV             '--._   /-.7`._..-;`   .  ; |       A            ST  |`-'      \<color=""red"">{</color>E  |    .  |/\        .   -' /     /  ;  *      |LE /    .  (( ;.       ,_VV.:|     | /     /\   |PH|  *  .   ) / `\     | `""""`;     / |    | /   /A /     .     | ::|    |      \    \ \    \ `--' S<color=""red"">}</color>/      .    /  '/\    /       )    |/     `-...-`       .   / MP | |  `\    /-'    /;                 *  .   \  ,,/ |    \   DA   .'  \    *              .    `""""`   \  nnh  D_.-'L__nnh          *       .  *         `""""""`                               .===============================================
Но ты бы не назвал это носом… А как бы назвал ты? Никто не знает, но <color=""red"">вот в чём кроется ответ!</color>"
npg_contents,HAL_P2PodiumEnd_theend,20325999194398723,"@@@@@@@@@@@@@@@@@@@@@@@@@@@@@@@@@@@@@@@@@@@@@@@@@@@@@
#@  _____            _    _                        @#
## |  __ \          | |  | |                       ##
## | |  | | ___  ___| | _| |_ ___  _ __            ##
## | |  | |/ _ \/ __| |/ / __/ _ \| '_ \           ##
## | |__| |  __/\__ \   <| || (_) | |_) |          ##
## |_____/_\___||___/_|\_\\__\___/| .__/           ##
##       |  ____|          | |    | |              ##
##       | |__  __  ___ __ | | ___|_| __ ___ _ __  ##
##       |  __| \ \/ / '_ \| |/ _ \| '__/ _ \ '__| ##
##       | |____ >  <| |_) | | (_) | | |  __/ |    ##
##       |______/_/\_\ .__/|_|\___/|_|  \___|_|    ##
##                   | |                           ##
#@                   |_|                           @#
@@@@@@@@@@@@@@@@@@@@@@@@@@@@@@@@@@@@@@@@@@@@@@@@@@@@@

====== Спасибо, что играете в Desktop Explorer. ======

Примите это трофейное изображение как знак вашего
достижения за прохождение этого приключения. 

Настоящая награда — это знания, полученные благодаря
преодолению этого испытания."
npg_contents,HAL_P4Portonus_keynpg,42136942110826496,"Ты крепко сжимаешь ключ и сосредотачиваешься. Ты уже совсем близко, но тебе никак не удаётся ясно представить <b>образ</b> в своей голове.
"
npg_contents,HAL_P6FleetingFace_engravedwarning,929658328571908,"«НЕ ВХОДИТЬ! Чтобы дойти до этого места, тебе наверняка потребовалась смелость, но идти дальше — чистое безрассудство. Прислушайся к моим словам и поверни назад, пока не поздно.

- {Kassandra}»"
npg_contents,HAL_R1SortBy_genericcoal,20325999194398720,Горящие угли принесут покаяние
npg_contents,HAL_R1SortBy_specialcoal,20325999194398721,"Покаяние приходит через 0бРАЗЫ, выжженные в твоей памяти.

             /\
            /  \
           /    \
          /      \       |
   |     /        \      |
   |    /          \     |   |
--'|--------------------'|--'|---
   |    \          /     |   |
   |     \        /      |
          \      /       |
           \    /
            \  /
             \/
"
npg_contents,HAL_R2About_corpse,27696081335738369,Шрам на трупе под <u>изображением</u> гласит: «ВОТ КАК ЧТУТ ТРОИХ СЛУГ»
npg_contents,HAL_R2About_epitaph,27696081335738368,"«Моё правление принесло процветание, ведь я следовал воле богов. Однако я не хочу, чтобы обо мне помнили, если моих троих самых верных слуг забудут из-за их простого происхождения.

Троим, кто сделал то, что не смог бы никто другой:

1. Запишите мою <b>жизнь</b> так, как я поведал её в ваших <b>записях</b>
2. Поймите мою <b>идею</b> о <b>ярком будущем</b>
3. Оставьте <b>заметки</b> по всему королевству, чтобы мои подданные чтили их <b>страницы</b>

Тот, кто желает произнести моё имя, должен сперва воздать почести моим <u>троим слугам</u>. Если вы решите пренебречь моей волей, то по той же воле богов, что заставляет цвести каждый цветок, ваше тело сгниёт»"
npg_contents,HAL_T1Puzzle_archeologistnotes,20325999177621504,"Похоже, время влияет на эту комнату. Песочные часы щёлкают за каждый час, что я тут застрял.

Переводя свои записи, я пока что раскрыл вот это стихотворение:

Тёмной ночью
восходит <b>голубая луна</b>,
а <b>красный глаз</b> покидает небо,
оставляя мелодию свысока.

Много <b>окровавленных перьев</b>
медленно падает на землю.
Пока <b>сапфировые скипетры</b> восходят,
столько, сколько решит время.

Если приглядеться,
песок предсказывает путь.
<b>Сумма</b> всего важнее,
чем значение её частей.
Подумай хорошенько, и ты поймёшь:
время забирает всё, кроме воспоминаний.
 
И наконец, я вижу что-то написанное на стене. Какая-то подсказка.
Там сказано: красное лицо = 48. Но красное лицо появляется, когда песочные часы отмечают 12 часов.

Что я упускаю? Не понимаю. Песок поднимается. Время на исходе. "
npg_contents,HAL_desktopExplorer_readme,929658328571904,"        
+++++++ ВАЖНО! ++++++++++++++++++++++++++++++++++++++++++++++++++++++++++++++++++++++++

Если пароль сообщается тебе в тексте, он будет представлен в следующем формате:
<b>{password} </b>. Однако пароли не всегда будут спрятаны в текстах. 
<u>Некоторые из них тебе придётся вычислить самостоятельно!</u>

+++++++++++++++++++++++++++++++++++++++++++++++++++++++++++++++++++++++++++++++++++++++++++

Раскроешь ли ты тайны этой пещеры? Ответишь ли на все её загадки? 
Откроешь ли ты некоторые секреты внутри себя?

============================================== Станешь ли ты <b>Desktop Explorer</b>? ======"
npg_contents,HAL_documents_disclaimer,929658328571905,"       /\   | |         | |  | |
      /  \  | | ___ _ __| |_ | |
     / /\ \ | |/ _ \ '__| __|| |
    / ____ \| |  __/ |  | |_ |_|
   /_/    \_\_|\___|_|  \__| (_)

*********** Дисклеймер!! **********
Содержимое папки Documents — это
все <b>заглушки</b> или <b>материалы в разработке</b>.
Они не отражают реальные ассеты
в финальной версии DesktopExplorer."
npg_contents,HAL_introCutscene_my_guilt,11986830663606272,"Мне никогда не следовало этого делать. 
Лучше забыть."
npg_contents,HAL_introCutscene_my_notes,11986817682235392,"О боже! Я должен быть готов к 
тому, что грядёт!"
npg_contents,HAL_notes_groceries,48287899253202944,"\+ Хлопья
+ Яйца
+ Попкорн
+ Помидоры
+ Яблоки
+ Бананы
+ Лук
+ Овсянка
+ Молоко
+ Арахисовая паста
+ Хлеб"
npg_contents,HAL_notes_list1,48287899257397249,"Я заправила кровать X

Я позавтракала X

Я почистила зубы утром X

Я почистила зубы вечером X"
npg_contents,HAL_notes_list2,48287899257397250,"Я заправила кровать X

Я позавтракала X

Я почистила зубы утром X

Я почистила зубы вечером X"
npg_contents,HAL_notes_list3,48287899257397251,"Я заправила кровать X

Я позавтракала X

Я почистила зубы утром X

Я почистила зубы вечером X"
npg_contents,HAL_notes_list4,48287899257397252,"Язаправила кровать X

Я позавтракала X

Я почистила збуы утром X

Я почистила зубы вечером X"
npg_contents,HAL_notes_list5,48287899257397253,"Я заправила кровать X

Я позавтракала X

Я почистилазубы утром X

Я почистила зыбу вечером X"
npg_contents,HAL_notes_list6,48287899257397254,"Ясделала мою кравоть X

Я поела  зафтрак X

Я почистила зубыутро X

Я почистила зубывечр X"
npg_contents,HAL_notes_list7,48287899257397255,"Я заправила кровать X

Я позавтркала X

Я почистила зубы утром X

Я КУПИЛА БЛОКНОТ X

ИСПОЛЬЗОВАТЬ БЛОКНОТ X"
npg_contents,HAL_notes_list8,48287899257397256,Заправила кровать X
npg_contents,HAL_notes_list9,48287899257397257,Заправла кровать X
npg_contents,HAL_notes_records,48287899257397248,"[04/16/1998] Северная щука 41” 24.2 lbs 

[04/28/1998] Плоский сом 58” 50.1 lbs

[05/21/1998] Судак 27” 13.8 lbs

[08/07/1998] Кумжа 30” 17.3 lbs"
npg_contents,MAX_Card_Trick_Instructions,12320520023302144,"Удиви своих друзей этим простым карточным фокусом!
Сначала мысленно представь карту, которую они назовут...
Затем вызови её с помощью волшебного кода!

<color=#0000FF>A, 2, 3 ,4 ,5, 6, 7, 8, 9, 10, J, Q, K</color>
<color=#FF0000>♠ = S</color>
<color=#FF0000>♥ = H</color>
<color=#FF0000>♦ = D</color>
<color=#FF0000>♣ = C</color>

Пример: 7 бубен = <b><color=#0000FF>7</color><color=#FF0000>D</color></b> "
npg_contents,MAX_Desktop_credentials,18916229002551296,"ВОССТАН0ВЛЕНИЕ АКк#АУНTА NEXtRO0MS

ПОЛЬЗОВАТЕЛЬ: The_Max
ПАРОЛлЬ: sweaters123"
npg_contents,MAX_Desktop_screensavers,90683173225095168,"ой божечки, компьютеры это так сложно !! запишу здесь, чтобы не забыть хех 

я могу менять заставки через меню пуск > настройки > заставки
 
:D я могу часами пялиться на <i>«Aurora»</i> @_@ это прямо трип какой-то воооааааах"
npg_contents,MAX_Fortune_Ticket,12328128402677760,"ТВОЯ СУДЬБА
Ты пытался приберечь
свой лучший фокус напоследок,
но у судьбы были другие планы.
Может показаться, что сейчас всё потеряно,
но у тебя всё ещё есть <b>карта</b>
в рукаве.
Следуй за <b>бумажным зайцем</b>, и, возможно,
ты окажешься у <b>фонтана</b> рядом со Страной чудес.
ТВОИ СЧАСТЛИВЫЕ ЧИСЛА
<color=#0000FF>4, 1, 24, 14, 10, 13, 24</color>
<color=#FF0000>6, 7, 9, 8, 6</color>

———————————————
<color=#0000FF>12, 8, 11, 17, 19, 14</color>
<color=#FF0000>25, 26, 27, 13, 10, 20, 25</color>
———————————————

<color=#0000FF>24, 30, 22, 19, 20</color>
<color=#FF0000>2, 7, 11, 13, 10, 23, 29, 27, 26, 2</color>"
npg_contents,MAX_Intro_Computer,33376721016184832,"NEXtRO0MS КОды СОсЕДа: ВОсстАновлЕние

кОд СОсЕда 1: <u>RC-8UNN135</u>
КОд соСЕДа 2: <u>RC-0XB0N35</u>
"
npg_contents,MAX_PhotoLab_npg_witness1,111048450911494144,"Свидетель 1 — 

* Подозреваемый в <color=#008600><b>зелёной рубашке</b></color> стоит рядом с подозреваемым в <color=#FF0000><b>красной рубашке</b></color>

* Подозреваемый в <b>федоре</b> стоит между подозреваемым в <color=#008600><b>зелёной рубашке</b></color> и подозреваемым в <b>парике.</b>

* Подозреваемый в <color=#FF7F00><b>оранжевом галстуке</b></color> стоит рядом с человеком, которого он ударил на месте преступления.

* Не думаю, что я вообще видел, во что был одет <b>подозреваемый №4</b>. Кажется, он мог <b>упасть на пол</b> раньше, чем я успел разглядеть.

* Я видел, как подозреваемый в <color=#FF7F00><b>оранжевой рубашке</b></color> <b>избавлялся от топора.</b>"
npg_contents,MAX_PhotoLab_npg_witness2,111048450919882752,"Свидетель 2 — 

* Подозреваемый в <color=#FF0000><b>красной рубашке</b></color> ударил подозреваемого в <color=#4B0082><b>фиолетовом галстуке.</b></color>

* Тот, кого ударили, получил так сильно, что <b>уронил то, что было у него на голове.</b>

* Почему охранник стоит в шеренге? Он стоит на <b>противоположном конце</b> шеренги от подозреваемого в <color=#008600><b>зелёной рубашке.</b></color>

* Подозреваемый в <color=#008600><b>зелёном галстуке</b></color> поскользнулся на лежавшем на полу <b>парике</b> и упал."
npg_contents,MAX_PhotoLab_npg_witness3,111048450919882753,"Свидетель 3 — 

* Жертва истекала кровью повсюду, кровь даже <b>попала на лицо</b> подозреваемого в <color=#0000FF><b>синем галстуке.</b></color>

* Я заметил, что подозреваемый в <color=#4B0082><b>фиолетовой рубашке</b></color> кричал подозреваемому в <color=#008600><b>зелёной рубашке</b></color>, чтобы тот держался подальше от убийцы!

* Подозреваемый в <color=#008600><b>зелёной рубашке</b></color>, впрочем, ничего не мог расслышать. Ну, вы понимаете, <b>из-за того, что на нём было надето.</b>

* Прежде чем его ударили, я видел, как подозреваемый в <color=#4B0082><b>фиолетовом галстуке</b></color> <b>забрал топор у убийцы и выбросил его. </b>

* Подозреваемый в <color=#FF0000><b>красной рубашке</b></color> увидел это и <b>принял его за сообщника убийцы.</b>"
npg_contents,MAX_Verum_Iter,10244164565327872,"Предостережение тем, кто следует за зайцем: тропы не то, чем кажутся. 
WNWEE"
npg_contents,MAX_weirdCipher_cipherKey,60329790308081664,"     <color=""blue"">1</color>   <color=""blue"">2</color>   <color=""blue"">3</color>   <color=""blue"">4</color>   <color=""blue"">5</color>
   +---+---+---+---+---+
 <color=""red"">1</color> | B | T | Y | P | W |
   +---+---+---+---+---+
 <color=""red"">2</color> | D | G | C | Q | X |
   +---+---+---+---+---+
 <color=""red"">3</color> | H | A | K | U | E |
   +---+---+---+---+---+
 <color=""red"">4</color> | F | O | M | N | R |
   +---+---+---+---+---+
 <color=""red"">5</color> | L | S | I | V | Z |
   +---+---+---+---+---+"
pizarro_dialogue_contents,ADM_0Outside_EndMessage,83800130841468929,"Башня займёт тебя надолго — этажей там куда больше пары. Раз уж ты знаешь, как всё это устроено, что ты узнаешь о себе?"
pizarro_dialogue_contents,ADM_1AOrb_EndMessage,83800130841468930,"Беспечно ступать, обладая знанием, недоступным твоему пониманию — где-то я это уже слышал?"
pizarro_dialogue_contents,ADM_1BPortrait_EndMessage,83800130841468931,"Почему так сложно отвести взгляд от портрета? Тебе нравится то, что ты видишь?"
pizarro_dialogue_contents,ADM_TalkToMe_1,89085743668912237,Мне нечего тебе сказать. Сосредоточься на прохождении Башни.
pizarro_dialogue_contents,ADM_Tip_0Outside,89085743668912232,Команды терминала обычно строятся так: <COMMAND> <PARAMETER>
pizarro_dialogue_contents,ADM_Tip_1AOrb,89085743668912233,"Если в какой-то момент не получается воспользоваться терминалом, иконки в Башне делают, по сути, то же самое."
pizarro_dialogue_contents,ADM_Tip_1BPortrait,89085743668912234,"Если не получается щёлкнуть по иконкам Башни, всегда можно ввести команды вручную."
pizarro_dialogue_contents,ADM_Tip_General_1,89085743668912226,Обычно из скриптов терминала можно выйти командами вроде EXIT.
pizarro_dialogue_contents,ADM_Tip_General_2,89085743668912227,В терминале ключевые слова для удобства выделены цветом.
pizarro_dialogue_contents,ADM_Tip_General_3,89085743668912228,"В Башне курсор меняется в зависимости от того, что ты можешь сделать."
pizarro_dialogue_contents,ADM_Tip_TowerTop,89085743668912235,"Desktop Explorer сделает всё возможное, чтобы помочь текущему пользователю."
pizarro_dialogue_contents,ADM_TowerIntro_Gatekeep,83800130841468928,"Desktop Explorer требует дальнейшего взаимодействия с Chronolog, чтобы продолжить. Тебе стоит это знать."
pizarro_dialogue_contents,ADM_TowerTop_Start,89085743668912224,"Ты наконец добрался(лась) до самого верха. Не так уж плохо, да?"
pizarro_dialogue_contents,Admin_Cutscene_Intro1,87701460408590336,"Приветствую. Спасибо, что установил Desktop Explorer."
pizarro_dialogue_contents,Admin_Cutscene_Intro10,87701460408590345,Твои намерения...
pizarro_dialogue_contents,Admin_Cutscene_Intro11,87701460408590346,...и твои действия.
pizarro_dialogue_contents,Admin_Cutscene_Intro12,87701460408590347,"Взаимодействуй с окружением через любой из этих двух способов, чтобы дойти до конца Desktop Explorer."
pizarro_dialogue_contents,Admin_Cutscene_Intro13,87701460408590348,Ты можешь в любой момент открыть эту оболочку через значок desktopExplorer.nsh на рабочем столе.
pizarro_dialogue_contents,Admin_Cutscene_Intro14,87701460408590349,Что касается остального — разберёшься по ходу дела.
pizarro_dialogue_contents,Admin_Cutscene_Intro15,87701460408590350,Пришло время увидеть плоды своего труда.
pizarro_dialogue_contents,Admin_Cutscene_Intro2,87701460408590337,Приятно снова тебя видеть. Нет нужды что-либо повторять.
pizarro_dialogue_contents,Admin_Cutscene_Intro3,87701460408590338,"Судя по данным твоего компьютера, терминал — самая используемая тобой программа. Неудивительно."
pizarro_dialogue_contents,Admin_Cutscene_Intro4,87701460408590339,"Запусти shell-скрипт Desktop Explorer, когда будешь готов."
pizarro_dialogue_contents,Admin_Cutscene_Intro5,87701460408590340,Пришло время увидеть плоды своего труда.
pizarro_dialogue_contents,Admin_Cutscene_Intro6,87701460408590341,"Судя по данным твоего компьютера, терминал — твоя основная используемая программа. Неудивительно."
pizarro_dialogue_contents,Admin_Cutscene_Intro7,87701460408590342,"Desktop Explorer, как ты и задумал, — головоломка, созданная под твои личные потребности и опыт"
pizarro_dialogue_contents,Admin_Cutscene_Intro8,87701460408590343,"Взамен тебе предстоит решать головоломки, связанные с этими техническими функциями."
pizarro_dialogue_contents,Admin_Cutscene_Intro9,87701460408590344,"Правда, они будут построены на интерфейсе, которого ты раньше не видел."
pizarro_dialogue_contents,Cutscene_Max_Intro12,2479895874625542,"Например, можешь сказать мне, что ты видишь здесь на первый взгляд?"
pizarro_dialogue_contents,Cutscene_Max_Intro13,2479895874625543,"Хм, интересно... 
Если мне понадобится от тебя что-то ещё, ну... 

Будем решать проблемы по мере поступления ;) ты понимаешь, о чём я!"
pizarro_dialogue_contents,Cutscene_Max_Intro14,2479895874625544,"Хорошо! Если мне понадобится от тебя что-то ещё, ну... 

Будем решать проблемы по мере поступления ;) ты понимаешь, о чём я!"
pizarro_dialogue_contents,Cutscene_Max_Intro_OptionA,2479895874625545,Я увидел лошадь
pizarro_dialogue_contents,Cutscene_Max_Intro_OptionB,2479895874625546,Я увидел лягушку
pizarro_dialogue_contents,GUP_GMax_Start,95710111845048320,"О, новый образ! Думаю, он тебе идеально подходит, детектив."
pizarro_dialogue_contents,GUP_Placing_FirstPiece,89085743668912241,"Ого! На секунду тебя потерял, но всё в порядке, не переживай."
pizarro_dialogue_contents,GUP_Placing_SecondPiece,89085743668912242,"Упс! Ладно... кажется, Desktop Explorer изначально не был рассчитан на присутствие сразу в стольких профилях. Лучше сбавить темп."
pizarro_dialogue_contents,GUP_Placing_ShipWheel,89085743668912243,Погоди! Я же сказал сбавить темп! Что ты делаешь?
pizarro_dialogue_contents,GUP_Prologue_DesktopTraversal,55070476945317891,"Ах, ты заметил новые значки! Они побуждают к исследованию. Может, стоит осмотреться, кто знает? Хи-хи!"
pizarro_dialogue_contents,GUP_Prologue_IntroGateKeep1,89085743668912238,"Привет! Спасибо, что уста-

Ах. Guppy! Наконец-то я могу называть тебя по имени. 

Ты ведь уже знаешь, как это работает, да? "
pizarro_dialogue_contents,GUP_Prologue_IntroGateKeep2,89085743668912239,"Вижу, ты уже рвёшься начать, почему бы тебе не рассказать нам всем, что ты чувствуешь?"
pizarro_dialogue_contents,GUP_Prologue_IntroGateKeep3,89085743668912240,"Игнорировать что-то — это на тебя не похоже, и, честно говоря, немного грубо. 

Так ты не сможешь двигаться дальше. Ты же знаешь!"
pizarro_dialogue_contents,Generic_AskForAnotherSystemTip,80917554552365056,Ещё подсказка
pizarro_dialogue_contents,Generic_BrokenCircuitsMissingColors,66312912451395584,"Погоди, кажется, у тебя нет нужных цветов для этого! Возможно, стоит вернуться позже."
pizarro_dialogue_contents,Generic_ColorlensInstalledPizarroPopup,147701358629,"Впечатлён! ColorLens <sprite name=""colorlensicon""> добавлена в установленные программы. Найти её можно через Пуск > Программы."
pizarro_dialogue_contents,Generic_CopperBoxOnInstalledPizarroPopup,85909800880168960,Игра началась! Теперь ты можешь играть в любимые игры вне аркады через Пуск > Программы.
pizarro_dialogue_contents,Generic_DEInstalledPizarroPopup,147697164288,"Привет и добро пожаловать в Desktop Explorer! Я Pizarro, и я буду помогать тебе на протяжении всего прохождения. Если застрянешь на головоломке, нажми на значок лампочки <sprite name=""hinticon""> на панели задач внизу — и я дам тебе подсказку!"
pizarro_dialogue_contents,Generic_ExhaustedDialogue_1,78660883985719309,"Прости, мне больше нечего сказать!"
pizarro_dialogue_contents,Generic_ExhaustedDialogue_2,78660883985719310,"Думаю, я уже достаточно наговорил, можешь идти дальше!"
pizarro_dialogue_contents,Generic_ExhaustedDialogue_3,78660883985719311,"Блин, у меня закончились слова... Нет, серьёзно! Мне нечего сказать!"
pizarro_dialogue_contents,Generic_ExhaustedDialogue_4,89085743668912140,"Извини, дружище, мне больше нечего сказать!"
pizarro_dialogue_contents,Generic_ExhaustedDialogue_5,89085743668912141,"Думаю, я уже достаточно наговорил, дальше справишься сам! Я верю!"
pizarro_dialogue_contents,Generic_ExhaustedDialogue_6,89085743668912142,"Уф... Кажется, мне больше нечего нового сказать... Прости!"
pizarro_dialogue_contents,Generic_HintPushback,30479295196422145,Привет! Чем я могу тебе помочь?
pizarro_dialogue_contents,Generic_HintPushback2,80917554548170755,Эй! Как дела?
pizarro_dialogue_contents,Generic_HintPushback3,80917554548170756,Привет! Что тебе нужно?
pizarro_dialogue_contents,Generic_HintPushbackAnswer1,147701358594,Поговорить
pizarro_dialogue_contents,Generic_HintPushbackAnswer2,147701358595,Подсказка
pizarro_dialogue_contents,Generic_PXUnknown_Hint,30567602282553344,Сомневаешься — спроси Pizarro! ;)
pizarro_dialogue_contents,Generic_PuzzleBeat1,147701358603,Отличная работа с последней головоломкой! Так держать!
pizarro_dialogue_contents,Generic_PuzzleBeat10,147701358612,Гип-гип! Ура! Гип-гип! Головоломка пройдена!
pizarro_dialogue_contents,Generic_PuzzleBeat2,147701358604,Это было непросто! Хорошая работа с этой головоломкой!
pizarro_dialogue_contents,Generic_PuzzleBeat3,147701358605,Дорогу эксперту по головоломкам! Отличная работа!
pizarro_dialogue_contents,Generic_PuzzleBeat4,147701358606,"Ещё одна повержена! Вперёд, к следующей головоломке!"
pizarro_dialogue_contents,Generic_PuzzleBeat5,147701358607,Этим головоломкам с тобой не тягаться! Молодец!
pizarro_dialogue_contents,Generic_PuzzleBeat6,147701358608,Ты заставляешь старину Pizarro гордиться! Отличная работа с этой головоломкой!
pizarro_dialogue_contents,Generic_PuzzleBeat7,147701358609,"Эй! Я думал, эта должна была быть сложной! Так держать :)"
pizarro_dialogue_contents,Generic_PuzzleBeat8,147701358610,Вот это смекалка! Головоломка пройдена!
pizarro_dialogue_contents,Generic_PuzzleBeat9,147701358611,Ты ведь обожаешь головоломки? Уж больно на то похоже! Ещё одна позади ;)
pizarro_dialogue_contents,Generic_RejectHintResponseBank1,147701358596,"Ой! Просто хотел поздороваться? Ну, и тебе привет ;)"
pizarro_dialogue_contents,Generic_RejectHintResponseBank2,147701358597,"Эй, не стыдно нуждаться в помощи! Я не осуждаю :)"
pizarro_dialogue_contents,Generic_RejectHintResponseBank3,147701358598,Передумал? Ничего страшного! Я всё равно буду здесь.
pizarro_dialogue_contents,Generic_RejectHintResponseBank4,147701358599,"Значит, без подсказки! Буду наготове. Меня зовут Pizarro, а подсказки — моё призвание!"
pizarro_dialogue_contents,Generic_RejectHintResponseBank5,147701358600,"Круто, круто… Как будто мне так уж хотелось, чтобы ты спросил подсказку!"
pizarro_dialogue_contents,Generic_RejectHintResponseBank6,147701358601,"Хочешь справиться сам? Давай, я за тебя болею!"
pizarro_dialogue_contents,Generic_RejectHintResponseBank7,147701358602,"Ладно, ладно, крутыш ;) Кому вообще нужны подсказки, я прав?"
pizarro_dialogue_contents,Generic_Reply_OK,30567602282553345,ОК
pizarro_dialogue_contents,Generic_SketchyAddOnInstalledPizarroPopup,14854274323308544,"Взгляни ещё раз на Sketchy <sprite name=""sketchyicon""> и его цветовую палитру! Эти новые цвета напоминают мне об одном наборе перепутанных проводов..."
pizarro_dialogue_contents,Generic_TalkToMe_1,78660883985719296,А ты знал? Pizarro — имя знаменитого исследователя!
pizarro_dialogue_contents,Generic_TalkToMe_10,78660883985719305,"Слышал про курицу, которая перешла дорогу? Думаю, она искала головоломки для решения!"
pizarro_dialogue_contents,Generic_TalkToMe_11,78660883985719306,"Какие твои любимые канцтовары? Лично я считаю, что степлеры недооценены."
pizarro_dialogue_contents,Generic_TalkToMe_12,78660883985719307,"Мне бы сейчас не помешал маникюр... Погоди, а перчатки не помешают?"
pizarro_dialogue_contents,Generic_TalkToMe_13,78660883985719308,"Эй, как тебе мои сапоги? Круто, правда? Напоминают мне об одном принце-воине..."
pizarro_dialogue_contents,Generic_TalkToMe_15,89085743668912129,Не забывай отдыхать между головоломками. Ясный ум — отдохнувший ум!
pizarro_dialogue_contents,Generic_TalkToMe_16,89085743668912130,"Мы любим головоломки, и мы любим искусство! Нарисуй себе золотую звезду — у тебя отлично получается!"
pizarro_dialogue_contents,Generic_TalkToMe_17,89085743668912131,"Какая твоя любимая головоломка? По-моему, нонограммы просто отличные!"
pizarro_dialogue_contents,Generic_TalkToMe_18,89085743668912132,У тебя есть питомцы? Блокноты не считаются!
pizarro_dialogue_contents,Generic_TalkToMe_19,89085743668912133,"Какие твои любимые хобби? Хобби ведь делают нас теми, кто мы есть, знаешь? ...Наверное."
pizarro_dialogue_contents,Generic_TalkToMe_2,78660883985719297,Разве ты не обожаешь компьютеры? БИП. БУП. МЫ ТОЖЕ ТЕБЯ ЛЮБИМ.
pizarro_dialogue_contents,Generic_TalkToMe_20,89085743668912134,Аххх... Обожаю запах головоломок ранним утром. Или ночью. В любое время!
pizarro_dialogue_contents,Generic_TalkToMe_21,89085743668912135,"Эй, как думаешь, я не поправился? Слишком много заметок делаю в последнее время!"
pizarro_dialogue_contents,Generic_TalkToMe_22,89085743668912136,"Жаль, что я не заставка. Есть что-то заманчивое в том, чтобы отскакивать по экрану, как логотип."
pizarro_dialogue_contents,Generic_TalkToMe_23,89085743668912137,...го-го-го-головоломки!
pizarro_dialogue_contents,Generic_TalkToMe_24,89085743668912138,"Остерегайся незнакомцев из интернета! Хорошо, что у тебя нет интернета, а я тебе не чужой!"
pizarro_dialogue_contents,Generic_TalkToMe_25,89085743668912139,"Хм-м... извечный вопрос... пицца, бургеры или головоломки?"
pizarro_dialogue_contents,Generic_TalkToMe_3,78660883985719298,Ты пил воду в последнее время? А мне не нужно — я же блокнот!
pizarro_dialogue_contents,Generic_TalkToMe_4,78660883985719299,"Меня зовут Pizarro, а подсказки — моё призвание!"
pizarro_dialogue_contents,Generic_TalkToMe_5,78660883985719300,Делаешь заметки? Почему бы не воспользоваться notepage? Он прямо здесь!
pizarro_dialogue_contents,Generic_TalkToMe_6,78660883985719301,Какая твоя любимая головоломка? Я всегда в настроении для хорошего кроссворда.
pizarro_dialogue_contents,Generic_TalkToMe_7,78660883985719302,...ялюблюзагадки.
pizarro_dialogue_contents,Generic_TalkToMe_8,78660883985719303,"Эй, не забывай иногда делать перерывы. Головоломки — это тяжело!"
pizarro_dialogue_contents,Generic_TalkToMe_9,78660883985719304,"Кажется, я простужаюсь... К счастью для меня, головоломки — лучшее лекарство!"
pizarro_dialogue_contents,Generic_ThankForTip,110869833212485632,"Спасибо, это всё."
pizarro_dialogue_contents,Guppy_ExhaustedDialogue_1,112438829946757129,Больше нечего сказать! Продолжай решать головоломки.
pizarro_dialogue_contents,Guppy_ExhaustedDialogue_2,112438829946757130,Не-а! Мне больше нечего сказать. Продолжай решать головоломки.
pizarro_dialogue_contents,Guppy_ExhaustedDialogue_3,112438829946757131,"Больше мне нечего тебе сказать, GUPPY. Продолжай играть."
pizarro_dialogue_contents,Guppy_GenericTalkToMe_1,112438829946757122,"А ты знал? Ой, кого я обманываю? Ты знаешь всё."
pizarro_dialogue_contents,Guppy_GenericTalkToMe_2,112438829946757123,Ты любишь детективы? Просто предчувствие.
pizarro_dialogue_contents,Guppy_GenericTalkToMe_3,112438829946757124,"Знаешь, мне правда нравилось наблюдать, как ты решаешь головоломки. Даже когда я не знал, что это ты."
pizarro_dialogue_contents,Guppy_NoTip_Dialogue,112438829946757120,"Хе-хе... Не думаю, что тебе всё ещё нужны системные подсказки. В конце концов, тебе хватило ума добраться сюда."
pizarro_dialogue_contents,Guppy_TalkToMe_AdminDesktop,112438829946757126,Ты любишь шахматы? Лично я считаю их претенциозными.
pizarro_dialogue_contents,Guppy_TalkToMe_HalibutDesktop,112438829946757125,"Чтобы это решить, нужна хорошая память, тебе не кажется?"
pizarro_dialogue_contents,Guppy_TalkToMe_MaxDesktop,112438829946757127,Что случилось с этой комнатой? Тут всё перемешано!
pizarro_dialogue_contents,Guppy_TalkToMe_MaxDesktop2,112438829946757128,"Комната между мирами — по крайней мере, так кажется."
pizarro_dialogue_contents,HAL_A1Scales_EndMessage,30567602282553371,"Отличная работа! Хотя я думал, ты пройдёшь эту быстрее. Всё в порядке?"
pizarro_dialogue_contents,HAL_A1Scales_Start,147705552925,"Так, это должно быть достаточно просто! Разберёшься в два счёта."
pizarro_dialogue_contents,HAL_A2Spells_EndMessage,30567602282553372,"Если честно, я не думал, что у тебя получится! Видимо, старого пса можно научить новым трюкам!"
pizarro_dialogue_contents,HAL_A2Spells_leftWall,24671768529592320,Эти узоры на стене… разве мы не видели похожее в предыдущих головоломках...?
pizarro_dialogue_contents,HAL_A2Topaz_EndMessage,117095381269995520,"Какая находка! Вижу, ты нашёл применение мусору! Наслаждайся своим сокровищем. "
pizarro_dialogue_contents,HAL_ExhaustedTips_1,80917554548170752,"Ну что ж! Похоже, у меня закончились системные подсказки <b>на данный момент</b>. Если попросишь ещё одну, я просто повторюсь, ладно?"
pizarro_dialogue_contents,HAL_ExhaustedTips_2,89085743668912144,"Это все подсказки, что у меня есть <b>на данный момент</b>! Попросишь ещё одну — скажу то, что ты уже знаешь."
pizarro_dialogue_contents,HAL_ExhaustedTips_3,89085743668912145,"Новых подсказок больше нет <b>на данный момент</b>. Но я могу повторить уже сказанные, если попросишь ещё одну!"
pizarro_dialogue_contents,HAL_HintIconReminder,30567602282553349,"Помни, если тебе понадобится системная подсказка, просто нажми на значок лампочки <sprite name=""hinticon""> на панели задач подо мной! Я сделаю всё возможное, чтобы помочь."
pizarro_dialogue_contents,HAL_P0Prologue_EndMessage,17418640021250048,Отличная работа! И вот так начинается наше приключение! 
pizarro_dialogue_contents,HAL_P1Inanna_EndMessage,17418640025444352,"Отлично! Свет этого факела так же ярок, как и ты! "
pizarro_dialogue_contents,HAL_P2Elephant_EndMessage,17418640025444353,"Ах, ну разве ты не обожаешь загадки? Так держать!"
pizarro_dialogue_contents,HAL_P3FakeWall_EndMessage,17418640025444354,"Ого, вы только гляньте на мистера Хакера! Какая дотошность!"
pizarro_dialogue_contents,HAL_P4Portonus_EndMessage,17418640025444355,Ах! Какое у тебя богатое <b>IM</b>a<b>G</b>ination! Отличная работа! 
pizarro_dialogue_contents,HAL_P5CreatedBy_EndMessage,17418640025444356,Отличная мысль! Но что это вообще за имя такое? 
pizarro_dialogue_contents,HAL_P6FleetingFace_EndMessage,17418640025444357,"Ого, от тебя ничего не ускользает! Видимо, у рыбаков отличное зрение."
pizarro_dialogue_contents,HAL_P8DeadEnd_BlockedEntrance,30567602282553359,"Погоди, что случилось с этой головоломкой? Не помню, чтобы эти файлы были здесь раньше. Что происходит?"
pizarro_dialogue_contents,HAL_P8DeadEnd_EndMessage,30567602282553360,"Отличная работа! Ты прошёл головоломку 8. Но дела становятся немного странными. Может, остановишься на сегодня?"
pizarro_dialogue_contents,HAL_P8DeadEnd_SequenceBreakEndMessage,30567602282553361,Погоди... откуда ты это узнал?
pizarro_dialogue_contents,HAL_P9Hanoi_OpenQuestion4,30567602282553364,"Погоди... Этот вопрос кажется неуместным. Это точно не часть головоломки... Ты знаешь, о ком они говорят?"
pizarro_dialogue_contents,HAL_PXPodiumEnd_Start,30567602286747658,"Вот и всё, это был Desktop Explorer! Надеюсь, теперь ты знаешь больше не только о своём компьютере, но и о себе."
pizarro_dialogue_contents,HAL_R1SortBy_Start,147705552929,Эта сложная. Зато картинки милые!
pizarro_dialogue_contents,HAL_R2About_EndMessage,30567602286747657,"Не так уж и сложно, правда? Ты почти у цели. После этого сможешь забыть всё и отдохнуть в блаженном неведении."
pizarro_dialogue_contents,HAL_R2About_Redirection,147705552941,"Ой! Ты снова здесь. Пройди остальные пути, чтобы получить доступ к этой головоломке!"
pizarro_dialogue_contents,HAL_R2About_Start,147705552931,Эта головоломка немного длиннее остальных. Но предупреждаю! Кое-что может быть тяжело пережить. Не теряй концентрацию!!
pizarro_dialogue_contents,HAL_R2About_Step2Question,30567602286747651,"Пожалуйста, ответь честно: ты сделал всё возможное, чтобы спасти брата?"
pizarro_dialogue_contents,HAL_R2About_Step2Question_Followup1,30567602286747654,"Ты лжёшь. Эта головоломка не закончится, пока ты не будешь честен."
pizarro_dialogue_contents,HAL_R2About_Step2Question_Followup2,30567602286747655,"Ты говоришь правду. Единственный способ преодолеть свою вину — это то, что уведёт тебя из этого храма. Скоро увидишь!"
pizarro_dialogue_contents,HAL_R2About_Step2Question_Reply1,30567602286747652,Да
pizarro_dialogue_contents,HAL_R2About_Step2Question_Reply2,30567602286747653,Нет
pizarro_dialogue_contents,HAL_R2About_TensionBuildup,30567602286747656,Сделай глубокий вдох. Вспомни свои сожаления в последний раз.
pizarro_dialogue_contents,HAL_T1HallOfMirrors_EndMessage,30567602286747649,"Ничего себе! Разве не круто?? Жаль, я не могу это забыть, чтобы пережить снова!"
pizarro_dialogue_contents,HAL_T1HallOfMirrors_JumpscareCollider,30567602286747648,"Бу-у-у!!! Ну и испуг, да?"
pizarro_dialogue_contents,HAL_T1HallOfMirrors_Start,147705552927,"Ооо, это одна из моих любимых! Будь внимательнее и не напортачь!"
pizarro_dialogue_contents,HAL_T2Hourglass_EndMessage,30567602286747650,"Сложные головоломки! Надеюсь, эти отвлечения помогут тебе забыть кое-что другое ;)"
pizarro_dialogue_contents,HAL_T2Hourglass_OnHourglassOpen,24683476207788032,"Старинное устройство для отслеживания времени, какая древность! Наши современные часы куда лучш- погоди, почему оно покраснело...?"
pizarro_dialogue_contents,HAL_T2Sapphire_EndMessage,117095381274189824,"Как же долго... Похоже, терпение и правда окупается! Наслаждайся своим самоцветом."
pizarro_dialogue_contents,HAL_TalkToMe_Puzzle2,78660883989913608,"Зажигать факелы одними лишь словами... возможно, стоит запомнить это имя!"
pizarro_dialogue_contents,HAL_TalkToMe_Puzzle5,78660883989913609,"Все файлы головоломок созданы Desktop Explorer, ты заметил?"
pizarro_dialogue_contents,HAL_TalkToMe_Puzzle8,78660883989913610,"Всё становится немного жутковато... У тебя всё получится! Просто... игнорируй ощущение, что за тобой наблюдают."
pizarro_dialogue_contents,HAL_TalkToMe_Puzzle9,78660883989913611,"Эта атмосфера... заставляет меня хотеть попутешествовать по миру, знаешь? Или во времени, я не знаю!"
pizarro_dialogue_contents,HAL_TalkToMe_PuzzleA2,89085743668912162,"Я тут подумал... тебе стоит быть осторожнее со словами, которые ты используешь. Похоже, они весьма могущественны!"
pizarro_dialogue_contents,HAL_TalkToMe_PuzzleR2,89085743668912164,"Забыть проще, чем простить, и это касается и прощения самого себя."
pizarro_dialogue_contents,HAL_TalkToMe_PuzzleT2,89085743668912163,"Когда время ненадёжно, можешь ли ты доверять собственному чувству времени? Можешь ли ты вообще что-то вспомнить?"
pizarro_dialogue_contents,HAL_TempleIntro_Gatekeep1,30567602282553367,"Эй! Тебе стоит сделать запись в дневнике, прежде чем продолжать. Ну, знаешь... чтобы ничего не забыть ;)"
pizarro_dialogue_contents,HAL_TempleIntro_Gatekeep2,30567602282553368,"Знаю, знаю... история очень интригующая!  Но сначала тебе стоит кое-что записать."
pizarro_dialogue_contents,HAL_TempleIntro_Gatekeep3,30567602282553369,Игнорировать системное уведомление — плохая идея!  Chronolog ждёт!
pizarro_dialogue_contents,HAL_TempleIntro_Gatekeep4,30567602282553370,"Я знаю, что у тебя проблемы с памятью, а не с чтением.  Пожалуйста, следуй системным уведомлениям."
pizarro_dialogue_contents,HAL_Tip_General_1,78660883985719313,"Когда бродишь по интернету, твоя личная история поможет отследить сайты, которые ты уже посещал!"
pizarro_dialogue_contents,HAL_Tip_General_10,78660883985719322,Трудно читать файлы notepage? Текст можно увеличить через вкладку «Вид»!
pizarro_dialogue_contents,HAL_Tip_General_11,89085743668912148,"Помни, что Desktop Explorer сообщает пароли только в этом формате: <b>{format}</b>. Если только тебе не нужно разгадать его самостоятельно"
pizarro_dialogue_contents,HAL_Tip_General_12,89085743668912149,В Notepage можно настраивать текст с помощью определённых тегов. Поэкспериментируй и разгадай их все!
pizarro_dialogue_contents,HAL_Tip_General_13,89085743668912150,Обращай внимание на теги в файлах .stp и их исходный код. Ты можешь использовать их при написании собственных историй!
pizarro_dialogue_contents,HAL_Tip_General_14,89085743668912151,"Ты можешь изменить настройки сети, нажав- погоди, у тебя же нет подключения к интернету! Тогда неважно."
pizarro_dialogue_contents,HAL_Tip_General_15,89085743668912152,"Это скорее человеческая, а не системная подсказка... не забывай делать перерывы!"
pizarro_dialogue_contents,HAL_Tip_General_16,89085743668912153,Для редактирования некоторых файлов требуется разрешение. Можешь попробовать! (тебя сразу же остановят и покажут предупреждение).
pizarro_dialogue_contents,HAL_Tip_General_17,89085743668912154,"Если удалишь файл, необходимый для головоломки Desktop Explorer, просто подожди — он восстановится в своей папке!"
pizarro_dialogue_contents,HAL_Tip_General_2,78660883985719314,"Твоя система NextOS выглядит лучше всего, когда соответствует твоему стилю! Обои всегда можно сменить в Пуск > Параметры."
pizarro_dialogue_contents,HAL_Tip_General_3,78660883985719315,"Если случайно удалишь файл, его всё ещё можно восстановить благодаря Waste Bin!"
pizarro_dialogue_contents,HAL_Tip_General_4,78660883985719316,"Твой микшер громкости позволяет менять уровень разных, отдельных источников звука. Удобно!"
pizarro_dialogue_contents,HAL_Tip_General_5,78660883985719317,Меню «Пуск» в нижнем левом углу содержит ярлыки всех твоих важных программ!
pizarro_dialogue_contents,HAL_Tip_General_6,78660883985719318,Записи Chronolog можно сортировать по дате — по возрастанию или убыванию!
pizarro_dialogue_contents,HAL_Tip_General_7,78660883985719319,"NextAmp будет показывать название музыкального трека каждый раз, когда он играет в твоей системе NextOS!"
pizarro_dialogue_contents,HAL_Tip_General_8,78660883985719320,"Ты можешь ставить на паузу и включать треки, нажимая на значок NextAmp в нижнем правом углу рабочего стола!"
pizarro_dialogue_contents,HAL_Tip_General_9,78660883985719321,"Одновременно можно открыть максимум 10 окон. Память ведь не растёт на деревьях, знаешь ли?"
pizarro_dialogue_contents,HAL_Tip_Puzzle1,78660883985719323,"Если окно слишком маленькое, всегда можно воспользоваться полосой прокрутки, чтобы увидеть всё его содержимое!"
pizarro_dialogue_contents,HAL_Tip_Puzzle2,78660883989913600,"Помнишь, что я говорил про подменю! Обязательно проверяй их, даже в программах вне проводника!"
pizarro_dialogue_contents,HAL_Tip_Puzzle3,78660883989913601,При создании файла StoryTeller+ можно добавлять < ?-- комментарии --> которые не будут показаны в готовой истории. Это только для твоих личных заметок!
pizarro_dialogue_contents,HAL_Tip_Puzzle4,78660883989913602,"Если засомневался в имени файла, который назвал раньше, всегда можно переименовать его через правый клик по значку!"
pizarro_dialogue_contents,HAL_Tip_Puzzle5,78660883989913603,Хочешь узнать дату создания файла? Найди это и многое другое в свойствах — через правый клик по значку!
pizarro_dialogue_contents,HAL_Tip_Puzzle6,78660883989913604,"У твоего проводника много полезных функций на панели меню, обязательно загляни туда!"
pizarro_dialogue_contents,HAL_Tip_Puzzle8,78660883989913605,"Навигация проводника позволяет не только двигаться назад и вперёд, но и подниматься «вверх» по стеку папок!"
pizarro_dialogue_contents,HAL_Tip_Puzzle9_1,80917554548170753,"Окно активно, когда его заголовок окрашен. Так, при наложении окон друг на друга, всегда можно понять, какое из них наверху!"
pizarro_dialogue_contents,HAL_Tip_Puzzle9_2,80917554548170754,А ты знал? В NextOS есть много способов защитить файлы. Значок папки меняется в зависимости от метода!
pizarro_dialogue_contents,HAL_Tip_PuzzleA1,89085743668912155,"Следить за местом на компьютере важно. Ты всегда можешь уменьшить размер файлов, сжав их!"
pizarro_dialogue_contents,HAL_Tip_PuzzleA2,89085743668912156,"Не нравится, как рассказана история? Отредактируй и сохрани файл storyteller+ под свои нужды!"
pizarro_dialogue_contents,HAL_Tip_PuzzleR1,89085743668912159,"Файлы в проводнике можно сортировать разными способами: по имени, по дате... попробуй каждый!"
pizarro_dialogue_contents,HAL_Tip_PuzzleR2,89085743668912160,Хочешь узнать больше о программе? Вкладка Помощь > О программе содержит всю нужную информацию!
pizarro_dialogue_contents,HAL_Tip_PuzzleT1_Step1,93106007390019584,"А ты знал? ColorLens бывает трёх разных цветов! Очень удобно, чтобы яснее видеть цветные детали."
pizarro_dialogue_contents,HAL_Tip_PuzzleT1_Step2,93106007398408192,"Нет, у тебя не двоится в глазах... Один и тот же файл изображения можно открыть несколько раз!"
pizarro_dialogue_contents,HAL_Tip_PuzzleT2,89085743668912158,"Тебе не нужно доставать калькулятор из ящика — он есть прямо здесь, в NextSum!"
pizarro_dialogue_contents,Halibut_Cutscene_Intro1,30419310978523137,"Привет! Спасибо, что установил Desktop Explorer!"
pizarro_dialogue_contents,Halibut_Cutscene_Intro10,30419310978523146,Твоя цель — найти <b>{password}</b> и разблокировать папку со следующей головоломкой!
pizarro_dialogue_contents,Halibut_Cutscene_Intro11,30419310978523147,Но так легко будет не всегда.
pizarro_dialogue_contents,Halibut_Cutscene_Intro12,30419310982717440,И ещё: подменю — твои друзья!
pizarro_dialogue_contents,Halibut_Cutscene_Intro13,30419310982717441,"У большинства программ есть подменю. Эти инструменты могут пригодиться, знаешь ли?"
pizarro_dialogue_contents,Halibut_Cutscene_Intro14,30419310982717442,"Кто знает, что ты можешь там найти?"
pizarro_dialogue_contents,Halibut_Cutscene_Intro15,30419310982717443,Эти головоломки проверят твою способность мыслить нестандартно!
pizarro_dialogue_contents,Halibut_Cutscene_Intro16,30419310982717444,Весь мир у твоих ног!
pizarro_dialogue_contents,Halibut_Cutscene_Intro17,30419310982717445,Будь изобретательным и получай удовольствие! Старайся не отставать и запоминай в-<?resumeCutscene>
pizarro_dialogue_contents,Halibut_Cutscene_Intro18,30419310982717446,"<notype>Я позабочусь о том, чтобы это никогда не забылось.</notype>"
pizarro_dialogue_contents,Halibut_Cutscene_Intro19,30419310982717447,<notype>Будь изобретательным и получай удовольствие! Старайся не отставать и запомин</notype>ай все детали!
pizarro_dialogue_contents,Halibut_Cutscene_Intro2,30419310978523138,"Погоди-ка, я тебя помню! А ты меня помнишь? Это же твой старый друг Pizarro!"
pizarro_dialogue_contents,Halibut_Cutscene_Intro20,30419310982717448,"Не торопись, мой друг. Удачи!"
pizarro_dialogue_contents,Halibut_Cutscene_Intro3,30419310978523139,"Ах, я тебя не виню... В конце концов, прошло немало времени, не так ли?"
pizarro_dialogue_contents,Halibut_Cutscene_Intro4,30419310978523140,"Я пройдусь по всему заново, как будто ты устанавливаешь Desktop Explorer впервые."
pizarro_dialogue_contents,Halibut_Cutscene_Intro5,30419310978523141,*кхм*
pizarro_dialogue_contents,Halibut_Cutscene_Intro6,30419310978523142,"Desktop Explorer работает лучше всего, когда понимает потребности пользователя. Посмотрим, с чем мы имеем дело..."
pizarro_dialogue_contents,Halibut_Cutscene_Intro7,30419310978523143,"Ого! Вижу, ты вполне обычный пользователь! В этом нет ничего плохого."
pizarro_dialogue_contents,Halibut_Cutscene_Intro8,30419310978523144,Тебе предложат головоломки на тему базового использования компьютера. Довольно простые вещи!
pizarro_dialogue_contents,Halibut_Cutscene_Intro9,30419310978523145,Головоломки будут выглядеть примерно так.
pizarro_dialogue_contents,Halibut_Cutscene_PodiumEnd,30479295196422146,Что-то происходит!
pizarro_dialogue_contents,Halibut_Cutscene_ShowIntro20,30419310982717449,"И ещё! Я заметил, что мы сейчас на прямом показе! Как волнительно!"
pizarro_dialogue_contents,Halibut_Cutscene_ShowIntro21,30419310982717450,"Я включу таймер для твоей демоверсии. Когда он дойдёт до нуля, нам придётся попрощаться."
pizarro_dialogue_contents,Halibut_Cutscene_ShowIntro22,30419310982717451,Таймер запускается прямо сейчас!<?startShowCountdown> Удачи!
pizarro_dialogue_contents,MAX_AdminCipher_HiddenFileNudge1,30198891147157504,"Эй! Вернулся за новыми головоломками? Боюсь, ты прошёл всё, что у меня для тебя было... Хотя я и правда нашёл интересный файл, спрятанный в твоих документах... Что это такое?"
pizarro_dialogue_contents,MAX_AdminCipher_HiddenFileNudge2,30198891147157505,"Привет снова! Ты уже разобрался, что это за спрятанный файл в твоих документах? Выглядит интересно..."
pizarro_dialogue_contents,MAX_HaventReadMazeStp,119908035604766720,"Чего ты ждёшь? Тебе стоит прочитать файл .stp, который я для тебя приготовил. Это единственный способ начать своё приключение!"
pizarro_dialogue_contents,MAX_TalkToMe_Arcade,93106007402602498,Тебе ведь всегда нравились игры? Вот в одну ты сейчас и играешь! У тебя отлично получается.
pizarro_dialogue_contents,MAX_TalkToMe_Corkboard,93106007402602500,"Мне жаль, что до этого дошло."
pizarro_dialogue_contents,MAX_TalkToMe_MagicStore,93106007402602497,"Лучшее в фокусе — когда всё происходит не так, как ты ожидаешь! Тебе удалось увидеть джокера?"
pizarro_dialogue_contents,MAX_TalkToMe_Prologue,89085743668912217,"Нелегко поддерживать всё это без подключения к интернету. Надеюсь, ты это ценишь!"
pizarro_dialogue_contents,MAX_TalkToMe_UnderConstruction,93106007402602499,"Знаю, наверное, было тяжело увидеть то, что ты увидел в этом торговом центре. Держись, ты почти у цели."
pizarro_dialogue_contents,MAX_TalkToMe_VHSStore,93106007402602496,"Фильмы в Video Store выглядели довольно круто, не находишь? Я слышал о них много хорошего!"
pizarro_dialogue_contents,Max_AfterArtShop_Reminder,96055009186144256,"Не знаешь ли ты место, где твои новые цвета из Sketchy могли бы быть оооочень полезны?"
pizarro_dialogue_contents,Max_AfterMaze_Reminder,96055009186144258,"Отлично! Теперь ты снова сможешь войти в NextRooms — ну знаешь, со своими учётными данными. Как только окажешься там, тебя ждёт ещё больше головоломок!"
pizarro_dialogue_contents,Max_AfterPhotoLab_Reminder,96055009186144257,"Похоже, ты нашёл все моментальные фото! Стоит вернуться в свою комнату, чтобы их рассмотреть."
pizarro_dialogue_contents,Max_Arcade_CopperBoxReaction,98876838418309120,100 билетов!? Вот это эксклюзив! Ты тут застрянешь на часы!
pizarro_dialogue_contents,Max_Arcade_SoldOutReaction,98876838422503424,"Погоди-ка... ты купил вообще всё? Впечатляет! Прирождённый комплитист, да?"
pizarro_dialogue_contents,Max_BrokenCircuitsA_Solve,89085743668912167,"Ой! Кажется, в атриуме торгового центра что-то изменилось!"
pizarro_dialogue_contents,Max_Cutscene_Intro1,30567602286747660,"Привет, и спасибо, что установил Desktop Explorer!"
pizarro_dialogue_contents,Max_Cutscene_Intro10,30567602286747669,"И увидеть, что твои друзья на самом деле дум-<?resumeCutscene> "
pizarro_dialogue_contents,Max_Cutscene_Intro10.2,105904007225008128, НЕ УДАЁТСЯ УСТАНОВИТЬ ПОДКЛЮЧЕНИЕ К ИНТЕРНЕТУ
pizarro_dialogue_contents,Max_Cutscene_Intro11,30567602286747670,У меня небольшие проблемы с настройкой следующих головоломок. О нет!
pizarro_dialogue_contents,Max_Cutscene_Intro12,30567602286747671,"Ой, не переживай за меня. У меня есть пара тузов в рукаве!"
pizarro_dialogue_contents,Max_Cutscene_Intro15,30861303227604992,"Не торопись, дружище. Удачи!"
pizarro_dialogue_contents,Max_Cutscene_Intro3,30567602286747662,"Эй! Снова привет :) Я не особо ожидал, что ты вернёшься... Вот это сюрприз!"
pizarro_dialogue_contents,Max_Cutscene_Intro4,30567602286747663,Давно не виделись. Как насчёт повторного прохождения?
pizarro_dialogue_contents,Max_Cutscene_Intro5,30567602286747664,"Я пройдусь по всему заново, как будто ты устанавливаешь Desktop Explorer впервые"
pizarro_dialogue_contents,Max_Cutscene_Intro6,30567602286747665,*кхм*
pizarro_dialogue_contents,Max_Cutscene_Intro7,30567602286747666,"Desktop Explorer работает лучше всего, когда понимает потребности пользователя.  Посмотрим, с чем мы имеем дело..."
pizarro_dialogue_contents,Max_Cutscene_Intro8,30567602286747667,"Понятно, тебе правда нравится рисовать и сидеть в интернете, да? Ещё ты, похоже, довольно активен в чатах!"
pizarro_dialogue_contents,Max_Cutscene_Intro9,30567602286747668,"Тебе предложат головоломки, связанные со Sketchy и NextRooms. Готовься проверить свой талант художника!"
pizarro_dialogue_contents,Max_Elevator_MustWriteChronolog1,89085743668912172,Ты просто пролетаешь через все головоломки! Знаешь что? Почему бы не написать об этом в дневнике?
pizarro_dialogue_contents,Max_Elevator_MustWriteChronolog2,89085743668912173,"Ах да! Я тоже хочу увидеть второй этаж! Но сначала тебе стоит сделать запись в дневнике, это важно!"
pizarro_dialogue_contents,Max_Elevator_MustWriteChronolog3,89085743668912174,"Игнорировать системное уведомление — не лучшая идея! Может, откроешь Chronolog ради старого доброго друга?"
pizarro_dialogue_contents,Max_Elevator_MustWriteChronolog4,89085743668912175,"Я знаю, у тебя есть склонность к непослушанию. Не стоит вести себя так здесь. Пожалуйста, сделай запись в дневнике."
pizarro_dialogue_contents,Max_ExhaustedTips_1,89085743668912185,"Ой-ой! У меня больше нет системных подсказок <b>на данный момент</b>. Но я могу повторить последние, если попросишь ещё одну!"
pizarro_dialogue_contents,Max_ExhaustedTips_2,89085743668912186,"Больше нет системных подсказок <b>на данный момент</b>! Можешь попросить ещё одну, но я просто повторю то, что ты уже слышал."
pizarro_dialogue_contents,Max_ExhaustedTips_3,89085743668912187,"Внимание! Системных подсказок больше нет <b>на данный момент</b>. Если попросишь ещё одну, я повторю уже известные подсказки. Вот незадача!"
pizarro_dialogue_contents,Max_FemurRoom_MusicPlay,89085743668912183,"Ох, эта музыка довольно резкая! Может, это на любителя?"
pizarro_dialogue_contents,Max_GameBagels_Finish,93108387754008576,"Ого, милый сайт! Надеюсь, там есть подсказки для многих головоломок!!"
pizarro_dialogue_contents,Max_GameBagels_Start,93106007398408193,"Отличная работа с фотографиями, которые ты уже нашёл! На некоторых из них, похоже, что-то написано, странно..."
pizarro_dialogue_contents,Max_MagicStore_OpeningCardWithNoRabbit,116516629032984576,"Ой, какая милая рубашка карты! Обожаю кроликов. Кажется, я видел рисунок одного в атриуме торгового центра! Стоит проверить."
pizarro_dialogue_contents,Max_MaxRoom_MusicPlay,89085743668912182,"Эм... эта музыка какая-то странная. Уверен, что-то не так."
pizarro_dialogue_contents,Max_MissingPolaroidsFirstFloor_Reminder,113239780781711360,"Погоди... Кажется, на этом этаже больше нет фотографий, которые можно найти. Предлагаю вернуться на первый этаж и закончить начатое!"
pizarro_dialogue_contents,Max_NextRoomSequenceBreak_Reminder,109230364143116288,"Хм! Я был уверен, что тебе понадобится помощь с паролем! Ну ладно... странно..."
pizarro_dialogue_contents,Max_NonogramDoor_InteractFirstTime,89085743668912178,"Обожаю эту дверь! Очень в духе головоломок, напоминает мне о чём-то из твоего дневника! Не то чтобы я его читал."
pizarro_dialogue_contents,Max_PhotoLab_EnterFirstTime,89085743668912179,"Эта головоломка немного длиннее остальных. Но предупреждаю! Она ведёт к тому, о чём ты можешь пожалеть. Держись!"
pizarro_dialogue_contents,Max_Polaroids_Solve,89085743668912180,"Теперь ты видишь, в чём была проблема с самого начала. Мне очень жаль."
pizarro_dialogue_contents,Max_TheEnd_Congrats,89085743668912181,"Вот и всё, это был Desktop Explorer! Надеюсь, теперь ты знаешь больше не только о своём компьютере, но и о себе."
pizarro_dialogue_contents,Max_TimeMazeA_EnterFirstTime,89085743668912166,"Ого, не думаю, что здесь живёт какой-то сосед... Что это такое? "
pizarro_dialogue_contents,Max_TimeMazeA_EnterSecondTime,89085743668912168,"Эй! Знаю, ты, наверное, занят... но, пожалуйста, помоги мне вот с этим! Что ты видишь на этом изображении?"
pizarro_dialogue_contents,Max_TimeMazeA_EnterSecondTime_AnswerA,89085743668912169,Птица
pizarro_dialogue_contents,Max_TimeMazeA_EnterSecondTime_AnswerB,89085743668912170,Череп
pizarro_dialogue_contents,Max_TimeMazeA_EnterSecondTime_Response,89085743668912171,"А! Теперь вижу, спасибо!"
pizarro_dialogue_contents,Max_TimeMazeA_OpenStp,97971931758714880,"StoryTellers в NextRooms, да? Готов поспорить, такого ты раньше не видел!"
pizarro_dialogue_contents,Max_Tip_Arcade,89085743668912210,"Бывало, что файл нравился тебе настолько, что хотелось иметь два таких? Можешь продублировать его правым щелчком по иконке! Ого!"
pizarro_dialogue_contents,Max_Tip_BrokenCircuitsA,89085743668912205,Хочешь добавить мелкие детали? В Sketchy всегда можно настроить размер кисти!
pizarro_dialogue_contents,Max_Tip_Corkboard,89085743668912215,"Файлы в проводнике можно сортировать по-разному, например по имени или по дате!"
pizarro_dialogue_contents,Max_Tip_General_1,89085743668912188,"Как только войдёшь в NextRoms, он больше не спросит твои учётные данные!"
pizarro_dialogue_contents,Max_Tip_General_10,89085743668912197,"Хочешь узнать название трека? Обращай внимание на то, что говорит NextAmp каждый раз, когда играет песня!"
pizarro_dialogue_contents,Max_Tip_General_11,89085743668912198,Это обязательный человеческий совет! Не забывай делать перерывы!
pizarro_dialogue_contents,Max_Tip_General_12,89085743668912199,"Помни, что можешь щёлкнуть по мне или по иконке лампочки. Мне без разницы!"
pizarro_dialogue_contents,Max_Tip_General_13,89085743668912200,"Если рисунок тебя когда-нибудь разозлит, используй опцию «очистить всё» в Sketchy. Ты заслуживаешь начать с чистого листа."
pizarro_dialogue_contents,Max_Tip_General_2,89085743668912189,"Если нужно закрасить тени в Sketchy, можно использовать более тёмный оттенок цвета. Попробуй!"
pizarro_dialogue_contents,Max_Tip_General_3,89085743668912190,"Если сложно рисовать точные фигуры в Sketchy, всегда можно воспользоваться инструментом «штампы»! "
pizarro_dialogue_contents,Max_Tip_General_4,89085743668912191,"Чтобы навестить соседа в NextRooms, просто нажми на иконку «Соседи» в левом верхнем углу и выбери его имя!"
pizarro_dialogue_contents,Max_Tip_General_5,89085743668912192,Упустил какую-то деталь в прошлом разговоре в NextRooms? Нажми на иконку «Чат-логи» в левом верхнем углу!
pizarro_dialogue_contents,Max_Tip_General_6,89085743668912193,"Используй иконку «Этажи» в левом верхнем углу NextRooms, чтобы перемещаться между локациями!"
pizarro_dialogue_contents,Max_Tip_General_7,89085743668912194,"Помни, что ссылки в WebSurfer становятся фиолетовыми, если ты их уже посещал. Довольно удобно!"
pizarro_dialogue_contents,Max_Tip_General_8,89085743668912195,"Ты всегда можешь изменить время, через которое появляется заставка."
pizarro_dialogue_contents,Max_Tip_General_9,89085743668912196,В Sketchy инструмент «заливка» — лучший способ закрасить рисунок выбранным цветом.
pizarro_dialogue_contents,Max_Tip_MagicStore,89085743668912208,"Так много файлов, так много имён... ты всегда можешь переименовать любой из них правым щелчком по иконке!"
pizarro_dialogue_contents,Max_Tip_NonogramDoor,89085743668912213,Инструмент «заливка» в Sketchy закрашивает всё пространство выбранным цветом! Довольно полезно.
pizarro_dialogue_contents,Max_Tip_PetStore,89085743668912207,Инструмент «ластик» в Sketchy работает точно как кисть! ...только стирает.
pizarro_dialogue_contents,Max_Tip_PhotoLab,89085743668912214,"Помни, что Notepage не только для чтения... в нём ещё можно писать заметки! Удобно, чтобы ничего не забыть, понимаешь?"
pizarro_dialogue_contents,Max_Tip_Prologue,89085743668912203,"Уходишь ненадолго? Не забудь сменить заставку в Пуск > Настройки, чтобы украсить свою комнату!"
pizarro_dialogue_contents,Max_Tip_TimeMazeA,89085743668912204,"Погоди, который час? Помни, настройки даты и времени — в правом нижнем углу экрана!"
pizarro_dialogue_contents,Max_Tip_TimeMazeBArtShop,89085743668912209,"Когда нет подключения к интернету, WebSurfer2 постарается всё равно показать данные, сохранённые в кэше компьютера!"
pizarro_dialogue_contents,Max_Tip_UnderConstruction,89085743668912212,"А ты знал? ColorLens работает в NextRooms! ... стоп, ты уже знал? ну и ладно, всё равно это круто, окей?"
pizarro_dialogue_contents,Max_Tip_VHSStore,89085743668912206,"Некоторые предметы в твоём инвентаре NextRooms уникальны! Если подберёшь другой вариант того же предмета, он заменит прежний в папке инвентаря."
pizarro_dialogue_contents,Max_Tip_VendingMachine,89085743668912211,"В NextRooms всегда стоит обращать внимание на окружение. Никогда не знаешь, вдруг найдёшь счастливую монетку!"
pizarro_dialogue_contents,Max_UnderConstruction_GlitchDoor,89085743668912177,"Не хочу быть занудой... но тебе стоит взглянуть на стол ещё раз. Мне жаль, что тебе приходится на это смотреть."
pizarro_dialogue_contents,Max_VendingMachine_TryingToBuyNoMoney,89085743668912176,Как ты собираешься что-то купить без денег? Вместо того чтобы мечтать о наличных — монеты можно найти в колодцах желаний! Ха-ха!
pizarro_dialogue_contents,Misc_ARG_ThirteenEight,17418640025444358,"Дзынь... дзынь... Сейчас 13:08. Вот тебе подарок! <u><link=""archive"">https://archive.org/details/Computer1986_3</link></u>"
pizarro_dialogue_contents,PIZARRO_MAX_INTERLUDE,112078893559570432,"Эй! Кажется, я что-то услышал со стороны лифта"
pizarro_dialogue_contents,SAFE_ADM_end,89085743668912245,чтоТЫ ДЕЛАЕШЬЬ?!!!1???
pizarro_dialogue_contents,SAFE_HAL_duringFolder1,89085743668912251,"Guppy. Ты не понимаешь, что здесь поставлено на карту."
pizarro_dialogue_contents,SAFE_HAL_duringFolder2,89085743668912252,"Это файлы твоего дяди Хэла. Они портили ему жизнь, заставляя цепляться за прошлое. Ему ПРИШЛОСЬ забыть."
pizarro_dialogue_contents,SAFE_HAL_duringFolder3,89085743668912253,"Тебе никогда не понять вину твоего дяди. Удаляя эти файлы, ты обрекаешь на гибель тот самый инструмент, который его спас. Ты даже не знаешь, стоило ли его вообще спасать."
pizarro_dialogue_contents,SAFE_HAL_duringFolder4,89085743668912254,"Я помог каждому из них побороть свою натуру. Твоя натура — лезть в то, что тебе неподвластно. Ты всё только испортишь."
pizarro_dialogue_contents,SAFE_HAL_end,89085743668912255,Тебе нужно наУЧИТЬСЯ ОТПУСКАТЬ.ТЫНЕ МОЖЕШЬ ДЕРЖАТЬВСЁ ПОДКОНТРОЛЕМ
pizarro_dialogue_contents,SAFE_MAX_duringFolder1,89085743668912246,ПрИвет! Гуппи! Снова здравствуй! Это безопасный режим компьютера! NextOS запускает его при возникновении критической ошибки.
pizarro_dialogue_contents,SAFE_MAX_duringFolder2,89085743668912247,"Вижу, ты нашёл файлы компилятора Desktop Explorer! С этим не стоит играться. Ты только что удалил модуль Эммета Саундера!"
pizarro_dialogue_contents,SAFE_MAX_duringFolder3,89085743668912248,"Благодаря тебе больше никто и никогда не увидит его последние слова! Хотя, знаешь, ничего ценного не потеряно."
pizarro_dialogue_contents,SAFE_MAX_duringFolder4,89085743668912249,"Как насчёт того, чтобы вернуться в твой профиль? Я могу восстановить любой файл, который ты ищешь."
pizarro_dialogue_contents,SAFE_MAX_end,89085743668912250,если ты удаляешь модУЛЬ ПОЛЬЗОВАТЕЛЯ ТЫУДАЛЯЕШЬ ЧАСТЬ DESKTOP EPXLRE
stp_contents,,33331024246071296,"Бесцельные скитания выводят тебя через аварийный выход заброшенного торгового центра. Перед тобой на луже крови лежит камера. Это уже второй раз, когда ты видишь подобную картину, и интуиция подсказывает тебе, что этот кровавый след встретится ещё во многих местах по всему торговому центру.
 
Эта сломанная камера наверняка запечатлела трагедию, произошедшую здесь. Раньше в ней помещалось до <glow>девяти моментальных фотографий</glow>, последняя из которых так и осталась висеть в лотке камеры. Ты забираешь эту фотографию с собой, рассчитывая позже увидеть её на <glow>доске в своей комнате</glow>.

Внезапно решив доказать свою храбрость, <wave a=0.3>ты уверен, что тебе нужно найти фотографии, сделанные этой камерой, и разобраться, <shake a=0.3>что произошло.</shake></wave>"
stp_contents,,33331024246071298,"Это внешняя часть башни, она жутковатая"
stp_contents,,33331024246071299,"Путник добрался до первого этажа башни.
Факелы освещают главный зал. Путник осматривается и записывает в свои заметки:
”{desc_towerF1_mainHall_gate}

Слева я чувствую пульсирующую энергию. {desc_towerF1_mainHall_left}
Справа я ощущаю приглашение. {desc_towerF1_mainHall_right}”"
stp_contents,,33331024246071300,"Ого, здесь есть сфера"
stp_contents,ADM_BlindImage,55069807853166595,"Путника встречает картина, занимающая всю заднюю стену комнаты. 

Путник не может писать в своих заметках, <swing a=0.5>так как не может отвести взгляд от обрамлённого <redden>ПОРТРЕТА</redden>.</swing> У путника возникает желание закрыть взгляд <glow><u><link=""img:towerF1_portrait/shieldingHand.img"">своей рукой</link></u></glow>."
stp_contents,ADM_CrystalClearFog,55069807853166594,"Путник стоит перед столом, в центре которого находится шар.

По комнате пульсирует энергия. Путник записывает в заметках:

<wave a=0.5 f=0.5>”Присутствие мистических искусств на первом этаже Башни удивляет меня.
Тяжёлый фолиант и потрёпанные знамёна украшают комнату изображениями, недоступными моему пониманию.

<color=#0000FF><?-- Похоже, фолиант рассказывает о существе, чьё число ног меняется утром, днём и вечером… --></color>

Инстинкты подсказывают мне, что шар хранит знание, которого мне не хватает.”</wave>"
stp_contents,ADM_DawnsTwilight,55069807853166592,"После бесчисленных бессонных ночей путник достигает своей цели.

Путник повторяет мантру:

<wave a=0.5 f=0.5>Солнце заходит для всех нас, но лишь знание дарует нам покой.</wave>

Путник записывает в своих заметках:

<wave a=0.5 f=0.5>«В этой экспедиции я докажу себе, на что способен. Нужно взойти на эту Башню и найти смысл всего этого.»</wave>

Путник не боится высоты этого сооружения. Именно это в итоге станет его погибелью, ведь единственное, что выше этого монумента — его собственная <redden>гордыня.</redden>"
stp_contents,ADM_SealedCalling,55069807853166593,"Путник входит на первый этаж башни. Факелы освещают главный зал. 

Путник осматривается и записывает в заметках:

<wave a=0.5 f=0.5>”Железные ворота не дают мне начать подъём. Нужно найти способ их открыть.

Слева я чувствую пульсирующую энергию. <shake a=0.3>Её ритм напоминает дыхание человека.</shake>

Справа я ощущаю приглашение. <shake a=0.3>Его притягательность напоминает взгляд человека.</shake>""</wave>"
stp_contents,ADM_TactileVision,55069807853166596,"Путник закрывает глаза.

Путник вновь не может писать в заметках, <swing a=0.5>но его мысли освободились от взгляда картины.</swing> Путник думает про себя:

<wave a=0.5 f=0.5>""Нужно держать картину закрытой, чтобы сохранять самообладание. Чтобы исследовать эту комнату, придётся ползти по <color=#F9A31B>FLOOR</color>. На ощупь (<color=#BC4A9B>FEEL</color>) он холодный.""</wave>"
stp_contents,ADM_Tower_guppy,60555190292439040,"Король и его конь, презираемые королевой. Король сбежал к старому дереву. Королева хочет избавиться от него и готовит засаду, но должна успеть за один ход, иначе король сбежит, если выбрать неверный ход. : ТРЕБУЕТСЯ ДОРАБОТКА С НОВЫМ РЕШЕНИЕМ ГОЛОВОЛОМКИ? :"
stp_contents,ADM_Tower_mainHall,37317187235471362,"Путник добрался до первого этажа башни.
Факелы освещают главный зал. Путник осматривается и записывает в свои заметки:
”{desc_towerF1_mainHall_gate}

Слева я чувствую пульсирующую энергию. {desc_towerF1_mainHall_left}
Справа я ощущаю приглашение. {desc_towerF1_mainHall_right}”"
stp_contents,ADM_Tower_orbRoom,37317187235471363,"Ого, здесь есть сфера"
stp_contents,ADM_Tower_outside,37317187235471361,"Это внешняя часть башни, она жутковатая"
stp_contents,ADM_Tower_portraitRoom,37719637952028672,"Путника встречает картина, занимающая всю заднюю стену комнаты. Путник не может ничего записать в заметки, {desc_towerF1_eyeNotes}. Путника охватывает желание заслонить взгляд <glow><u><link=""img:towerF1_portrait/shieldingHand.img"">рукой</link></u></glow>.

{desc_towerF1_sight} {desc_towerF1_torch} {desc_towerF1_lever}"
stp_contents,ADM_TwilightsDawn,55069807853166597,"Одолев бесконечные ступени, путник ступает на последний этаж Башни.

Путник повторяет мантру, в которую больше не верит:

<wave a=0.5 f=0.5>Солнце заходит для всех нас, но лишь знание дарует нам покой.</wave>

Путник в последний раз записывает в заметках:

<wave a=0.5 f=0.5>""Мои поиски знания завершены. Не знаю, стоило ли достижение вершины всех моих потерь.""</wave>

Но путник знал. Путник закрывает глаза и встаёт перед пропастью Башни. <redden>Оно того совсем не стоило.</redden>

<glow>Конец.</glow>"
stp_contents,BloodyCamera_Contents,32951629513744384,"Бесцельные скитания выводят тебя через аварийный выход заброшенного торгового центра. Перед тобой <shake a=0.3>на луже крови лежит камера.</shake> Это уже второй раз, когда ты видишь подобную картину, и интуиция подсказывает тебе, что <swing a=0.5>этот кровавый след встретится ещё во многих местах по всему торговому центру.</swing>

Эта сломанная камера наверняка запечатлела трагедию, произошедшую здесь. Раньше в ней помещалось до <incr>девяти моментальных фотографий</incr>. Одна из них лежит прямо здесь, на полу. Ты забираешь эту фотографию с собой, рассчитывая позже увидеть её на <incr>доске в своей комнате</incr>.

Внезапно решив доказать свою храбрость, ты уверен, что <swing a=0.5>тебе нужно найти все фотографии, сделанные этой камерой, и разобраться, что произошло.</swing>"
stp_contents,Corkboard_SolvingACase,40547678826782724,"Сколько бы ты ни пытался(лась) избегать фактов, <shake a=0.3>кошмары всегда будут возвращаться, чтобы утянуть тебя на дно.</shake> Больше нельзя отрицать <redden>правду.</redden>"
stp_contents,Default_StoryTeller_New,83799464739856385,"<wave a=0.3>Добро пожаловать в Storyteller+!</wave>

Перейди в Вид>Исходный код и начни писать свою историю!"
stp_contents,GUP_GAdmin_Book,83799464744050693,"Король сбежал из своего дворца, и её величество была возмущена его поступком.

Король и его Конь нашли укрытие в гроте неподалёку от окраин королевства.

Однако её величество нашла убежище своего супруга и готовит засаду.

Если она не схватит его одним стремительным ударом, он сбежит на своём коне и предупредит королевство об этой измене."
stp_contents,GUP_GAdmin_Room,83799464744050692,"Путешественница застигнута врасплох своим нынешним положением. 

Путешественница пишет в своих записях:

<wave a=0.5 f=0.5>«В этом испытании я докажу себе, что была неправа. Поиск смысла всего этого никогда не был моей целью».</wave>

Путешественница видит лишь небольшую комнату с тем, что похоже на <swing a=0.5>неудавшуюся попытку трансмутации.</swing>

Модель шахматной фигуры и <incr>сапфировое зеркало</incr> прикручены к столу. Отражение фигуры изменено по цвету.

<color=#0000FF><?-- Это зеркало уже используется. Понадобится ещё одно, чтобы воспользоваться его эффектом. --></color>

Есть также книга с описанием <shake a=0.3>королевской задачи</shake>."
stp_contents,GUP_GHalibut_journalNotes,55069807853166600,"кажется, я нашёл кое-что интересное. история, высеченная на каменной плите. здесь три любопытных отметки. они важны, ого!"
stp_contents,GUP_GHalibut_sunkenMemories,83799464744050690,"Ты плывёшь к череде туннелей из обломков. Если бы не пузырьки вокруг тебя, <shake a=0.3>ты бы не отличил верх от низа.</shake>

Внутри почти не узнать тот корабль, каким он был когда-то. Ты начинаешь размышлять о его прошлых плаваниях. Сколько узлов он проходил? Какой была команда? Может, это лишь твоё воображение, но ты будто слышишь в голове их матросские песни.

<color=#0000FF><?-- ""Сквозь приливные <b>волны</b> и адское <b>пламя</b>, <b>луна</b> поведёт паруса этого корабля..."" --></color>

Помнит ли кто-нибудь это судно? Где они все теперь? <redden>Хоть кому-то есть до этого дело?</redden>"
stp_contents,GUP_GHalibut_underwaterRuins,83799464744050689,"<wave a=0.5 f=0.5>Ты под водой.</wave> Сильные течения утащили тебя на дно океана прежде, чем ты успел осознать, что стоял на его берегу. Удивительно, но ты не чувствуешь потребности хватать ртом воздух, пока <shake a=0.3>твои лёгкие наполняются солёной водой.</shake> 

Тебя окружают руины забытой цивилизации. На стенах изображены указания, ссылающиеся на вещи не от мира сего, и, что важнее всего, <swing a=0.5>все они, похоже, указывают на затонувший корабль.</swing>

<color=#0000FF><?-- Затонувший корабль можно найти там, где хранились воспоминания --></color>

Стены корабля покрыты трещинами. Похожи ли они на деревянные доски или на что-то большее — всё дело в <incr>ракурсе.</incr> Ты даже можешь найти <incr>закономерности</incr> между ними и символами, написанными на стенах."
stp_contents,GUP_GMax_Mural,83799464744050691,"<wave a=0.5 f=0.5>Из-за бесцельных скитаний или нездорового любопытства ты всегда оказываешься в подобных местах.</wave>

Стоя в этой лавке, ты задумываешься о самовыражении через искусство. Картины часто возвращают к жизни самые сильные воспоминания, но <shake a=0.3>задумывался ли ты когда-нибудь, что именно ты на самом деле переживаешь заново?</shake>

Если цепляние за прошлое способно причинить столько <redden>вреда</redden>, не лучше ли просто 

<color=#9800a8><magicword>сжечь всё дотла</magicword></color>?"
stp_contents,GUP_GMax_Mural_CorrectWord,104111633712799747,"""<color=#9800a8><magicword>INANNA</magicword></color>!""

Картина на стене яростно содрогается. Ты закрываешь глаза, ведь опыт подсказывает — этот холст вот-вот вспыхнет пламенем. Однако в костёр превращается корзина для мусора рядом с тобой.

Какие бы файлы, фотографии или воспоминания в ней ни хранились, теперь они <redden>потеряны навсегда</redden>. Но между тлеющими угольками на дне корзины что-то поблёскивает. 

Если бы ты могла дотянуться до этого, то перепачкалась бы в саже, но корзина недоступна в твоей <incr>текущей реальности</incr>.

Неважно, <shake a=0.3>не в первый раз тебе восставать из пепла.</shake> 

"
stp_contents,GUP_GMax_Mural_IncorrectWord,104111633712799746,"""<color=#9800a8><magicword>{incorrect_word}</magicword></color>!""

Картина на стене на мгновение содрогается, но больше ничего не происходит. Для того, кто постоянно вмешивался в чужие воспоминания, <shake a=0.3>у тебя самого, похоже, не такая уж хорошая память</shake>. 

Ты снова смотришь на картину. Размышляешь о том, как цепляние за прошлое может причинить столько вреда, и о том, что иногда лучше просто <redden>сжечь всё дотла</redden>.

<color=#0000FF><?-- Тебе следует знать, какое волшебное слово нужно использовать. --></color>"
stp_contents,GUP_GMax_Mural_NoWasteBin,106346962553397248,"""<color=#9800a8><redden>INANNA</redden></color>!""

Ты произносишь верное слово, но огонь ничего не сжигает. 

Ты снова смотришь на картину. Размышляешь о том, как цепляние за прошлое может причинить столько вреда, и о том, что иногда лучше просто <magicword>сжечь всё дотла</magicword>.

<color=#0000FF><?-- Есть мусор, который можно сжечь в другом месте, продолжай исследовать --></color>
"
stp_contents,GUP_GPrologue_maelstrom,83799464744050688,"<wave a=0.5 f=0.5>Ты всегда чувствовал себя не на своём месте.</wave> Несмотря на это, ты по своей воле продолжаешь вторгаться туда, где тебе не рады. <shake a=0.3>Твоя совесть неспокойна, как буря.</shake>

Ты стоишь в <redden>небытии.</redden> Воспоминания о прошлых приключениях наполняют твой разум. Все они сливаются в водоворот сожалений. Подгоняемый неутолимым любопытством, ты вынужден нырнуть в этот вихрь.

Прежде чем сдаться, последнее, что мелькает в твоём сознании, — табличка под моделью корабля.

«<glow>{THESEUS}</glow>, вечный»."
stp_contents,GUP_GPrologue_welcomeAboard,55069807853166599,"ты один. одолеваемый любопытством, ты
поднимаешься на борт большого деревянного корабля перед тобой. он повидал
лучшие дни. 

в поисках себя, тяга к переменам кажется естественной.
ты натыкаешься на табличку с именем корабля.

«<glow>{THESEUS}</glow>, хм» — говоришь ты сам себе. ты так и не 
избавился от привычки думать вслух, даже 
когда рядом никого нет."
stp_contents,HAL_A1Scales_balance,658634694678,"Переступив этот порог, ты сразу же ощущаешь лёгкость. Однако это чувство выходит за пределы твоего физического тела. Ты идёшь по грани между <shake a=0.3>духовной гармонией и вечным отчаянием.</shake>
 
Ты попадаешь в комнату, окружённую религиозными изображениями. В центре покоятся весы с монетами на чашах. На левой чаше — монета с выгравированным сердцем. На правой чаше — монета с символом пера. Весы сейчас {direction}.
 
На весах выгравирован <incr>знакомый символ</incr>.

<color=#0000FF><?-- Ты уже научился раскрывать секреты лунного символа раньше --></color>"
stp_contents,HAL_A1Scales_balance_balanced,24591550959837185,<redden>уравновешены</redden>
stp_contents,HAL_A1Scales_balance_left,24591550951448576,наклонёны <redden>влево</redden>
stp_contents,HAL_A1Scales_balance_right,24591550959837184,наклонёны <redden>вправо</redden>
stp_contents,HAL_A3YellowLockbox_lockbox,658638888961,"В руках у тебя маленький жёлтый сундук с сокровищами. Ты представляешь, что может скрываться внутри: золотые монеты, запретные амулеты, <shake a=0.3>карта отсюда?</shake>
 
Открыв его, ты не находишь ничего, кроме маленькой записки. С ней ничего не поделать, кроме как истолковать её смысл. Что бы это ни значило, ты уверен: получение <glow>этого послания — твоя награда за прохождение пути этого храма.</glow>
 
<color=#0000FF><?-- Да... записка, должно быть, намекает, что сокровище спрятано где-то ещё --></color>"
stp_contents,HAL_P0Prologue_lostOnTheShore,658634694656,"<wave a=0.5 f=0.5>Ты потерян.</wave> Ты оказываешься между морем и пышным лесом, волоча ноги по песку пляжа, которого никогда раньше не видел. Кроме своей смекалки и чувств, у тебя есть только маленький компас, повреждённый при падении. Среди тёмных прибрежных скал ты замечаешь то, что похоже на вход в пещеру.
 
Приблизившись, ты понимаешь, что вход уже, чем ты ожидал. Буквы, написанные на песке, начинают стираться, <shake a=0.3>когда начинается сильный дождь.</shake> Прежде чем укрыться, ты успеваешь прочитать часть надписи. Ты предполагаешь, что это название пещеры: <glow>""{fortuna}""</glow>."
stp_contents,HAL_P1Inanna_inside,658634694657,"Взглянув вверх внутри своего нового укрытия, ты замечаешь несколько трещин между валунами наверху. Ты быстро осознаёшь <shake a=0.3>нехватку естественного света</shake> здесь. Несмотря на то, что в темноте пещеры почти ничего не видно, ты натыкаешься на палку рядом со свёрнутым свитком. Открыв его, ты обнаруживаешь, что он <swing a=0.5>смехотворно длинный.</swing>"
stp_contents,HAL_P1Inanna_stuck,658634694669,"Даже безупречно повторив свой путь назад, ты сомневаешься в своём чувстве направления. Устья пещеры нигде не видно. Лишь найдя на земле свиток с самого начала своего приключения, ты слышишь снаружи шторм. Ты успешно вернулся ко входу, <shake a=0.3>но пейзаж изменился.</shake>
 
Единственный выход из этой пещеры к берегу теперь заменён стенами и <incr>сталагмитами.</incr> На земле лежит какое-то долото. Им можно было бы высечь символы на этом новом пейзаже.

<color=#0000FF><?-- Твои чувства подсказывают, что здесь есть что-то <hidden> --></color>

<color=#0000FF><?-- Ты уже видел сталагмиты раньше --></color>"
stp_contents,HAL_P2Elephant_lightedpath,658634694658,"Едва произнеся прочитанное имя, ты замечаешь, как кончик палки, которую ты держишь, разгорается мягким пламенем. <shake a=0.3>Теперь у тебя в руках факел подозрительного происхождения.</shake> Освещая себе путь, ты продвигаешься в комнату с широкой полосой папируса на полу.
 
Ты замечаешь на нём штрихи и надписи вперемешку с подозрительными на вид сгибами. Ты читаешь: 

<wave a=0.5 f=0.5>«Отвечай быстро, отвечай гордо! Разгадай мою загадку, скажи вслух её твёрдо! Я поливаю цветы своим шлангом, поверишь ли — своим носом это делаю!...»</wave> 

… остальное теряется в <incr>сложенном <формате></incr> бумаги. 

Ответ кроется в этом древнем листе, подумай. Говорят, в зависимости от угла зрения можно <incr>изменить размер</incr> этого <incr>окна</incr> по своему разумению."
stp_contents,HAL_P2PodiumEnd_escaped,658638888968,"Когда все три самоцвета заняли свои законные места, на потолке открылся выход на поверхность. Ты тянешься руками вверх и дотягиваешься до проёма. Наконец-то ты вдыхаешь свежий воздух — впервые с тех пор, как забрался в пещеру. 

Брошенный вниз короткий взгляд посылает мурашки по спине. <shake a=0.3>Знакомое лицо сливается с темнотой отверстия, из которого ты выбрался.</shake> Однако, протерев глаза, ты обнаруживаешь, что смотришь на изломанную поверхность одного из тёмных валунов на побережье. Ни пещеры, ни храма нигде не видно.

С каждым шагом вдоль берега ты забываешь всё больше деталей пережитого. Было ли это реальностью? Твой пульс замедляется под убаюкивающий звук океанских волн. 

<wave a=0.5 f=0.5>Когда сердце больше не может выносить горе, лучше всего его забыть.</wave>

<glow>Конец.</glow>"
stp_contents,HAL_P3FakeWall_detectivememories,658634694659,"Разгадав загадку, сложив папирус, ты видишь, как хобот слона указывает на путь вдали. Он всегда был там? Ты пробираешься через этот проход, ведущий в пустое замкнутое пространство внутри пещеры. <shake a=0.3>Похоже, это тупик.</shake>
 
Как раз когда ты начинаешь терять надежду и собираешься повернуть назад, ты вспоминаешь совет из детективного шоу, которое смотрел в детстве. <wave a=0.5 f=0.5>«Читай между строк и найди <incr><источник></incr> истины, только тогда ты разгадаешь <incr><код></incr>»</wave>. 

Ты думаешь: <wave a=0.5 f=0.5>«На этих пещерных стенах нет никаких строк! Детектив я или нет, что мне теперь делать?»</wave>
 
<color=#0000FF><?-- Слева ты замечаешь, что одна из стен тоньше остальных. На ней высечено слово <b>{SALVE}</b>.--></color>"
stp_contents,HAL_P4Portonus_keystp,12005341020545024,"Ты крепко сжимаешь ключ и концентрируешься. Ты совсем близко, но никак не можешь ясно представить себе <incr>картинку</incr>.
"
stp_contents,HAL_P4Portonus_leftdoor,658634694661,"Открыв её, ты видишь лишь стену с нарисованной на ней рунической надписью. Под руной <swing a=0.5>ты видишь слово на алфавите, который можешь прочесть.</swing> Это название руны?"
stp_contents,HAL_P4Portonus_rightdoor,658634694662,"Открыв её, ты видишь лишь стену с нарисованной на ней рунической надписью. Под руной <swing a=0.5>ты видишь слово на алфавите, который можешь прочесть.</swing> Это как-то связано с другой дверью?"
stp_contents,HAL_P4Portonus_threepaths,658634694660,"Просмотр всех этих детективных шоу определённо окупился. Проведя обеими руками по стене этой пещеры, ты обнаруживаешь, что она отличается от остальных. <shake a=0.3>Достаточно лёгкого толчка, чтобы она рассыпалась.</shake>

За этой хитрой уловкой скрываются три двери. Две из них находятся рядом с тобой, а самая большая — прямо перед тобой. Под центральной дверью лежит жёлтый ключ. Ты пробуешь удачу, используя его, но дверь не поддаётся. <swing a=0.5>На ключе есть гравировка, но её очень трудно разобрать.</swing>

<color=#0000FF><?-- Однако ты еле различаешь слова «an <b>IM</b>a<b>G</b>e is worth a thousand words»--></color>"
stp_contents,HAL_P5CreatedBy_smallroom,658634694663,"Ты изменяешь форму ключа и раскрываешь скрытое в нём послание. Поворачиваешь им замок. <shake a=0.3>За большой центральной дверью находится небольшая каморка, что-то вроде чулана</shake>.

Каменные стены этого помещения полностью покрыты одной и той же высеченной фразой: <wave a=0.5 f=0.5>""ОСМЕЛЬСЯ ПРОИЗНЕСТИ МОЁ ИМЯ"".</wave> Ты по опыту знаешь, что произнесённое вслух слово обладает какой-то силой. Осматривая комнату, ты уверен, что единственный путь вперёд — назвать это имя... каким бы оно ни было.

<swing a=0.5>И всё же, кто написал эти слова?</swing>
 
<color=#0000FF><?-- Они не написали своё имя на стене, но всё же тебе кажется, что ты мог бы понять, кто такой <b><автор></b> этих начертаний --></color>"
stp_contents,HAL_P6FleetingFace_fleetingface,658634694665,"На короткое мгновение ты чувствуешь что-то позади себя. Между трещинами стены ты едва различаешь то, что похоже на человеческую фигуру. Присмотревшись, ты различаешь <shake a=0.3>иссохшее лицо и пару печальных глаз.</shake> Стоит тебе сделать первый шаг навстречу, как незнакомец убегает, оставляя после себя звук перекатывающихся по земле камешков."
stp_contents,HAL_P6FleetingFace_heightenedsenses,658634694666,"Улучшение твоего зрения достигло предела. Темнота всё ещё мешает тебе видеть, но ты чувствуешь себя уверенно, передвигаясь в ней. Ты даже начинаешь замечать детали на стенах вне досягаемости руки. <swing a=0.5>Рядом с собой ты находишь валун с выгравированным предупреждением.</swing>"
stp_contents,HAL_P6FleetingFace_overwhelmingdark,658634694664,"Проведя рукой по стене, ты вдруг ловишь в голове мысль об имени, которое не можешь произнести. Ты закрываешь глаза и коротко встряхиваешь головой. Открыв их снова, <shake a=0.3>ты видишь перед собой самый тёмный проход из всех, что встречались тебе до сих пор.</shake> Ты углубляешься внутрь. Факел, который ты несёшь, едва освещает твою руку, а всё остальное полностью тонет во тьме.

Вскоре ты начинаешь сомневаться в себе и думаешь повернуть назад. Твоё зрение полностью лишается света, когда последняя искра палки угасает. Вместо паники тебя охватывает спокойствие. Каким-то образом ты чувствуешь себя даже более способным раскрыть то, что <incr><hidden></incr> во тьме.

<color=#0000FF><?-- Сосредоточься на своём поле <view> --></color>
 
<color=#0000FF><?-- Есть способ раскрыть то, что не должно быть увидено --></color>"
stp_contents,HAL_P7Sanctum_salagmitesanctum,658634694667,"Ты игнорируешь предупреждение Кассандры и продолжаешь путь, обнаруживая контрастную картину: спокойную, освещённую комнату, окружённую сталагмитами.
 
Ты ясно видишь путь вперёд, но интуиция подсказывает тебе, что <swing a=0.5>эти сталагмиты заслуживают внимания.</swing> Эта короткая передышка успокаивает твою тревогу. Ты идёшь дальше.
 
<color=#0000FF><?-- На некоторых сталагмитах ты видишь высеченные символы. --></color>"
stp_contents,HAL_P8DeadEnd_deadend,658634694668,"Продолжая путь мимо сталагмитов, ты добираешься до ничем не примечательного тупика. Судя по своему опыту в этом исследовании, ты убеждён, что здесь есть нечто большее, чем кажется на первый взгляд.
 
Следующий час ты проводишь, осматривая каждую трещину окружающих тебя стен. <swing a=0.5>Теперь ты можешь быть абсолютно уверен, что пути вперёд нет.</swing>
 
<color=#0000FF><?-- У формации сталагмитов должно быть какое-то назначение --></color>

Почёсывая затылок и раздумывая, что делать дальше, ты слышишь громкий стук <incr>где-то далеко позади в пещере.</incr>

<color=#0000FF><?-- Звук будто донёсся со стороны входа --></color>"
stp_contents,HAL_P9Hanoi_altar,658634694670,"В тот момент, когда ты прекращаешь резьбу, стена перед тобой начинает двигаться. Будто небольшое землетрясение охватывает пещеру, и открывающийся перед тобой пейзаж теперь превращается в длинный зал, похожий на аудиторию или алтарь. <shake a=0.3>Его черты кажутся созданными людьми, но при этом сформированными постоянной эрозией.</shake>
 
В центре ты находишь пустое пространство, окружённое <incr>беспорядочными грудами камней.</incr> На земле выгравировано следующее послание: 

<wave a=0.5 f=0.5>""Когда путь к истине неведом, природа проведёт меня через сложенные камни.""</wave> 

<color=#0000FF><?-- Стоит ли понимать этот совет буквально? Ты находил странные плоские камни по всей пещере... --></color>

Ты задаёшься вопросом, не упускаешь ли ты чего-то здесь. На задней стене комнаты также есть подробная фреска, и ты не можешь избавиться от ощущения, что она скрывает другую историю."
stp_contents,HAL_P9Hanoi_mysteriousquartz,658634694671,"Балансируя камни, ты трещишь что-то внутри них. Они мгновенно рассыпаются, обнажая внутри что-то вроде осколков кварца. Ты подносишь один осколок к глазам и замечаешь самое интересное его свойство: в зависимости от угла, <swing a=0.5>он меняет цвета, словно призма на свету.</swing> Не это ли имела в виду надпись под словом «истина»?
 
Даже фреска на задней стене комнаты выглядит чётче сквозь кварц. Её <incr>символы</incr> сияют разными <incr>цветами.</incr>

<color=#0000FF><?-- Похоже, чтобы выйти отсюда, тебе придётся сделать что-то немного иное --></color>"
stp_contents,HAL_R1SortBy_furnaceroom,658638888965,"Волна жара обрушивается на тебя, едва ты переступаешь порог. Ты оказываешься в чём-то вроде топочной комнаты. <shake a=0.3>Ты изо всех сил стараешься не закрывать глаза.</shake>
 
Сквозь марево зноя ты замечаешь, что под ногами лежат <redden>сотни</redden> горящих углей. Ты едва способен удержать один в руке. Пальцы слегка опухают. Ты пытаешься рассмотреть их сквозь <shake a=0.3>марево зноя.</shake>

На твоей руке — <incr>знакомый символ</incr>.

<color=#0000FF><?-- Ты научился видеть сквозь пламя --></color>"
stp_contents,HAL_R1SortBy_genericcoalStp,105477880350236672,Горящие угли принесут покаяние
stp_contents,HAL_R1SortBy_specialcoalStp,105477880383791104,"Покаяние приходит через <redden>IM</redden>a<redden>G</redden>es, выжженные в твоей памяти.

<incr>
             /\
            /  \
           /    \
          /      \       |
   |     /        \      |
   |    /          \     |   |
--'|--------------------'|--'|---
   |    \          /     |   |
   |     \        /      |
          \      /       |
           \    /
            \  /
             \/
</incr>"
stp_contents,HAL_R2About_corpse,658638888976,"Как только ты прикасаешься к этому безжизненному телу, разум окружают эхом отголоски мыслей. Это были их последние мысли:

<wave a=0.5 f=0.5>«Моя жадность стала моей погибелью. Я не понял желаний фараона, и теперь мне приходится платить за это. Я использую последние силы, чтобы выцарапать на своей коже верные указания. Пусть Бог направит следующего путника на верный путь и смилуется над моей душой.»</wave>

Ты подозреваешь, что в этом безжизненном теле можно найти что-то ещё.

<color=#0000FF><?-- Их рука украшена жутким <u>изображением</u> и <u>запиской</u> --></color>"
stp_contents,HAL_R2About_pillagedTomb_CorrectPhrase,104111633712799745,"""<color=#9800a8><phrase>МЫ НЕПОЛНЫ БЕЗ ТЕБЯ</phrase></color>""

Закрытый саркофаг на мгновение яростно содрогается, отвечая на твой зов. Словно начиная пробуждаться, его правый глаз загорается.

Ты исполнил желание фараона. <shake a=0.3>Почтишь ли ты теперь её наследие?</shake>"
stp_contents,HAL_R2About_pillagedTomb_IncorrectPhrase,104111633712799744,"""<color=#9800a8><phrase>{incorrect_phrase}</phrase></color>"" 

Ничего не происходит. Закрытый саркофаг остаётся неподвижным. Его сплошные глаза ощущаются как древний, пронизывающий взгляд. 

<color=#0000FF><?-- Какую бы фразу ты ни произнёс, она должна прозвучать безупречно, слово в слово. --></color>

На полу лицом вверх лежит иссохший <redden>труп</redden>. <swing a=0.3>Ещё один погибший искатель приключений с <redden>историей</redden>, которую он больше не сможет рассказать.</swing> 

<color=#0000FF><?-- Если бы только мы могли снова прочитать их <b>историю</b>. --></color>

Твоими <shake a=0.3>обожжёнными руками</shake> саркофаг не открыть силой. При внимательном осмотре ты находишь на крышке гроба высеченную <redden>эпитафию</redden>."
stp_contents,HAL_R2About_pillagedtomb,658638888966,"<shake a=0.3>Твоя обожжённая кожа начинает деформироваться, а волдыри на руках складываются в странные формы.</shake> Как будто эти волдыри могли бы складываться в слова. Ты поднимаешь взгляд и видишь путь между миражами зноя.

Словно следуя знакомым шагам, ты натыкаешься на небольшую гробницу с двумя саркофагами. Один из них пуст. У его подножия лицом вверх лежит высохший <redden>труп</redden>. <swing a=0.3>Ещё один погибший путник со <redden>своей историей</redden>, которую он больше не может рассказать.</swing> 

<color=#0000FF><?-- Если бы только мы могли снова прочесть их <b>историю</b>. --></color>

Второй саркофаг плотно закрыт. Открыть его силой твоими <shake a=0.3>обожжёнными руками</shake> не получается. Присмотревшись, ты находишь на крышке гроба высеченную <redden>эпитафию</redden>.
<color=#9800a8><phrase></phrase></color>"
stp_contents,HAL_R3RedLockbox_insidemouth,658638888967,"Похоже, мумия отреагировала на то, что гробница открыта. Словно подчиняясь священному приказу, её рот открывается и наконец замирает неподвижно. <glow>Ты тянешься внутрь и достаёшь красный самоцвет.</glow> Ты знаешь, что этого не может быть, <shake a=0.3>но труп ведёт себя так, будто всё ещё дышит.</shake>
 
Рубиновый камень обжигающе горяч, и его блеск быстро затмевается чувством вины за осквернение человеческих останков. Впрочем, ты вскоре берёшь себя в руки, понимая, что это был необходимый шаг для твоего спасения."
stp_contents,HAL_Stingray_Part1,80792879830654978,"<i>Тень ската</i>
автор — Хэл Уотерс

Жил да был чёрный силуэт, что двигался вдали от берега.
Это была спина ската. Он всегда плавал у самого дна океана. 
Он искал себе семью, но не мог найти похожих на себя.
Он искал других рыб — любых, кто нуждался в том же.

Однажды прекрасная маленькая рыбка кои попросила ската о помощи. «Я не выношу солнца, не поможешь ли ты мне?»
И скат помог. Он проплыл сверху и накрыл прекрасную маленькую рыбку кои тенью.
Его новая подруга была вне себя от радости, и скат поднялся ещё выше. На этот раз он накрыл тенью всех рыбок кои вокруг.
Однако другим рыбам больше нравился солнечный свет. Они спорили, жаловались и в итоге разбрелись.

Прекрасная маленькая рыбка кои осталась одна. Скат уплыл, боясь натворить ещё больше бед."
stp_contents,HAL_Stingray_Part2,80792879830654979,"В другой раз две золотые рыбки попросили ската о помощи. «Солнце слишком яркое, не прикроешь ли ты нас?»
И скат вспомнил. Скат хотел помочь, но не хотел создавать проблемы!
На этот раз он подплыл ближе. Когда золотые рыбки поблагодарили его, скат подплыл настолько близко, насколько мог. 
Но самая старая золотая рыбка плохо видела. Она уплыла ко дну и в итоге потерялась среди песка и обломков.

Самая маленькая золотая рыбка осталась одна. На этот раз, впрочем, скат знал, что ему нужно делать. 
Он будет держаться рядом с золотой рыбкой, он станет её семьёй.
Он не будет уплывать слишком далеко — это могло бы раздражать.
Он не будет подплывать слишком близко — это могло бы пугать.
Всегда над маленькой золотой рыбкой, не слишком далеко, не слишком близко."
stp_contents,HAL_Stingray_Part3,80792879830654980,"Маленькая золотая рыбка поблагодарила ската:
«Ты спас меня. Мне всегда спокойно, когда ты рядом».
Скат рассмеялся и поблагодарил в ответ:
«Малышка, это ты помогла мне найти своё место в море!»

Жил да был чёрный силуэт, что двигался в глубинах океана.
Это была тень ската. Она всегда следовала за золотой рыбкой. 
Он нашёл себе семью, того, о ком мог заботиться. 
Но именно золотая рыбка спасла ската от вечного одиночества.

КОНЕЦ."
stp_contents,HAL_T-A2Spells_floorscratches,24671116097216512,"Ты замечаешь царапины на полу рядом со святилищем. Сейчас это НЕ твоя забота. Возможно, тайна для другой жизни.
<?-- Тебе не хватает знаний, чтобы взаимодействовать с этим конкретным файлом -->"
stp_contents,HAL_T-A2Spells_followingAVoice,24671116097216513,"Щелчок весов запускает открытие в полу. Открывается лестница, ведущая вниз. <shake a=0.3>Стены отзываются каким-то духовным одобрением.</shake> Ты не совсем понимаешь, что это значит.

Слегка затопленный пол встречает тебя внизу. Религиозные надписи на стенах теперь частично покрыты лианами, а на ближайшей стене покоится огромная скульптура головы крокодила. Эта новая комната тёмная, <swing a=0.5>но ты ясно видишь вокруг себя несколько незажжённых факелов.</swing>

Внутри крокодильей пасти что-то есть, но открыть её силой не выходит. Повинуясь наитию, ты громко произносишь: 

“<color=#9800a8><magicword>Abracadabra</magicword></color>!”

<color=#0000FF><?-- Возможно, сработает другое волшебное слово...? --></color>
 
Не повезло. Но ты знаешь — в твоих словах есть <incr>сила</incr>. Снова оглядывая комнату, ты начинаешь что-то вспоминать, что могло бы сработать. 

<color=#0000FF><?-- Не бойся <b>изменять файлы</b> --></color>"
stp_contents,HAL_T-A2Spells_followingAVoice_alternatePwd,658638888971,"«<color=#9800a8><magicword>{incorrect_password}</magicword></color>!»
 
Вся комната на секунду содрогается. <swing a=0.5>Это короткое сотрясение убеждает тебя, что ты на верном пути.</swing> Следы когтей на стене, похоже, уничтожили <incr>определённое изображение.</incr> Может, верное слово связано именно с ним?
 
Религиозные надписи на стенах теперь частично покрыты лозами, а на ближайшей стене покоится большая скульптура головы крокодила. Вокруг себя ты видишь несколько незажжённых факелов. Ты уверен, что в твоих словах есть <incr>сила</incr>. Снова оглядывая комнату, ты начинаешь припоминать кое-что, что могло бы сработать. 

<color=#0000FF><?-- Возможно, сработает другое волшебное слово...? --></color>"
stp_contents,HAL_T-A2Spells_followingAVoice_inanna,658638888973,"«<color=#9800a8><magicword>INANNA</magicword></color>!»

Всё точно так же, как в начале твоего приключения. В тот миг, когда слово срывается с твоих губ, каждый факел вспыхивает огнём! Пока сияние пламени охватывает каждый угол, <shake a=0.3>вода у твоих ног и лозы на стенах таинственным образом исчезают.</shake>

Пасть статуи крокодила открывается, показывая жёлтую шкатулку с замком. Когда ты поднимаешь её, в твоём разуме отчётливо звучат слова:

<wave a=0.5 f=0.5>«Молодец, смышлёное дитя. Используй это знание, чтобы открыть мою шкатулку.»</wave>

<color=#0000FF><?-- Теперь освещённая комната показала больше <b>резьбы</b> над крокодилом, похожей на ту, что на левой стене. Эти изображения сопровождаются <b>новыми пометками</b> рядом с каждой... --></color>"
stp_contents,HAL_T-A2Spells_followingAVoice_kassandra,658638888972,"«<color=#9800a8><magicword>KASSANDRA</magicword></color>!»

Произнося это слово, ты чувствуешь, как сжимается горло. Эхо твоего голоса приносит с собой невыносимый дискомфорт. Всё тело охватывает жар, а зрение застилают горячие слёзы. Ты хватаешь ртом воздух. Инстинктивно оборачиваешься и видишь кого-то — или что-то — корчащееся в боли, похожей на твою. За миг до того, как ты пытаешься закричать от ужаса, всё мгновенно исчезает, когда эхо наконец стихает. Пусть это будет предупреждением: <shake a=0.3>больше так делать не стоит.</shake>

Религиозные надписи на стенах теперь частично покрыты лозами, а на ближайшей стене покоится большая скульптура головы крокодила. Вокруг себя ты видишь несколько незажжённых факелов. Ты уверен, что в твоих словах есть <incr>сила</incr>. Снова оглядывая комнату, ты начинаешь припоминать кое-что, что могло бы сработать. 

<color=#0000FF><?-- Возможно, сработает другое волшебное слово...? --></color>"
stp_contents,HAL_T-A2Spells_followingAVoice_tagsDeleted,658638888970,"Ты безуспешно пытался изменить само это святилище. <redden>Следы когтей</redden> на стенах напоминают тебе <shake a=0.3>ступать осторожно.</shake>

<color=#0000FF><?-- Выбирай слова с умом, с магией шутки плохи --></color>
 
Щелчок чешуи запускает открытие в полу. Открывается лестница вниз. <shake a=0.3>Стены отзываются каким-то духовным одобрением.</shake> Ты не совсем понимаешь, что это значит.

Слегка затопленный пол встречает твой спуск. Религиозные надписи на стенах теперь частично покрыты лозами, а на ближайшей стене покоится большая скульптура головы крокодила. Эта новая комната тёмная, <swing a=0.5>но ты ясно видишь вокруг себя несколько незажжённых факелов.</swing>

Внутри крокодильей пасти что-то есть, но открыть её силой не удаётся. Повинуясь наитию, ты говоришь громко: 

«<color=#9800a8><magicword>Abracadabra</magicword></color>!»

<color=#0000FF><?-- Возможно, сработает другое волшебное слово...? --></color>
 
Не повезло. Однако ты знаешь, что в твоих словах есть <incr>сила</incr>. Снова оглядывая комнату, ты начинаешь припоминать кое-что, что могло бы сработать. "
stp_contents,HAL_T-A2Spells_followingAVoice_wrong,658638888974,"«<color=#9800a8><magicword>{incorrect_word}</magicword></color>!»
 
Твои слова громко разносятся эхом по комнате. Ничего не меняется. Пока твой голос затихает, откуда-то неподалёку доносятся звуки, похожие на торопливые шаги. <shake a=0.3>Кричать в одиночестве в углу древнего храма — не то, что ты назвал бы безопасностью.</shake>
 
Религиозные надписи на стенах теперь частично покрыты лозами, а на ближайшей стене покоится большая скульптура головы крокодила. Вокруг себя ты видишь несколько незажжённых факелов. Ты уверен, что в твоих словах есть <incr>сила</incr>. Снова оглядывая комнату, ты начинаешь припоминать кое-что, что могло бы сработать. 

<color=#0000FF><?-- Возможно, сработает другое волшебное слово...? --></color>"
stp_contents,HAL_T0PodiumIntro_podiumchamber,658634694677,"Из этого зала есть три пути, каждый из которых охраняет каменный страж. Глаз на потолке наблюдает за этой комнатой. Как будто этот высеченный символ желает стать свидетелем твоего решения, как поступить. <shake a=0.3>Выбирай мудро.</shake>
 
За путём 1 наблюдает человек с головой собаки, под его ногами имя <glow>{Anubis}</glow>. Его каменный взгляд напоминает о <shake a=0.3>твоём страхе перед неизвестным.</shake>
 
За путём 2 наблюдает человек с головой ибиса, под его ногами имя <glow>{Thoth}</glow>. Его каменный взгляд напоминает о <shake a=0.3>твоей слабости — склонности поддаваться безумию.</shake>
 
Путь 3 охраняет человек с головой сокола, под его ногами имя <glow>{Ra}</glow>. Его каменный взгляд напоминает о <shake a=0.3>хрупкости человеческого тела.</shake>
 
Перед тобой находится <incr>постамент</incr> с металлической пластиной сверху. На ней изображён скарабей, а также три <incr>отверстия необычной формы</incr>."
stp_contents,HAL_T0PodiumIntro_templeentrance,658634694676,"<wave a=0.5 f=0.5>Ты один.</wave> Перед тобой возвышаются высокие каменные врата. Без сомнения, теперь ты находишься у входа в некое подобие храма. Свет факелов освещает путь впереди. До этого момента твои чувства уводили тебя от опасности. Однако с этого момента, чтобы продолжать, тебе понадобится нечто большее, чем интуиция. 
 
<shake a=0.3>Пещеру Fortuna теперь не узнать, даже по имени.</shake> На двери начертано новое название этого места: <glow>{Shai}</glow>"
stp_contents,HAL_T1Hourglass_sandfalls,658638888962,"Ты подходишь к зеркалу, чтобы разглядеть отражение чётче. Не задумываясь, проводишь пальцами по его поверхности.
 
<shake a=0.3>Зеркало разлетается на осколки.</shake> Каждое зеркало вокруг тебя неожиданно разбивается, обрушивая на тебя потоки песка. Оглядываясь в панике, ты замечаешь высохший труп рядом с его <swing a=0.5>старыми записями</swing>. В его руке что-то есть — <incr>украшенные песочные часы.</incr> Взаимодействие с ними лишь усиливает твоё замешательство. <shake a=0.3>Не играет ли твой разум с тобой злую шутку?</shake>  

<redden>Время</redden> уходит. Ты не желаешь разделить его судьбу, утонув в песке.

<color=#0000FF><?-- На песочных часах ты видишь выгравированный символ воды. --></color>"
stp_contents,HAL_T2HallOfMirrors_hallofmirrors,658638888963,"Ты проходишь сквозь облако дыма, чтобы миновать этот порог. Окутанный ароматом благовоний, ты чувствуешь, как твои чувства сильно затуманиваются, и у тебя кружится голова. Подводит ли тебя память? <shake a=0.3>Сколько ты уже здесь? Ты только что пришёл? Или как раз собирался уходить?</shake>
 
Комната, в которой ты оказался, столь же загадочна, как и твои мысли. Бесчисленные зеркала покрывают стены лабиринта перед тобой. Пройти его без посторонней помощи невозможно. К счастью, в одном из твоих карманов есть фрагменты карты. <shake a=0.3>Были ли они там всегда? А карманы у тебя вообще были всегда?</shake> 

В поле зрения — затуманенное зеркало. На нём выгравирован <incr>знакомый символ</incr>.

<color=#0000FF><?-- Ты уже научился раскрывать секреты символа воды раньше --></color>"
stp_contents,HAL_T3BlueLockbox_lockbox,658638888964,"В руках у тебя маленький синий сундук с сокровищами. Ты представляешь, что может скрываться внутри: древнее знание, погребённые истины, <shake a=0.3>карта к выходу?</shake>
 
Открыв его, ты не находишь ничего, кроме куска угля. Назвать это разочарованием — ничего не сказать. Для чего бы это ни было нужно, ты уверен: получение <glow>этого камня — твоя награда за прохождение пути этого храма.</glow>

<color=#0000FF><?-- Бесполезный камень... возможно, через много лет он будет чего-то стоить --></color>"
stp_contents,HAL_endgame_duaj,658634694672,Тебе не следует <shake a=0.3>здесь рыскать.</shake>
stp_contents,HAL_endgame_sefer,658634694673,"<wave a=0.5 f=0.5>Ты уверен, что вообще должен быть здесь?</wave>"
stp_contents,HAL_introCutscene_countlessRegrets,658634694675,"<notype>Как бы крепко ты ни закрывал глаза, эти образы не</notype> покидают твой разум..."
stp_contents,HAL_introCutscene_intriguingStory,658634694674,<notype>Когда-то давно отважный исследователь вошёл в мир</notype> <wave a=0.2>компьютеров и головоломок</wave>...
stp_contents,JanitorCloset_CrimeScene,27676523875000320,"Каждый инстинкт заставляет тебя бежать, когда <shake a=0.3>безжизненное тело падает на пол перед тобой.</shake> Оно было здесь всегда? Бегство даётся тебе естественно. Ты готов сорваться с места. Но впервые в жизни ты останавливаешься и задумываешься, от чего именно ты бежишь.

Кто эти жертвы? Как ты оказался <shake a=0.3>посреди такого количества страданий?</shake> Если ты ничего не сделаешь, <shake a=0.3>когда это вообще прекратится?</shake> Если ты сбежишь в неведении, <shake a=0.3>когда ты перестанешь так поступать?</shake> Когда ты наконец предпримешь <redden>действие</redden>?"
stp_contents,MAX_P0Prologue_desperate_steps,3245203736485888,"<wave a=0.5 f=0.5>Ты всегда чувствовал, будто бежишь от чего-то.</wave> Ты никогда не знал, что это и почему оно преследует тебя. Ты оглядываешься, и кажется, что рядом нет никого, кто мог бы помочь.

Окружённый заброшенными зданиями, ты можешь пойти куда угодно. Когда жизнь захлёстывает тебя возможностями, лучше всего

<redden>З А М Е Р Е Т Ь.</redden>

<color=#0000FF><?-- Такому хорошему совету стоит последовать <b>буквально</b> --></color>
<color=#0000FF><?-- <b>ЗАМРИ</b> --></color>
<color=#0000FF><?-- <b>ЗАМРИ</b> --></color>
<color=#0000FF><?-- <b>ЗАМРИ</b> --></color>
<color=#0000FF><?-- <b>ЗАМРИ</b> --></color>
<color=#0000FF><?-- <b>ЗАМРИ</b> --></color>
<color=#0000FF><?-- <b>ЗАМРИ</b> --></color>
<color=#0000FF><?-- <b>ЗАМРИ</b> --></color>
<color=#0000FF><?-- <b>ЗАМРИ</b> --></color>
<color=#0000FF><?-- <b>ЗАМРИ</b> --></color>
<color=#0000FF><?-- <b>ЗАМРИ</b> --></color>
<color=#0000FF><?-- <b>ЗАМРИ</b> --></color>
<color=#0000FF><?-- <b>ЗАМРИ</b> --></color>
<color=#0000FF><?-- <b>ЗАМРИ</b> --></color>
<color=#0000FF><?-- <b>ЗАМРИ</b> --></color>
<color=#0000FF><?-- <b>ЗАМРИ</b> --></color>
<color=#0000FF><?-- <b>ЗАМРИ</b> --></color>
<color=#0000FF><?-- <b>ЗАМРИ</b> --></color>"
stp_contents,MAX_PhotoLab_stp_darkRoom,80792879830654976,"На папке написаны слова «МАТЕРИАЛЫ ДЕЛА». Помимо протоколов допросов, выделяется одна рукописная записка.

<wave a=0.5 f=0.5>«Все три моих свидетеля видели, как всё произошло. Каждый из них давал показания, глядя на пятерых подозреваемых, выстроенных так, как показано на доске. Все они ссылались на то, как те выглядели в момент преступления, но трудно понять, что именно они говорят про какого подозреваемого. Точно я знаю лишь одно: все они говорят правду.

Я составил таблицу, чтобы определить <u>рубашку</u>, <u>галстук</u> и <u>аксессуар</u> каждого подозреваемого на месте преступления. Как только я <incr>воссоздам внешность убийцы на манекене из магазина, одной фотографии должно хватить</incr>, чтобы доказать свою правоту полиции!»</wave>"
stp_contents,MAX_PhotoLab_stp_witness1,42798581931827200,"Показания свидетеля №1:

Подозреваемый в <b><color=#0000FF>синей рубашке</color></b> стоит рядом с подозреваемым в <b><color=#0000FF>синем галстуке</color></b>.
Подозреваемый в <b>шляпе</b> находится между подозреваемым в <b><color=#008600>зелёной рубашке</color></b> и подозреваемым, у которого был <b>парик</b>.
Подозреваемый в <b><color=#FF7F00>оранжевом галстуке</color></b> стоит рядом с тем, кого он ударил.
Я не узнаю подозреваемого <b>№4</b>, возможно, он был одним из тех, кто лежал на полу."
stp_contents,MAX_PhotoLab_stp_witness1_Revealed,44578124153741312,"Я видел, как подозреваемый в <b><color=#FF7F00>оранжевой рубашке</color></b> избавлялся от ножа."
stp_contents,MAX_PhotoLab_stp_witness2,42798581940215808,"Показания свидетеля №2:

Подозреваемый в <b><color=#FF0000>красной рубашке</color></b> ударил подозреваемого в <b><color=#4B0082>фиолетовом галстуке</color></b>, и тот уронил то, что было у него на голове.
Потом <b>охранник</b> встал между ними, чтобы их разнять.
Мне стало страшно, и я убежал..."
stp_contents,MAX_PhotoLab_stp_witness2_Revealed,44578124153741313,"До того, как его ударили, я видел, как подозреваемый в <b><color=#4B0082>фиолетовом галстуке</color></b> забрал нож у убийцы и бросил его в мусорку рядом с подозреваемым в <b><color=#FF0000>красной рубашке</color></b>"
stp_contents,MAX_PhotoLab_stp_witness3,42798581940215809,"Показания свидетеля №3:

Жертва истекала кровью повсюду, кровь попала даже на лицо подозреваемого в <b><color=#0000FF>синем галстуке</color></b>.
Я заметил, что подозреваемый в <b><color=#4B0082>фиолетовой рубашке</color></b> кричал подозреваемому в <b><color=#008600>зелёной рубашке</color></b>, чтобы тот держался подальше от убийцы, но он вряд ли мог его услышать.
Люди бросились бежать, я споткнулся и упал на пол и больше их не видел."
stp_contents,MAX_PhotoLab_stp_witness3_Revealed,44578124153741314,"Подозреваемый в <b><color=#008600>зелёном галстуке</color></b> тоже был на полу — искал свои <b>очки</b>, а нашёл <b>парик</b>"
stp_contents,Mall_TheEnd,40547678826782725,"<wave a=0.3>Ты всегда знал, что бежишь от чего-то.</wave> Всегда отрицал мучившую тебя боль и то, что она у тебя отняла. <shake a=0.3>Тебе больше не нужно оглядываться по сторонам. Ты уверен, что рядом нет никого, кто мог бы помочь.</shake>

Сколько бы зданий тебя ни окружало, на земле нет места, которое послужило бы тебе укрытием. Но это ничего, ведь тебе больше не нужны ни вещи, ни люди. Истинная сила исходит изнутри.

Когда жизнь захлёстывает тебя возможностями, твоя решимость приведёт тебя к верному решению. Один, но <redden>храбрый</redden> до самого конца.

<glow>Конец.</glow>"
stp_contents,Movie_Stand_Contents,3245203736485889,"Забавный факт о кино: знаменитый кинорежиссёр Linkearlier вдохновил весь мир своей «After Trilogy», в народе известной как его <wave a=0.5>«Fruit Trilogy»</wave>. 

Необычные названия этих трёх фильмов поначалу сбивали зрителей с толку. Ни один другой его фильм не следует формату «<incr>фрукт + сезон</incr>». На вопрос об этом гениальный режиссёр ответил:

<wave a=0.5 f=0.5>«Наверное, я просто очень люблю фрукты круглый год».</wave>

Увидим ли мы когда-нибудь фильм под названием <glow>BananaAutumn</glow>? Кто знает, что этот гений придумает в следующий раз!"
stp_contents,PetStore_broken_aquarium,10503295477997568,"Ты стоишь перед разбитым аквариумом. Его острые осколки стекла испачканы кровью. Это явно не похоже на случайность, и <shake a=0.3>ты невольно задаёшься вопросом, кто пострадал от этой жестокости.</shake>

Любовались ли они разноцветными рыбками, прежде чем их прижали к стеклу? Ты изо всех сил стараешься <shake a=0.3>не думать о возможной борьбе на месте этого убийства</shake> и представляешь, каким мирным был когда-то этот <incr>аквариум.</incr>

<color=#0000FF><?-- На дне аквариума лежит мёртвая засохшая рыбка. Её <b>полоски</b> всё ещё хорошо видны. --></color>

В конце концов, лучший способ представить себе такое — это <swing a=0.5>сменить обстановку</swing>, и, самое главное, <redden>ЗАМРИ</redden>.

<color=#0000FF><?-- Похоже на совет, которому ты уже следовал раньше --></color>"
stp_contents,PhotoLab_UncomfortableTruths,40547678826782723,"Сдерживать порыв убежать невероятно тяжело. Вместе с одиноким манекеном испачканные кровью файлы на этом столе рисуют тревожную картину. Из всех заброшенных магазинов <shake a=0.3>именно эта фотолаборатория пугает тебя больше всего.</shake>

Во всех файлах упоминается папка под названием “Дело”. К одной из страниц прикреплена записка со следующим текстом:

<wave a=0.5 f=0.5>“Я значительно продвинулась в разгадке этой тайны. К сожалению, я потеряла самую важную улику, пытаясь проявить свою фотоплёнку. Чтобы добиться прорыва, который мне нужен, я должна найти способ открыть тёмную комнату. Правда, открыть её мог только <incr>управляющий магазином</incr>.”</wave>

<color=#0000FF><?-- Одежда управляющего похожа на костюмный реквизит манекена --></color>"
stp_contents,StoryTeller_Example,84775819803615232,"Здесь нет никакой истории, иди решай головоломки!"
stp_contents,StoryTeller_Example_2,84775819803615233,"<color=#0000FF><?-- Ах ты хитрюга. Я же говорил, тут ничего нет!--></color>"
stp_contents,TimeMaze_Timeless_Despair_Contents,7243688718622720,"Состояние здания, которое ты исследуешь, напоминает тебе фразу <wave a=0.5 f=0.5>«Войти в логово льва».</wave>

Даже если ты находишь заброшенные помещения и пятна крови, <shake a=0.3>всё это лучше, чем то место, откуда ты пришёл.</shake>

<color=#0000FF><?-- На стене кровью изображены <b>песочные часы</b> --></color>

Та же самая кровь, что тебя тревожит, похоже, описывает какую-то подсказку к этому лабиринту. Любая помощь пригодится, когда у тебя нет <redden>компаса.</redden>

<color=#0000FF><?-- В этом лабиринте направление и время работают загадочным образом --></color>"
stp_contents,UnderConstruction_FacingEvidence,40547678826782722,"Чтобы начать действовать, нужно взглянуть правде в глаза. Это помещение торгового центра выглядит так, будто здесь всё ещё идёт стройка, но очевидно, что его давно забросили. Чем бы это место ни должно было стать, теперь оно почти полностью опустело. От него остались лишь стол и дверь. <swing a=0.5>Ты чувствуешь, что за порогом тебя ждут ещё комнаты.</swing>

<color=#0000FF><?-- На двери, там, где был портрет, остались следы клея --></color>

Забавно, но эту дверь не открыть ни ключом, ни кодом, ни грубой силой. Быть честным(ой) с самим(ой) собой, <incr>со своими собственными чувствами</incr>. Вот путь вперёд."
stp_contents,VendingMachine_FollowingTrails,40547678826782721,"Чтобы всё понять, нужно идти по следам. Твоя решимость почти на пределе, когда ты добираешься до дна <redden>мусорного бака, полного жутких находок</redden>. Твои поиски вознаграждены едва читаемой, испачканной кровью запиской. Это... <incr>инструкции по пополнению запасов</incr>?

<color=#0000FF><?-- 
В записке говорится:

ВНИМАНИЕ, СОТРУДНИК.
ПОЖАЛУЙСТА, ПОПОЛНИ ЗАПАСЫ СЛЕДУЮЩИХ СНЕКОВ:
PIZZAZERS - <u>B4</u>
CHERRYBOOMS - <u>I7</u>
PUFFINS - <u>G3</u>
LIL’GOOSE - <u>C8</u>
NAPOLEONS - <u>J5</u>

Но этих координат нигде нет на торговом автомате! Где же они могут быть?
--></color>

В торговом автомате рядом лежит <swing a=0.5>моментальная фотография</swing>, готовая к продаже. Ты пытаешься достать её, тряся автомат, но, похоже, единственный способ её получить — честно купить. Однако это кажется невозможным, ведь его <incr>цена</incr> и <incr>координаты</incr> стёрты. 

На наклейке на автомате написано: <wave a=0.5 f=0.5>“Принимаются только монеты. Только ТОЧНАЯ сумма.”</wave>"
